  0
SECTION
  2
HEADER
  9
$ACADVER
  1
AC1032
  9
$ACADMAINTVER
 90
4
  9
$DWGCODEPAGE
  3
ANSI_1252
  9
$LASTSAVEDBY
  1
ezdxf
  9
$REQUIREDVERSIONS
160
0
  9
$INSBASE
 10
0.0
 20
0.0
 30
0.0
  9
$EXTMIN
 10
1e+20
 20
1e+20
 30
1e+20
  9
$EXTMAX
 10
-1e+20
 20
-1e+20
 30
-1e+20
  9
$LIMMIN
 10
0.0
 20
0.0
  9
$LIMMAX
 10
420.0
 20
297.0
  9
$ORTHOMODE
 70
0
  9
$REGENMODE
 70
1
  9
$FILLMODE
 70
1
  9
$QTEXTMODE
 70
0
  9
$MIRRTEXT
 70
1
  9
$LTSCALE
 40
1.0
  9
$ATTMODE
 70
1
  9
$TEXTSIZE
 40
2.5
  9
$TRACEWID
 40
1.0
  9
$TEXTSTYLE
  7
Standard
  9
$CLAYER
  8
0
  9
$CELTYPE
  6
ByLayer
  9
$CECOLOR
 62
256
  9
$CELTSCALE
 40
1.0
  9
$DISPSILH
 70
0
  9
$DIMSCALE
 40
1.0
  9
$DIMASZ
 40
2.5
  9
$DIMEXO
 40
0.625
  9
$DIMDLI
 40
3.75
  9
$DIMRND
 40
0.0
  9
$DIMDLE
 40
0.0
  9
$DIMEXE
 40
1.25
  9
$DIMTP
 40
0.0
  9
$DIMTM
 40
0.0
  9
$DIMTXT
 40
2.5
  9
$DIMCEN
 40
2.5
  9
$DIMTSZ
 40
0.0
  9
$DIMTOL
 70
0
  9
$DIMLIM
 70
0
  9
$DIMTIH
 70
0
  9
$DIMTOH
 70
0
  9
$DIMSE1
 70
0
  9
$DIMSE2
 70
0
  9
$DIMTAD
 70
1
  9
$DIMZIN
 70
8
  9
$DIMBLK
  1

  9
$DIMASO
 70
1
  9
$DIMSHO
 70
1
  9
$DIMPOST
  1

  9
$DIMAPOST
  1

  9
$DIMALT
 70
0
  9
$DIMALTD
 70
3
  9
$DIMALTF
 40
0.03937007874
  9
$DIMLFAC
 40
1.0
  9
$DIMTOFL
 70
1
  9
$DIMTVP
 40
0.0
  9
$DIMTIX
 70
0
  9
$DIMSOXD
 70
0
  9
$DIMSAH
 70
0
  9
$DIMBLK1
  1

  9
$DIMBLK2
  1

  9
$DIMSTYLE
  2
ISO-25
  9
$DIMCLRD
 70
0
  9
$DIMCLRE
 70
0
  9
$DIMCLRT
 70
0
  9
$DIMTFAC
 40
1.0
  9
$DIMGAP
 40
0.625
  9
$DIMJUST
 70
0
  9
$DIMSD1
 70
0
  9
$DIMSD2
 70
0
  9
$DIMTOLJ
 70
0
  9
$DIMTZIN
 70
8
  9
$DIMALTZ
 70
0
  9
$DIMALTTZ
 70
0
  9
$DIMUPT
 70
0
  9
$DIMDEC
 70
2
  9
$DIMTDEC
 70
2
  9
$DIMALTU
 70
2
  9
$DIMALTTD
 70
3
  9
$DIMTXSTY
  7
Standard
  9
$DIMAUNIT
 70
0
  9
$DIMADEC
 70
0
  9
$DIMALTRND
 40
0.0
  9
$DIMAZIN
 70
0
  9
$DIMDSEP
 70
44
  9
$DIMATFIT
 70
3
  9
$DIMFRAC
 70
0
  9
$DIMLDRBLK
  1

  9
$DIMLUNIT
 70
2
  9
$DIMLWD
 70
-2
  9
$DIMLWE
 70
-2
  9
$DIMTMOVE
 70
0
  9
$DIMFXL
 40
1.0
  9
$DIMFXLON
 70
0
  9
$DIMJOGANG
 40
0.785398163397
  9
$DIMTFILL
 70
0
  9
$DIMTFILLCLR
 70
0
  9
$DIMARCSYM
 70
0
  9
$DIMLTYPE
  6

  9
$DIMLTEX1
  6

  9
$DIMLTEX2
  6

  9
$DIMTXTDIRECTION
 70
0
  9
$LUNITS
 70
2
  9
$LUPREC
 70
4
  9
$SKETCHINC
 40
1.0
  9
$FILLETRAD
 40
10.0
  9
$AUNITS
 70
0
  9
$AUPREC
 70
2
  9
$MENU
  1
.
  9
$ELEVATION
 40
0.0
  9
$PELEVATION
 40
0.0
  9
$THICKNESS
 40
0.0
  9
$LIMCHECK
 70
0
  9
$CHAMFERA
 40
0.0
  9
$CHAMFERB
 40
0.0
  9
$CHAMFERC
 40
0.0
  9
$CHAMFERD
 40
0.0
  9
$SKPOLY
 70
0
  9
$TDCREATE
 40
2461250.480983796
  9
$TDUCREATE
 40
2458532.153996898
  9
$TDUPDATE
 40
2461250.480983796
  9
$TDUUPDATE
 40
2458532.1544311
  9
$TDINDWG
 40
0.0
  9
$TDUSRTIMER
 40
0.0
  9
$USRTIMER
 70
1
  9
$ANGBASE
 50
0.0
  9
$ANGDIR
 70
0
  9
$PDMODE
 70
0
  9
$PDSIZE
 40
0.0
  9
$PLINEWID
 40
0.0
  9
$SPLFRAME
 70
0
  9
$SPLINETYPE
 70
6
  9
$SPLINESEGS
 70
8
  9
$HANDSEED
  5
700
  9
$SURFTAB1
 70
6
  9
$SURFTAB2
 70
6
  9
$SURFTYPE
 70
6
  9
$SURFU
 70
6
  9
$SURFV
 70
6
  9
$UCSBASE
  2

  9
$UCSNAME
  2

  9
$UCSORG
 10
0.0
 20
0.0
 30
0.0
  9
$UCSXDIR
 10
1.0
 20
0.0
 30
0.0
  9
$UCSYDIR
 10
0.0
 20
1.0
 30
0.0
  9
$UCSORTHOREF
  2

  9
$UCSORTHOVIEW
 70
0
  9
$UCSORGTOP
 10
0.0
 20
0.0
 30
0.0
  9
$UCSORGBOTTOM
 10
0.0
 20
0.0
 30
0.0
  9
$UCSORGLEFT
 10
0.0
 20
0.0
 30
0.0
  9
$UCSORGRIGHT
 10
0.0
 20
0.0
 30
0.0
  9
$UCSORGFRONT
 10
0.0
 20
0.0
 30
0.0
  9
$UCSORGBACK
 10
0.0
 20
0.0
 30
0.0
  9
$PUCSBASE
  2

  9
$PUCSNAME
  2

  9
$PUCSORG
 10
0.0
 20
0.0
 30
0.0
  9
$PUCSXDIR
 10
1.0
 20
0.0
 30
0.0
  9
$PUCSYDIR
 10
0.0
 20
1.0
 30
0.0
  9
$PUCSORTHOREF
  2

  9
$PUCSORTHOVIEW
 70
0
  9
$PUCSORGTOP
 10
0.0
 20
0.0
 30
0.0
  9
$PUCSORGBOTTOM
 10
0.0
 20
0.0
 30
0.0
  9
$PUCSORGLEFT
 10
0.0
 20
0.0
 30
0.0
  9
$PUCSORGRIGHT
 10
0.0
 20
0.0
 30
0.0
  9
$PUCSORGFRONT
 10
0.0
 20
0.0
 30
0.0
  9
$PUCSORGBACK
 10
0.0
 20
0.0
 30
0.0
  9
$USERI1
 70
0
  9
$USERI2
 70
0
  9
$USERI3
 70
0
  9
$USERI4
 70
0
  9
$USERI5
 70
0
  9
$USERR1
 40
0.0
  9
$USERR2
 40
0.0
  9
$USERR3
 40
0.0
  9
$USERR4
 40
0.0
  9
$USERR5
 40
0.0
  9
$WORLDVIEW
 70
1
  9
$SHADEDGE
 70
3
  9
$SHADEDIF
 70
70
  9
$TILEMODE
 70
1
  9
$MAXACTVP
 70
64
  9
$PINSBASE
 10
0.0
 20
0.0
 30
0.0
  9
$PLIMCHECK
 70
0
  9
$PEXTMIN
 10
1e+20
 20
1e+20
 30
1e+20
  9
$PEXTMAX
 10
-1e+20
 20
-1e+20
 30
-1e+20
  9
$PLIMMIN
 10
0.0
 20
0.0
  9
$PLIMMAX
 10
420.0
 20
297.0
  9
$UNITMODE
 70
0
  9
$VISRETAIN
 70
1
  9
$PLINEGEN
 70
0
  9
$PSLTSCALE
 70
1
  9
$TREEDEPTH
 70
3020
  9
$CMLSTYLE
  2
Standard
  9
$CMLJUST
 70
0
  9
$CMLSCALE
 40
20.0
  9
$PROXYGRAPHICS
 70
1
  9
$MEASUREMENT
 70
1
  9
$CELWEIGHT
370
-1
  9
$ENDCAPS
280
0
  9
$JOINSTYLE
280
0
  9
$LWDISPLAY
290
0
  9
$INSUNITS
 70
4
  9
$HYPERLINKBASE
  1

  9
$STYLESHEET
  1

  9
$XEDIT
290
1
  9
$CEPSNTYPE
380
0
  9
$PSTYLEMODE
290
1
  9
$FINGERPRINTGUID
  2
{EAC3329D-8DF2-49B2-9D82-919A9EBA9174}
  9
$VERSIONGUID
  2
{F6ADD076-A172-4CED-84D3-B2463FEA77EB}
  9
$EXTNAMES
290
1
  9
$PSVPSCALE
 40
0.0
  9
$OLESTARTUP
290
0
  9
$SORTENTS
280
127
  9
$INDEXCTL
280
0
  9
$HIDETEXT
280
1
  9
$XCLIPFRAME
280
1
  9
$HALOGAP
280
0
  9
$OBSCOLOR
 70
257
  9
$OBSLTYPE
280
0
  9
$INTERSECTIONDISPLAY
280
0
  9
$INTERSECTIONCOLOR
 70
257
  9
$DIMASSOC
280
2
  9
$PROJECTNAME
  1

  9
$CAMERADISPLAY
290
0
  9
$LENSLENGTH
 40
50.0
  9
$CAMERAHEIGHT
 40
0.0
  9
$STEPSPERSEC
 40
24.0
  9
$STEPSIZE
 40
100.0
  9
$3DDWFPREC
 40
2.0
  9
$PSOLWIDTH
 40
0.005
  9
$PSOLHEIGHT
 40
0.08
  9
$LOFTANG1
 40
1.570796326795
  9
$LOFTANG2
 40
1.570796326795
  9
$LOFTMAG1
 40
0.0
  9
$LOFTMAG2
 40
0.0
  9
$LOFTPARAM
 70
7
  9
$LOFTNORMALS
280
1
  9
$LATITUDE
 40
37.795
  9
$LONGITUDE
 40
-122.394
  9
$NORTHDIRECTION
 40
0.0
  9
$TIMEZONE
 70
-8000
  9
$LIGHTGLYPHDISPLAY
280
1
  9
$TILEMODELIGHTSYNCH
280
1
  9
$CMATERIAL
347
20
  9
$SOLIDHIST
280
0
  9
$SHOWHIST
280
1
  9
$DWFFRAME
280
2
  9
$DGNFRAME
280
2
  9
$REALWORLDSCALE
290
1
  9
$INTERFERECOLOR
 62
256
  9
$CSHADOW
280
0
  9
$SHADOWPLANELOCATION
 40
0.0
  0
ENDSEC
  0
SECTION
  2
CLASSES
  0
CLASS
  1
ACDBDICTIONARYWDFLT
  2
AcDbDictionaryWithDefault
  3
ObjectDBX Classes
 90
0
 91
0
280
0
281
0
  0
CLASS
  1
SUN
  2
AcDbSun
  3
SCENEOE
 90
1153
 91
0
280
0
281
0
  0
CLASS
  1
VISUALSTYLE
  2
AcDbVisualStyle
  3
ObjectDBX Classes
 90
4095
 91
0
280
0
281
0
  0
CLASS
  1
MATERIAL
  2
AcDbMaterial
  3
ObjectDBX Classes
 90
1153
 91
0
280
0
281
0
  0
CLASS
  1
SCALE
  2
AcDbScale
  3
ObjectDBX Classes
 90
1153
 91
0
280
0
281
0
  0
CLASS
  1
TABLESTYLE
  2
AcDbTableStyle
  3
ObjectDBX Classes
 90
4095
 91
0
280
0
281
0
  0
CLASS
  1
MLEADERSTYLE
  2
AcDbMLeaderStyle
  3
ACDB_MLEADERSTYLE_CLASS
 90
4095
 91
0
280
0
281
0
  0
CLASS
  1
DICTIONARYVAR
  2
AcDbDictionaryVar
  3
ObjectDBX Classes
 90
0
 91
0
280
0
281
0
  0
CLASS
  1
CELLSTYLEMAP
  2
AcDbCellStyleMap
  3
ObjectDBX Classes
 90
1152
 91
0
280
0
281
0
  0
CLASS
  1
MENTALRAYRENDERSETTINGS
  2
AcDbMentalRayRenderSettings
  3
SCENEOE
 90
1024
 91
0
280
0
281
0
  0
CLASS
  1
ACDBDETAILVIEWSTYLE
  2
AcDbDetailViewStyle
  3
ObjectDBX Classes
 90
1025
 91
0
280
0
281
0
  0
CLASS
  1
ACDBSECTIONVIEWSTYLE
  2
AcDbSectionViewStyle
  3
ObjectDBX Classes
 90
1025
 91
0
280
0
281
0
  0
CLASS
  1
RASTERVARIABLES
  2
AcDbRasterVariables
  3
ISM
 90
0
 91
0
280
0
281
0
  0
CLASS
  1
LAYOUT
  2
AcDbLayout
  3
ObjectDBX Classes
 90
0
 91
0
280
0
281
0
  0
CLASS
  1
ACDBPLACEHOLDER
  2
AcDbPlaceHolder
  3
ObjectDBX Classes
 90
0
 91
0
280
0
281
0
  0
ENDSEC
  0
SECTION
  2
TABLES
  0
TABLE
  2
VPORT
  5
8
330
0
100
AcDbSymbolTable
 70
1
  0
VPORT
  5
23
330
8
100
AcDbSymbolTableRecord
100
AcDbViewportTableRecord
  2
*Active
 70
0
 10
0.0
 20
0.0
 11
1.0
 21
1.0
 12
0.0
 22
0.0
 13
0.0
 23
0.0
 14
0.5
 24
0.5
 15
0.5
 25
0.5
 16
0.0
 26
0.0
 36
1.0
 17
0.0
 27
0.0
 37
0.0
 40
1000.0
 41
1.34
 42
50.0
 43
0.0
 44
0.0
 50
0.0
 51
0.0
 71
0
 72
1000
 73
1
 74
3
 75
0
 76
0
 77
0
 78
0
281
0
 65
0
146
0.0
  0
ENDTAB
  0
TABLE
  2
LTYPE
  5
2
330
0
100
AcDbSymbolTable
 70
3
  0
LTYPE
  5
24
330
2
100
AcDbSymbolTableRecord
100
AcDbLinetypeTableRecord
  2
ByBlock
 70
0
  3

 72
65
 73
0
 40
0.0
  0
LTYPE
  5
25
330
2
100
AcDbSymbolTableRecord
100
AcDbLinetypeTableRecord
  2
ByLayer
 70
0
  3

 72
65
 73
0
 40
0.0
  0
LTYPE
  5
26
330
2
100
AcDbSymbolTableRecord
100
AcDbLinetypeTableRecord
  2
Continuous
 70
0
  3

 72
65
 73
0
 40
0.0
  0
ENDTAB
  0
TABLE
  2
LAYER
  5
1
330
0
100
AcDbSymbolTable
 70
10
  0
LAYER
  5
27
330
1
100
AcDbSymbolTableRecord
100
AcDbLayerTableRecord
  2
0
 70
0
 62
7
  6
Continuous
370
-3
390
13
347
21
  0
LAYER
  5
28
330
1
100
AcDbSymbolTableRecord
100
AcDbLayerTableRecord
  2
Defpoints
 70
0
 62
7
  6
Continuous
290
0
370
-3
390
13
347
21
  0
LAYER
  5
2F
330
1
100
AcDbSymbolTableRecord
100
AcDbLayerTableRecord
  2
BORDER
 70
0
 62
7
  6
CONTINUOUS
370
-3
390
13
347
21
  0
LAYER
  5
30
330
1
100
AcDbSymbolTableRecord
100
AcDbLayerTableRecord
  2
TITLE_BLOCK
 70
0
 62
7
  6
CONTINUOUS
370
-3
390
13
347
21
  0
LAYER
  5
31
330
1
100
AcDbSymbolTableRecord
100
AcDbLayerTableRecord
  2
OBJECT
 70
0
 62
7
  6
CONTINUOUS
370
-3
390
13
347
21
  0
LAYER
  5
32
330
1
100
AcDbSymbolTableRecord
100
AcDbLayerTableRecord
  2
DIMENSIONS
 70
0
 62
2
  6
CONTINUOUS
370
-3
390
13
347
21
  0
LAYER
  5
33
330
1
100
AcDbSymbolTableRecord
100
AcDbLayerTableRecord
  2
CENTERLINES
 70
0
 62
4
  6
CENTER
370
-3
390
13
347
21
  0
LAYER
  5
34
330
1
100
AcDbSymbolTableRecord
100
AcDbLayerTableRecord
  2
HIDDEN
 70
0
 62
8
  6
HIDDEN
370
-3
390
13
347
21
  0
LAYER
  5
35
330
1
100
AcDbSymbolTableRecord
100
AcDbLayerTableRecord
  2
TEXT
 70
0
 62
7
  6
CONTINUOUS
370
-3
390
13
347
21
  0
LAYER
  5
36
330
1
100
AcDbSymbolTableRecord
100
AcDbLayerTableRecord
  2
RASTER_TRACE
 70
0
 62
7
  6
CONTINUOUS
370
-3
390
13
347
21
  0
ENDTAB
  0
TABLE
  2
STYLE
  5
5
330
0
100
AcDbSymbolTable
 70
1
  0
STYLE
  5
29
330
5
100
AcDbSymbolTableRecord
100
AcDbTextStyleTableRecord
  2
Standard
 70
0
 40
0.0
 41
1.0
 50
0.0
 71
0
 42
2.5
  3
txt
  4

  0
ENDTAB
  0
TABLE
  2
VIEW
  5
7
330
0
100
AcDbSymbolTable
 70
0
  0
ENDTAB
  0
TABLE
  2
UCS
  5
6
330
0
100
AcDbSymbolTable
 70
0
  0
ENDTAB
  0
TABLE
  2
APPID
  5
3
330
0
100
AcDbSymbolTable
 70
3
  0
APPID
  5
2A
330
3
100
AcDbSymbolTableRecord
100
AcDbRegAppTableRecord
  2
ACAD
 70
0
  0
APPID
  5
6FD
330
3
100
AcDbSymbolTableRecord
100
AcDbRegAppTableRecord
  2
HATCHBACKGROUNDCOLOR
 70
0
  0
APPID
  5
6FE
330
3
100
AcDbSymbolTableRecord
100
AcDbRegAppTableRecord
  2
EZDXF
 70
0
  0
ENDTAB
  0
TABLE
  2
DIMSTYLE
  5
4
330
0
100
AcDbSymbolTable
 70
1
100
AcDbDimStyleTable
  0
DIMSTYLE
105
2B
330
4
100
AcDbSymbolTableRecord
100
AcDbDimStyleTableRecord
  2
Standard
 70
0
 40
1.0
 41
2.5
 42
0.625
 43
3.75
 44
1.25
 45
0.0
 46
0.0
 47
0.0
 48
0.0
 49
2.5
140
2.5
141
2.5
142
0.0
143
0.03937007874
144
1.0
145
0.0
146
1.0
147
0.625
148
0.0
 69
0
 70
0
 71
0
 72
0
 73
0
 74
0
 75
0
 76
0
 77
1
 78
8
 79
3
170
0
171
3
172
1
173
0
174
0
175
0
176
0
177
0
178
0
179
2
271
2
272
2
273
2
274
3
275
0
276
0
277
2
278
44
279
0
280
0
281
0
282
0
283
0
284
8
285
0
286
0
288
0
289
3
290
0
371
-2
372
-2
  0
ENDTAB
  0
TABLE
  2
BLOCK_RECORD
  5
9
330
0
100
AcDbSymbolTable
 70
6
  0
BLOCK_RECORD
  5
17
330
9
100
AcDbSymbolTableRecord
100
AcDbBlockTableRecord
  2
*Model_Space
340
1A
 70
0
280
1
281
0
  0
BLOCK_RECORD
  5
1B
330
9
100
AcDbSymbolTableRecord
100
AcDbBlockTableRecord
  2
*Paper_Space
340
1E
 70
0
280
1
281
0
  0
BLOCK_RECORD
  5
6CA
330
9
100
AcDbSymbolTableRecord
100
AcDbBlockTableRecord
  2
*D1
340
0
 70
0
280
1
281
0
  0
BLOCK_RECORD
  5
6CF
330
9
100
AcDbSymbolTableRecord
100
AcDbBlockTableRecord
  2
_CLOSEDFILLED
340
0
 70
0
280
1
281
0
  0
BLOCK_RECORD
  5
6DE
330
9
100
AcDbSymbolTableRecord
100
AcDbBlockTableRecord
  2
*D2
340
0
 70
0
280
1
281
0
  0
BLOCK_RECORD
  5
6EE
330
9
100
AcDbSymbolTableRecord
100
AcDbBlockTableRecord
  2
*D3
340
0
 70
0
280
1
281
0
  0
ENDTAB
  0
ENDSEC
  0
SECTION
  2
BLOCKS
  0
BLOCK
  5
18
330
17
100
AcDbEntity
  8
0
100
AcDbBlockBegin
  2
*Model_Space
 70
0
 10
0.0
 20
0.0
 30
0.0
  3
*Model_Space
  1

  0
ENDBLK
  5
19
330
17
100
AcDbEntity
  8
0
100
AcDbBlockEnd
  0
BLOCK
  5
1C
330
1B
100
AcDbEntity
  8
0
100
AcDbBlockBegin
  2
*Paper_Space
 70
0
 10
0.0
 20
0.0
 30
0.0
  3
*Paper_Space
  1

  0
ENDBLK
  5
1D
330
1B
100
AcDbEntity
  8
0
100
AcDbBlockEnd
  0
BLOCK
  5
6CB
330
6CA
100
AcDbEntity
  8
0
100
AcDbBlockBegin
  2
*D1
 70
1
 10
0.0
 20
0.0
 30
0.0
  3
*D1
  1

  0
LINE
  5
6CD
330
6CA
100
AcDbEntity
  8
0
100
AcDbLine
 10
100.01474999999999
 20
182.73149999999998
 30
0.0
 11
100.01474999999999
 21
189.73149999999998
 31
0.0
  0
LINE
  5
6CE
330
6CA
100
AcDbEntity
  8
0
100
AcDbLine
 10
150.95025
 20
182.73149999999998
 30
0.0
 11
150.95025
 21
189.73149999999998
 31
0.0
  0
INSERT
  5
6D3
330
6CA
100
AcDbEntity
  8
DIMENSIONS
100
AcDbBlockReference
  2
_CLOSEDFILLED
 10
100.01474999999999
 20
189.73149999999998
 30
0.0
 41
0.25
 42
0.25
 50
180.0
  0
INSERT
  5
6D5
330
6CA
100
AcDbEntity
  8
DIMENSIONS
100
AcDbBlockReference
  2
_CLOSEDFILLED
 10
150.95025
 20
189.73149999999998
 30
0.0
 41
0.25
 42
0.25
  0
LINE
  5
6D7
330
6CA
100
AcDbEntity
  8
0
100
AcDbLine
 10
100.26474999999999
 20
189.73149999999998
 30
0.0
 11
110.4825
 21
189.73149999999998
 31
0.0
  0
LINE
  5
6D8
330
6CA
100
AcDbEntity
  8
0
100
AcDbLine
 10
140.48250000000002
 20
189.73149999999998
 30
0.0
 11
150.70025
 21
189.73149999999998
 31
0.0
  0
MTEXT
  5
6D9
330
6CA
100
AcDbEntity
  8
DIMENSIONS
100
AcDbMText
 10
125.4825
 20
189.73149999999998
 30
0.0
 40
2.5
 71
5
  1
L 638.191 mm
  0
POINT
  5
6DA
330
6CA
100
AcDbEntity
  8
Defpoints
100
AcDbPoint
 10
100.01474999999999
 20
189.73149999999998
 30
0.0
  0
POINT
  5
6DB
330
6CA
100
AcDbEntity
  8
Defpoints
100
AcDbPoint
 10
100.01474999999999
 20
182.73149999999998
 30
0.0
  0
POINT
  5
6DC
330
6CA
100
AcDbEntity
  8
Defpoints
100
AcDbPoint
 10
150.95025
 20
182.73149999999998
 30
0.0
  0
ENDBLK
  5
6CC
330
6CA
100
AcDbEntity
  8
0
100
AcDbBlockEnd
  0
BLOCK
  5
6D0
330
6CF
100
AcDbEntity
  8
0
100
AcDbBlockBegin
  2
_CLOSEDFILLED
 70
0
 10
0.0
 20
0.0
 30
0.0
  3
_CLOSEDFILLED
  1

  0
SOLID
  5
6D2
330
6CF
100
AcDbEntity
  8
0
  6
BYBLOCK
 62
0
100
AcDbTrace
 10
-1.0
 20
0.16439898372402537
 30
0.0
 11
0.0
 21
0.0
 31
0.0
 12
-1.0
 22
-0.16439898372402537
 32
0.0
 13
-1.0
 23
-0.16439898372402537
 33
0.0
  0
ENDBLK
  5
6D1
330
6CF
100
AcDbEntity
  8
0
100
AcDbBlockEnd
  0
BLOCK
  5
6DF
330
6DE
100
AcDbEntity
  8
0
100
AcDbBlockBegin
  2
*D2
 70
1
 10
0.0
 20
0.0
 30
0.0
  3
*D2
  1

  0
LINE
  5
6E1
330
6DE
100
AcDbEntity
  8
0
100
AcDbLine
 10
27.24975
 20
138.0435
 30
0.0
 11
20.24975
 21
138.0435
 31
0.0
  0
LINE
  5
6E2
330
6DE
100
AcDbEntity
  8
0
100
AcDbLine
 10
27.24975
 20
182.73149999999998
 30
0.0
 11
20.24975
 21
182.73149999999998
 31
0.0
  0
INSERT
  5
6E3
330
6DE
100
AcDbEntity
  8
DIMENSIONS
100
AcDbBlockReference
  2
_CLOSEDFILLED
 10
20.24975
 20
138.0435
 30
0.0
 41
0.25
 42
0.25
 50
270.0
  0
INSERT
  5
6E5
330
6DE
100
AcDbEntity
  8
DIMENSIONS
100
AcDbBlockReference
  2
_CLOSEDFILLED
 10
20.24975
 20
182.73149999999998
 30
0.0
 41
0.25
 42
0.25
 50
90.0
  0
LINE
  5
6E7
330
6DE
100
AcDbEntity
  8
0
100
AcDbLine
 10
20.24975
 20
138.2935
 30
0.0
 11
20.24975
 21
145.3875
 31
0.0
  0
LINE
  5
6E8
330
6DE
100
AcDbEntity
  8
0
100
AcDbLine
 10
20.24975
 20
175.3875
 30
0.0
 11
20.24975
 21
182.48149999999998
 31
0.0
  0
MTEXT
  5
6E9
330
6DE
100
AcDbEntity
  8
DIMENSIONS
100
AcDbMText
 10
20.24975
 20
160.3875
 30
0.0
 40
2.5
 71
5
  1
W 177.646 mm
 50
90.0
  0
POINT
  5
6EA
330
6DE
100
AcDbEntity
  8
Defpoints
100
AcDbPoint
 10
20.24975
 20
138.0435
 30
0.0
  0
POINT
  5
6EB
330
6DE
100
AcDbEntity
  8
Defpoints
100
AcDbPoint
 10
27.24975
 20
138.0435
 30
0.0
  0
POINT
  5
6EC
330
6DE
100
AcDbEntity
  8
Defpoints
100
AcDbPoint
 10
27.24975
 20
182.73149999999998
 30
0.0
  0
ENDBLK
  5
6E0
330
6DE
100
AcDbEntity
  8
0
100
AcDbBlockEnd
  0
BLOCK
  5
6EF
330
6EE
100
AcDbEntity
  8
0
100
AcDbBlockBegin
  2
*D3
 70
1
 10
0.0
 20
0.0
 30
0.0
  3
*D3
  1

  0
LINE
  5
6F1
330
6EE
100
AcDbEntity
  8
0
100
AcDbLine
 10
150.95025
 20
68.2185
 30
0.0
 11
157.95025
 21
68.2185
 31
0.0
  0
LINE
  5
6F2
330
6EE
100
AcDbEntity
  8
0
100
AcDbLine
 10
150.95025
 20
112.9065
 30
0.0
 11
157.95025
 21
112.9065
 31
0.0
  0
INSERT
  5
6F3
330
6EE
100
AcDbEntity
  8
DIMENSIONS
100
AcDbBlockReference
  2
_CLOSEDFILLED
 10
157.95025
 20
68.2185
 30
0.0
 41
0.25
 42
0.25
 50
270.0
  0
INSERT
  5
6F5
330
6EE
100
AcDbEntity
  8
DIMENSIONS
100
AcDbBlockReference
  2
_CLOSEDFILLED
 10
157.95025
 20
112.9065
 30
0.0
 41
0.25
 42
0.25
 50
90.0
  0
LINE
  5
6F7
330
6EE
100
AcDbEntity
  8
0
100
AcDbLine
 10
157.95025
 20
68.4685
 30
0.0
 11
157.95025
 21
83.0625
 31
0.0
  0
LINE
  5
6F8
330
6EE
100
AcDbEntity
  8
0
100
AcDbLine
 10
157.95025
 20
98.0625
 30
0.0
 11
157.95025
 21
112.6565
 31
0.0
  0
MTEXT
  5
6F9
330
6EE
100
AcDbEntity
  8
DIMENSIONS
100
AcDbMText
 10
157.95025
 20
90.5625
 30
0.0
 40
2.5
 71
5
  1
H 6 mm
 50
90.0
  0
POINT
  5
6FA
330
6EE
100
AcDbEntity
  8
Defpoints
100
AcDbPoint
 10
157.95025
 20
68.2185
 30
0.0
  0
POINT
  5
6FB
330
6EE
100
AcDbEntity
  8
Defpoints
100
AcDbPoint
 10
150.95025
 20
68.2185
 30
0.0
  0
POINT
  5
6FC
330
6EE
100
AcDbEntity
  8
Defpoints
100
AcDbPoint
 10
150.95025
 20
112.9065
 30
0.0
  0
ENDBLK
  5
6F0
330
6EE
100
AcDbEntity
  8
0
100
AcDbBlockEnd
  0
ENDSEC
  0
SECTION
  2
ENTITIES
  0
LWPOLYLINE
  5
37
330
17
100
AcDbEntity
  8
BORDER
100
AcDbPolyline
 90
5
 70
0
 10
5.0
 20
5.0
 10
292.0
 20
5.0
 10
292.0
 20
205.0
 10
5.0
 20
205.0
 10
5.0
 20
5.0
  0
LINE
  5
38
330
17
100
AcDbEntity
  8
BORDER
100
AcDbLine
 10
40.875
 20
205.0
 30
0.0
 11
40.875
 21
200.0
 31
0.0
  0
TEXT
  5
39
330
17
100
AcDbEntity
  8
TEXT
100
AcDbText
 10
38.875
 20
206.0
 30
0.0
 40
3.0
  1
1
100
AcDbText
  0
LINE
  5
3A
330
17
100
AcDbEntity
  8
BORDER
100
AcDbLine
 10
76.75
 20
205.0
 30
0.0
 11
76.75
 21
200.0
 31
0.0
  0
TEXT
  5
3B
330
17
100
AcDbEntity
  8
TEXT
100
AcDbText
 10
74.75
 20
206.0
 30
0.0
 40
3.0
  1
2
100
AcDbText
  0
LINE
  5
3C
330
17
100
AcDbEntity
  8
BORDER
100
AcDbLine
 10
112.625
 20
205.0
 30
0.0
 11
112.625
 21
200.0
 31
0.0
  0
TEXT
  5
3D
330
17
100
AcDbEntity
  8
TEXT
100
AcDbText
 10
110.625
 20
206.0
 30
0.0
 40
3.0
  1
3
100
AcDbText
  0
LINE
  5
3E
330
17
100
AcDbEntity
  8
BORDER
100
AcDbLine
 10
148.5
 20
205.0
 30
0.0
 11
148.5
 21
200.0
 31
0.0
  0
TEXT
  5
3F
330
17
100
AcDbEntity
  8
TEXT
100
AcDbText
 10
146.5
 20
206.0
 30
0.0
 40
3.0
  1
4
100
AcDbText
  0
LINE
  5
40
330
17
100
AcDbEntity
  8
BORDER
100
AcDbLine
 10
184.375
 20
205.0
 30
0.0
 11
184.375
 21
200.0
 31
0.0
  0
TEXT
  5
41
330
17
100
AcDbEntity
  8
TEXT
100
AcDbText
 10
182.375
 20
206.0
 30
0.0
 40
3.0
  1
5
100
AcDbText
  0
LINE
  5
42
330
17
100
AcDbEntity
  8
BORDER
100
AcDbLine
 10
220.25
 20
205.0
 30
0.0
 11
220.25
 21
200.0
 31
0.0
  0
TEXT
  5
43
330
17
100
AcDbEntity
  8
TEXT
100
AcDbText
 10
218.25
 20
206.0
 30
0.0
 40
3.0
  1
6
100
AcDbText
  0
LINE
  5
44
330
17
100
AcDbEntity
  8
BORDER
100
AcDbLine
 10
256.125
 20
205.0
 30
0.0
 11
256.125
 21
200.0
 31
0.0
  0
TEXT
  5
45
330
17
100
AcDbEntity
  8
TEXT
100
AcDbText
 10
254.125
 20
206.0
 30
0.0
 40
3.0
  1
7
100
AcDbText
  0
LINE
  5
46
330
17
100
AcDbEntity
  8
BORDER
100
AcDbLine
 10
292.0
 20
205.0
 30
0.0
 11
292.0
 21
200.0
 31
0.0
  0
TEXT
  5
47
330
17
100
AcDbEntity
  8
TEXT
100
AcDbText
 10
290.0
 20
206.0
 30
0.0
 40
3.0
  1
8
100
AcDbText
  0
LINE
  5
48
330
17
100
AcDbEntity
  8
BORDER
100
AcDbLine
 10
5.0
 20
171.66666666666666
 30
0.0
 11
10.0
 21
171.66666666666666
 31
0.0
  0
TEXT
  5
49
330
17
100
AcDbEntity
  8
TEXT
100
AcDbText
 10
1.0
 20
170.66666666666666
 30
0.0
 40
3.0
  1
A
100
AcDbText
  0
LINE
  5
4A
330
17
100
AcDbEntity
  8
BORDER
100
AcDbLine
 10
5.0
 20
138.33333333333331
 30
0.0
 11
10.0
 21
138.33333333333331
 31
0.0
  0
TEXT
  5
4B
330
17
100
AcDbEntity
  8
TEXT
100
AcDbText
 10
1.0
 20
137.33333333333331
 30
0.0
 40
3.0
  1
B
100
AcDbText
  0
LINE
  5
4C
330
17
100
AcDbEntity
  8
BORDER
100
AcDbLine
 10
5.0
 20
105.0
 30
0.0
 11
10.0
 21
105.0
 31
0.0
  0
TEXT
  5
4D
330
17
100
AcDbEntity
  8
TEXT
100
AcDbText
 10
1.0
 20
104.0
 30
0.0
 40
3.0
  1
C
100
AcDbText
  0
LINE
  5
4E
330
17
100
AcDbEntity
  8
BORDER
100
AcDbLine
 10
5.0
 20
71.66666666666666
 30
0.0
 11
10.0
 21
71.66666666666666
 31
0.0
  0
TEXT
  5
4F
330
17
100
AcDbEntity
  8
TEXT
100
AcDbText
 10
1.0
 20
70.66666666666666
 30
0.0
 40
3.0
  1
D
100
AcDbText
  0
LINE
  5
50
330
17
100
AcDbEntity
  8
BORDER
100
AcDbLine
 10
5.0
 20
38.33333333333334
 30
0.0
 11
10.0
 21
38.33333333333334
 31
0.0
  0
TEXT
  5
51
330
17
100
AcDbEntity
  8
TEXT
100
AcDbText
 10
1.0
 20
37.33333333333334
 30
0.0
 40
3.0
  1
E
100
AcDbText
  0
LINE
  5
52
330
17
100
AcDbEntity
  8
BORDER
100
AcDbLine
 10
5.0
 20
5.0
 30
0.0
 11
10.0
 21
5.0
 31
0.0
  0
TEXT
  5
53
330
17
100
AcDbEntity
  8
TEXT
100
AcDbText
 10
1.0
 20
4.0
 30
0.0
 40
3.0
  1
F
100
AcDbText
  0
LWPOLYLINE
  5
54
330
17
100
AcDbEntity
  8
TITLE_BLOCK
100
AcDbPolyline
 90
5
 70
0
 10
108.999
 20
35.07000000000001
 10
178.2
 20
35.07000000000001
 10
178.2
 20
40.94999999999999
 10
108.999
 20
40.94999999999999
 10
108.999
 20
35.07000000000001
  0
LWPOLYLINE
  5
55
330
17
100
AcDbEntity
  8
TITLE_BLOCK
100
AcDbPolyline
 90
5
 70
0
 10
108.999
 20
28.35
 10
178.2
 20
28.35
 10
178.2
 20
33.60000000000001
 10
108.999
 20
33.60000000000001
 10
108.999
 20
28.35
  0
LWPOLYLINE
  5
56
330
17
100
AcDbEntity
  8
TITLE_BLOCK
100
AcDbPolyline
 90
5
 70
0
 10
178.2
 20
28.35
 10
237.60000000000002
 20
28.35
 10
237.60000000000002
 20
33.60000000000001
 10
178.2
 20
33.60000000000001
 10
178.2
 20
28.35
  0
LWPOLYLINE
  5
57
330
17
100
AcDbEntity
  8
TITLE_BLOCK
100
AcDbPolyline
 90
5
 70
0
 10
178.2
 20
35.07000000000001
 10
237.60000000000002
 20
35.07000000000001
 10
237.60000000000002
 20
40.94999999999999
 10
178.2
 20
40.94999999999999
 10
178.2
 20
35.07000000000001
  0
LWPOLYLINE
  5
58
330
17
100
AcDbEntity
  8
TITLE_BLOCK
100
AcDbPolyline
 90
5
 70
0
 10
178.2
 20
20.999999999999996
 10
237.60000000000002
 20
20.999999999999996
 10
237.60000000000002
 20
26.25
 10
178.2
 20
26.25
 10
178.2
 20
20.999999999999996
  0
LWPOLYLINE
  5
59
330
17
100
AcDbEntity
  8
TITLE_BLOCK
100
AcDbPolyline
 90
5
 70
0
 10
273.24
 20
35.07000000000001
 10
289.575
 20
35.07000000000001
 10
289.575
 20
40.94999999999999
 10
273.24
 20
40.94999999999999
 10
273.24
 20
35.07000000000001
  0
LWPOLYLINE
  5
5A
330
17
100
AcDbEntity
  8
TITLE_BLOCK
100
AcDbPolyline
 90
5
 70
0
 10
237.60000000000002
 20
7.9800000000000075
 10
270.27
 20
7.9800000000000075
 10
270.27
 20
13.649999999999988
 10
237.60000000000002
 20
13.649999999999988
 10
237.60000000000002
 20
7.9800000000000075
  0
LWPOLYLINE
  5
5B
330
17
100
AcDbEntity
  8
TITLE_BLOCK
100
AcDbPolyline
 90
5
 70
0
 10
237.60000000000002
 20
35.07000000000001
 10
271.755
 20
35.07000000000001
 10
271.755
 20
40.94999999999999
 10
237.60000000000002
 20
40.94999999999999
 10
237.60000000000002
 20
35.07000000000001
  0
MTEXT
  5
5C
330
17
100
AcDbEntity
  8
TITLE_BLOCK
100
AcDbMText
 10
109.999
 20
36.07000000000001
 30
0.0
 40
2.4695999999999922
 41
67.201
 71
1
  1
46287
  0
MTEXT
  5
5D
330
17
100
AcDbEntity
  8
TITLE_BLOCK
100
AcDbMText
 10
109.999
 20
29.35
 30
0.0
 40
2.2050000000000027
 41
67.201
 71
1
  1
internal / Hex BOLT Fastening  Assembly / 01
  0
MTEXT
  5
5E
330
17
100
AcDbEntity
  8
TITLE_BLOCK
100
AcDbMText
 10
179.2
 20
29.35
 30
0.0
 40
2.2050000000000027
 41
57.400000000000034
 71
1
  1
46287
  0
MTEXT
  5
5F
330
17
100
AcDbEntity
  8
TITLE_BLOCK
100
AcDbMText
 10
179.2
 20
36.07000000000001
 30
0.0
 40
2.4695999999999922
 41
57.400000000000034
 71
1
  1
Carbon Steel
  0
MTEXT
  5
60
330
17
100
AcDbEntity
  8
TITLE_BLOCK
100
AcDbMText
 10
179.2
 20
21.999999999999996
 30
0.0
 40
2.2050000000000014
 41
57.400000000000034
 71
1
  1
638.191 x 177.646 x 6 mm
  0
MTEXT
  5
61
330
17
100
AcDbEntity
  8
TITLE_BLOCK
100
AcDbMText
 10
274.24
 20
36.07000000000001
 30
0.0
 40
2.4695999999999922
 41
14.33499999999998
 71
1
  1
REV 00
  0
MTEXT
  5
62
330
17
100
AcDbEntity
  8
TITLE_BLOCK
100
AcDbMText
 10
238.60000000000002
 20
8.980000000000008
 30
0.0
 40
2.3813999999999917
 41
30.66999999999996
 71
1
  1
2026-07-28
  0
MTEXT
  5
63
330
17
100
AcDbEntity
  8
TITLE_BLOCK
100
AcDbMText
 10
238.60000000000002
 20
36.07000000000001
 30
0.0
 40
2.4695999999999922
 41
32.15499999999997
 71
1
  1
NTS | mm
  0
CIRCLE
  5
64
330
17
100
AcDbEntity
  8
TITLE_BLOCK
100
AcDbCircle
 10
184.14
 20
16.8
 30
0.0
 40
4.0
  0
LWPOLYLINE
  5
65
330
17
100
AcDbEntity
  8
TITLE_BLOCK
100
AcDbPolyline
 90
4
 70
0
 10
192.14
 20
12.8
 10
199.14
 20
16.8
 10
192.14
 20
20.8
 10
192.14
 20
12.8
  0
LWPOLYLINE
  5
66
330
17
100
AcDbEntity
  8
RASTER_TRACE
100
AcDbPolyline
 90
10
 70
1
 10
190.18223876953127
 20
73.885751953125
 10
190.39541748046878
 20
73.885751953125
 10
190.50200683593752
 20
73.77916259765624
 10
190.50200683593752
 20
73.35280517578124
 10
190.60859619140626
 20
73.24621582031249
 10
190.60859619140626
 20
73.13962646484374
 10
190.288828125
 20
72.81985839843749
 10
190.07564941406253
 20
72.81985839843749
 10
189.96906005859378
 20
72.92644775390625
 10
189.96906005859378
 20
73.6725732421875
  0
LWPOLYLINE
  5
67
330
17
100
AcDbEntity
  8
RASTER_TRACE
100
AcDbPolyline
 90
4
 70
1
 10
188.15704101562503
 20
73.99234130859374
 10
188.3702197265625
 20
73.885751953125
 10
188.90316650390628
 20
73.885751953125
 10
188.7965771484375
 20
73.99234130859374
  0
LWPOLYLINE
  5
68
330
17
100
AcDbEntity
  8
RASTER_TRACE
100
AcDbPolyline
 90
5
 70
1
 10
186.87796875
 20
74.0989306640625
 10
187.09114746093752
 20
74.0989306640625
 10
187.19773681640626
 20
73.99234130859374
 10
187.73068359375003
 20
73.99234130859374
 10
187.62409423828126
 20
74.0989306640625
  0
LWPOLYLINE
  5
69
330
17
100
AcDbEntity
  8
RASTER_TRACE
100
AcDbPolyline
 90
5
 70
1
 10
185.59889648437502
 20
74.20552001953124
 10
186.02525390625001
 20
74.20552001953124
 10
186.13184326171876
 20
74.0989306640625
 10
186.451611328125
 20
74.0989306640625
 10
186.34502197265627
 20
74.20552001953124
  0
LWPOLYLINE
  5
6A
330
17
100
AcDbEntity
  8
RASTER_TRACE
100
AcDbPolyline
 90
4
 70
1
 10
184.31982421875003
 20
74.31210937499999
 10
184.85277099609377
 20
74.31210937499999
 10
185.06594970703128
 20
74.20552001953124
 10
185.06594970703128
 20
74.31210937499999
  0
LWPOLYLINE
  5
6B
330
17
100
AcDbEntity
  8
RASTER_TRACE
100
AcDbPolyline
 90
4
 70
1
 10
183.040751953125
 20
74.41869873046873
 10
183.68028808593752
 20
74.41869873046873
 10
183.78687744140626
 20
74.31210937499999
 10
183.78687744140626
 20
74.41869873046873
  0
LWPOLYLINE
  5
6C
330
17
100
AcDbEntity
  8
RASTER_TRACE
100
AcDbPolyline
 90
4
 70
1
 10
181.76167968750002
 20
74.52528808593749
 10
182.40121582031253
 20
74.52528808593749
 10
182.50780517578127
 20
74.41869873046873
 10
182.61439453125
 20
74.52528808593749
  0
LWPOLYLINE
  5
6D
330
17
100
AcDbEntity
  8
RASTER_TRACE
100
AcDbPolyline
 90
4
 70
1
 10
180.58919677734377
 20
74.63187744140623
 10
181.22873291015628
 20
74.63187744140623
 10
181.33532226562502
 20
74.52528808593749
 10
181.33532226562502
 20
74.63187744140623
  0
LWPOLYLINE
  5
6E
330
17
100
AcDbEntity
  8
RASTER_TRACE
100
AcDbPolyline
 90
4
 70
1
 10
179.31012451171878
 20
74.84505615234374
 10
179.31012451171878
 20
74.73846679687499
 10
180.05625
 20
74.73846679687499
 10
179.41671386718753
 20
74.73846679687499
  0
LWPOLYLINE
  5
6F
330
17
100
AcDbEntity
  8
RASTER_TRACE
100
AcDbPolyline
 90
4
 70
1
 10
178.03105224609376
 20
74.95164550781249
 10
178.03105224609376
 20
74.84505615234374
 10
178.88376708984376
 20
74.84505615234374
 10
178.24423095703128
 20
74.84505615234374
  0
LWPOLYLINE
  5
70
330
17
100
AcDbEntity
  8
RASTER_TRACE
100
AcDbPolyline
 90
5
 70
1
 10
176.75197998046878
 20
75.05823486328124
 10
176.75197998046878
 20
74.95164550781249
 10
177.60469482421877
 20
74.95164550781249
 10
177.17833740234377
 20
74.95164550781249
 10
177.07174804687503
 20
75.05823486328124
  0
LWPOLYLINE
  5
71
330
17
100
AcDbEntity
  8
RASTER_TRACE
100
AcDbPolyline
 90
5
 70
1
 10
175.47290771484376
 20
75.16482421874998
 10
175.57949707031253
 20
75.05823486328124
 10
176.32562255859378
 20
75.05823486328124
 10
176.00585449218752
 20
75.05823486328124
 10
175.89926513671878
 20
75.16482421874998
  0
LWPOLYLINE
  5
72
330
17
100
AcDbEntity
  8
RASTER_TRACE
100
AcDbPolyline
 90
5
 70
1
 10
174.19383544921877
 20
75.27141357421874
 10
174.51360351562502
 20
75.27141357421874
 10
174.62019287109376
 20
75.16482421874998
 10
175.04655029296876
 20
75.16482421874998
 10
174.93996093750002
 20
75.27141357421874
  0
LWPOLYLINE
  5
73
330
17
100
AcDbEntity
  8
RASTER_TRACE
100
AcDbPolyline
 90
5
 70
1
 10
172.91476318359378
 20
75.37800292968748
 10
173.34112060546877
 20
75.37800292968748
 10
173.44770996093752
 20
75.27141357421874
 10
173.76747802734377
 20
75.27141357421874
 10
173.66088867187503
 20
75.37800292968748
  0
LWPOLYLINE
  5
74
330
17
100
AcDbEntity
  8
RASTER_TRACE
100
AcDbPolyline
 90
5
 70
1
 10
171.74228027343753
 20
75.48459228515624
 10
172.27522705078127
 20
75.48459228515624
 10
172.38181640625
 20
75.37800292968748
 10
172.59499511718752
 20
75.37800292968748
 10
172.48840576171878
 20
75.48459228515624
  0
LWPOLYLINE
  5
75
330
17
100
AcDbEntity
  8
RASTER_TRACE
100
AcDbPolyline
 90
4
 70
1
 10
170.56979736328128
 20
75.591181640625
 10
171.10274414062502
 20
75.591181640625
 10
171.31592285156253
 20
75.48459228515624
 10
171.31592285156253
 20
75.591181640625
  0
LWPOLYLINE
  5
76
330
17
100
AcDbEntity
  8
RASTER_TRACE
100
AcDbPolyline
 90
6
 70
1
 10
169.29072509765626
 20
75.69777099609374
 10
169.93026123046877
 20
75.69777099609374
 10
170.03685058593751
 20
75.591181640625
 10
170.14343994140626
 20
75.69777099609374
 10
169.50390380859378
 20
75.69777099609374
 10
169.397314453125
 20
75.8043603515625
  0
LWPOLYLINE
  5
77
330
17
100
AcDbEntity
  8
RASTER_TRACE
100
AcDbPolyline
 90
5
 70
1
 10
168.11824218750002
 20
75.91094970703124
 10
168.11824218750002
 20
75.8043603515625
 10
168.86436767578127
 20
75.8043603515625
 10
168.43801025390627
 20
75.8043603515625
 10
168.33142089843753
 20
75.91094970703124
  0
LWPOLYLINE
  5
78
330
17
100
AcDbEntity
  8
RASTER_TRACE
100
AcDbPolyline
 90
5
 70
1
 10
166.83916992187503
 20
76.01753906249999
 10
166.94575927734377
 20
75.91094970703124
 10
167.69188476562502
 20
75.91094970703124
 10
167.37211669921876
 20
75.91094970703124
 10
167.26552734375002
 20
76.01753906249999
  0
LWPOLYLINE
  5
79
330
17
100
AcDbEntity
  8
RASTER_TRACE
100
AcDbPolyline
 90
5
 70
1
 10
165.56009765625
 20
76.12412841796873
 10
165.77327636718752
 20
76.12412841796873
 10
165.87986572265626
 20
76.01753906249999
 10
166.41281250000003
 20
76.01753906249999
 10
166.19963378906252
 20
76.12412841796873
  0
LWPOLYLINE
  5
7A
330
17
100
AcDbEntity
  8
RASTER_TRACE
100
AcDbPolyline
 90
5
 70
1
 10
164.38761474609376
 20
76.23071777343749
 10
164.81397216796876
 20
76.23071777343749
 10
164.92056152343753
 20
76.12412841796873
 10
165.133740234375
 20
76.12412841796873
 10
165.133740234375
 20
76.23071777343749
  0
LWPOLYLINE
  5
7B
330
17
100
AcDbEntity
  8
RASTER_TRACE
100
AcDbPolyline
 90
4
 70
1
 10
163.2151318359375
 20
76.33730712890625
 10
163.74807861328128
 20
76.33730712890625
 10
163.96125732421876
 20
76.23071777343749
 10
163.96125732421876
 20
76.33730712890625
  0
LWPOLYLINE
  5
7C
330
17
100
AcDbEntity
  8
RASTER_TRACE
100
AcDbPolyline
 90
4
 70
1
 10
162.04264892578126
 20
76.55048583984374
 10
162.04264892578126
 20
76.44389648437499
 10
162.78877441406252
 20
76.44389648437499
 10
162.14923828125
 20
76.44389648437499
  0
LWPOLYLINE
  5
7D
330
17
100
AcDbEntity
  8
RASTER_TRACE
100
AcDbPolyline
 90
5
 70
1
 10
160.76357666015628
 20
76.65707519531249
 10
160.76357666015628
 20
76.55048583984374
 10
161.50970214843753
 20
76.55048583984374
 10
161.08334472656253
 20
76.55048583984374
 10
160.97675537109376
 20
76.65707519531249
  0
LWPOLYLINE
  5
7E
330
17
100
AcDbEntity
  8
RASTER_TRACE
100
AcDbPolyline
 90
5
 70
1
 10
159.59109375000003
 20
76.76366455078124
 10
159.8042724609375
 20
76.65707519531249
 10
160.33721923828128
 20
76.65707519531249
 10
160.12404052734377
 20
76.65707519531249
 10
160.01745117187502
 20
76.76366455078124
  0
LWPOLYLINE
  5
7F
330
17
100
AcDbEntity
  8
RASTER_TRACE
100
AcDbPolyline
 90
5
 70
1
 10
158.312021484375
 20
76.87025390624999
 10
158.73837890625
 20
76.87025390624999
 10
158.84496826171878
 20
76.76366455078124
 10
159.16473632812503
 20
76.76366455078124
 10
159.05814697265626
 20
76.87025390624999
  0
LWPOLYLINE
  5
80
330
17
100
AcDbEntity
  8
RASTER_TRACE
100
AcDbPolyline
 90
6
 70
1
 10
157.03294921875002
 20
76.97684326171874
 10
157.67248535156253
 20
76.97684326171874
 10
157.77907470703127
 20
76.87025390624999
 10
157.77907470703127
 20
76.97684326171874
 10
157.24612792968753
 20
76.97684326171874
 10
157.13953857421876
 20
77.08343261718748
  0
LWPOLYLINE
  5
81
330
17
100
AcDbEntity
  8
RASTER_TRACE
100
AcDbPolyline
 90
4
 70
1
 10
155.86046630859377
 20
77.19002197265624
 10
155.86046630859377
 20
77.08343261718748
 10
156.60659179687502
 20
77.08343261718748
 10
156.07364501953126
 20
77.08343261718748
  0
LWPOLYLINE
  5
82
330
17
100
AcDbEntity
  8
RASTER_TRACE
100
AcDbPolyline
 90
5
 70
1
 10
154.79457275390627
 20
77.29661132812498
 10
154.79457275390627
 20
77.19002197265624
 10
155.43410888671878
 20
77.19002197265624
 10
155.11434082031252
 20
77.19002197265624
 10
155.00775146484378
 20
77.29661132812498
  0
LWPOLYLINE
  5
83
330
17
100
AcDbEntity
  8
RASTER_TRACE
100
AcDbPolyline
 90
5
 70
1
 10
153.72867919921876
 20
77.40320068359374
 10
153.72867919921876
 20
77.29661132812498
 10
154.4748046875
 20
77.29661132812498
 10
154.04844726562501
 20
77.29661132812498
 10
153.94185791015627
 20
77.40320068359374
  0
LWPOLYLINE
  5
84
330
17
100
AcDbEntity
  8
RASTER_TRACE
100
AcDbPolyline
 90
5
 70
1
 10
152.5561962890625
 20
77.5097900390625
 10
152.66278564453125
 20
77.40320068359374
 10
153.30232177734376
 20
77.40320068359374
 10
153.08914306640628
 20
77.40320068359374
 10
152.9825537109375
 20
77.5097900390625
  0
LWPOLYLINE
  5
85
330
17
100
AcDbEntity
  8
RASTER_TRACE
100
AcDbPolyline
 90
5
 70
1
 10
151.27712402343752
 20
77.61637939453124
 10
151.70348144531252
 20
77.61637939453124
 10
151.81007080078126
 20
77.5097900390625
 10
152.12983886718752
 20
77.5097900390625
 10
151.91666015625003
 20
77.61637939453124
  0
LWPOLYLINE
  5
86
330
17
100
AcDbEntity
  8
RASTER_TRACE
100
AcDbPolyline
 90
4
 70
1
 10
150.10464111328128
 20
77.72296874999999
 10
150.74417724609376
 20
77.72296874999999
 10
150.85076660156253
 20
77.61637939453124
 10
150.85076660156253
 20
77.72296874999999
  0
LWPOLYLINE
  5
87
330
17
100
AcDbEntity
  8
RASTER_TRACE
100
AcDbPolyline
 90
4
 70
1
 10
148.82556884765626
 20
77.93614746093749
 10
148.82556884765626
 20
77.82955810546873
 10
149.5716943359375
 20
77.82955810546873
 10
149.03874755859377
 20
77.82955810546873
  0
LWPOLYLINE
  5
88
330
17
100
AcDbEntity
  8
RASTER_TRACE
100
AcDbPolyline
 90
5
 70
1
 10
147.6530859375
 20
78.04273681640623
 10
147.6530859375
 20
77.93614746093749
 10
148.39921142578126
 20
77.93614746093749
 10
147.97285400390626
 20
77.93614746093749
 10
147.86626464843752
 20
78.04273681640623
  0
LWPOLYLINE
  5
89
330
17
100
AcDbEntity
  8
RASTER_TRACE
100
AcDbPolyline
 90
7
 70
1
 10
145.84106689453128
 20
78.04273681640623
 10
145.62788818359377
 20
78.04273681640623
 10
145.41470947265626
 20
77.93614746093749
 10
145.09494140625003
 20
77.5097900390625
 10
145.20153076171877
 20
77.40320068359374
 10
145.20153076171877
 20
77.61637939453124
 10
145.52129882812503
 20
77.93614746093749
  0
LWPOLYLINE
  5
8A
330
17
100
AcDbEntity
  8
RASTER_TRACE
100
AcDbPolyline
 90
4
 70
1
 10
171.84886962890627
 20
78.14932617187499
 10
171.84886962890627
 20
78.04273681640623
 10
172.70158447265626
 20
78.04273681640623
 10
172.70158447265626
 20
78.14932617187499
  0
LWPOLYLINE
  5
8B
330
17
100
AcDbEntity
  8
RASTER_TRACE
100
AcDbPolyline
 90
5
 70
1
 10
170.35661865234377
 20
78.14932617187499
 10
170.56979736328128
 20
78.14932617187499
 10
170.67638671875002
 20
78.04273681640623
 10
171.20933349609376
 20
78.04273681640623
 10
171.20933349609376
 20
78.14932617187499
  0
LWPOLYLINE
  5
8C
330
17
100
AcDbEntity
  8
RASTER_TRACE
100
AcDbPolyline
 90
5
 70
1
 10
173.23453125000003
 20
78.14932617187499
 10
173.8740673828125
 20
78.14932617187499
 10
174.08724609375003
 20
78.25591552734375
 10
173.55429931640626
 20
78.25591552734375
 10
173.44770996093752
 20
78.14932617187499
  0
LWPOLYLINE
  5
8D
330
17
100
AcDbEntity
  8
RASTER_TRACE
100
AcDbPolyline
 90
4
 70
1
 10
168.86436767578127
 20
78.25591552734375
 10
169.07754638671878
 20
78.14932617187499
 10
169.82367187500003
 20
78.14932617187499
 10
169.61049316406252
 20
78.25591552734375
  0
LWPOLYLINE
  5
8E
330
17
100
AcDbEntity
  8
RASTER_TRACE
100
AcDbPolyline
 90
5
 70
1
 10
167.58529541015628
 20
78.36250488281249
 10
167.79847412109376
 20
78.36250488281249
 10
167.90506347656253
 20
78.25591552734375
 10
168.33142089843753
 20
78.25591552734375
 10
168.33142089843753
 20
78.36250488281249
  0
LWPOLYLINE
  5
8F
330
17
100
AcDbEntity
  8
RASTER_TRACE
100
AcDbPolyline
 90
7
 70
1
 10
175.15313964843753
 20
78.46909423828124
 10
174.83337158203128
 20
78.46909423828124
 10
174.7267822265625
 20
78.36250488281249
 10
174.51360351562502
 20
78.36250488281249
 10
174.62019287109376
 20
78.25591552734375
 10
174.7267822265625
 20
78.36250488281249
 10
175.04655029296876
 20
78.36250488281249
  0
LWPOLYLINE
  5
90
330
17
100
AcDbEntity
  8
RASTER_TRACE
100
AcDbPolyline
 90
5
 70
1
 10
166.19963378906252
 20
78.46909423828124
 10
166.6259912109375
 20
78.46909423828124
 10
166.73258056640626
 20
78.36250488281249
 10
167.0523486328125
 20
78.36250488281249
 10
167.0523486328125
 20
78.46909423828124
  0
LWPOLYLINE
  5
91
330
17
100
AcDbEntity
  8
RASTER_TRACE
100
AcDbPolyline
 90
4
 70
1
 10
164.92056152343753
 20
78.57568359374999
 10
165.45350830078127
 20
78.57568359374999
 10
165.66668701171878
 20
78.46909423828124
 10
165.66668701171878
 20
78.57568359374999
  0
LWPOLYLINE
  5
92
330
17
100
AcDbEntity
  8
RASTER_TRACE
100
AcDbPolyline
 90
4
 70
1
 10
140.72477783203126
 20
78.57568359374999
 10
140.51159912109375
 20
78.57568359374999
 10
140.29842041015627
 20
78.46909423828124
 10
140.51159912109375
 20
78.46909423828124
  0
LWPOLYLINE
  5
93
330
17
100
AcDbEntity
  8
RASTER_TRACE
100
AcDbPolyline
 90
56
 70
1
 10
134.75577392578126
 20
78.68227294921874
 10
134.86236328125
 20
78.78886230468748
 10
135.71507812500002
 20
78.78886230468748
 10
135.82166748046876
 20
78.68227294921874
 10
136.67438232421875
 20
78.68227294921874
 10
136.7809716796875
 20
78.57568359374999
 10
137.52709716796875
 20
78.57568359374999
 10
137.63368652343752
 20
78.46909423828124
 10
138.37981201171877
 20
78.46909423828124
 10
138.4864013671875
 20
78.36250488281249
 10
139.01934814453125
 20
78.36250488281249
 10
139.12593750000002
 20
78.25591552734375
 10
139.7654736328125
 20
78.25591552734375
 10
139.87206298828127
 20
78.14932617187499
 10
140.405009765625
 20
78.14932617187499
 10
140.51159912109375
 20
78.04273681640623
 10
140.93795654296875
 20
78.04273681640623
 10
141.04454589843752
 20
77.93614746093749
 10
141.47090332031252
 20
77.93614746093749
 10
141.57749267578126
 20
77.82955810546873
 10
141.8972607421875
 20
77.82955810546873
 10
142.00385009765625
 20
77.72296874999999
 10
142.7499755859375
 20
77.61637939453124
 10
142.85656494140625
 20
77.5097900390625
 10
143.06974365234376
 20
77.5097900390625
 10
143.1763330078125
 20
77.40320068359374
 10
143.38951171875001
 20
77.40320068359374
 10
143.49610107421876
 20
77.29661132812498
 10
144.02904785156252
 20
77.19002197265624
 10
144.2422265625
 20
77.08343261718748
 10
144.34881591796878
 20
76.87025390624999
 10
144.2422265625
 20
76.76366455078124
 10
143.815869140625
 20
76.76366455078124
 10
143.70927978515627
 20
76.87025390624999
 10
143.06974365234376
 20
76.87025390624999
 10
142.96315429687502
 20
76.97684326171874
 10
142.43020751953125
 20
76.97684326171874
 10
142.3236181640625
 20
77.08343261718748
 10
141.79067138671877
 20
77.08343261718748
 10
141.68408203125
 20
77.19002197265624
 10
141.257724609375
 20
77.19002197265624
 10
141.15113525390626
 20
77.29661132812498
 10
140.8313671875
 20
77.29661132812498
 10
140.72477783203126
 20
77.40320068359374
 10
140.1918310546875
 20
77.40320068359374
 10
140.08524169921876
 20
77.5097900390625
 10
139.44570556640625
 20
77.5097900390625
 10
139.3391162109375
 20
77.61637939453124
 10
138.4864013671875
 20
77.61637939453124
 10
138.37981201171877
 20
77.72296874999999
 10
137.20732910156252
 20
77.72296874999999
 10
137.10073974609375
 20
77.82955810546873
 10
136.14143554687502
 20
77.82955810546873
 10
136.03484619140625
 20
77.93614746093749
 10
134.96895263671877
 20
77.93614746093749
 10
134.75577392578126
 20
78.14932617187499
  0
LWPOLYLINE
  5
94
330
17
100
AcDbEntity
  8
RASTER_TRACE
100
AcDbPolyline
 90
6
 70
1
 10
176.32562255859378
 20
78.78886230468748
 10
176.00585449218752
 20
78.78886230468748
 10
175.57949707031253
 20
78.57568359374999
 10
175.79267578125
 20
78.68227294921874
 10
176.00585449218752
 20
78.68227294921874
 10
176.11244384765627
 20
78.78886230468748
  0
LWPOLYLINE
  5
95
330
17
100
AcDbEntity
  8
RASTER_TRACE
100
AcDbPolyline
 90
6
 70
1
 10
163.6414892578125
 20
78.78886230468748
 10
163.6414892578125
 20
78.68227294921874
 10
164.17443603515628
 20
78.68227294921874
 10
164.28102539062502
 20
78.57568359374999
 10
164.38761474609376
 20
78.68227294921874
 10
163.74807861328128
 20
78.68227294921874
  0
LWPOLYLINE
  5
96
330
17
100
AcDbEntity
  8
RASTER_TRACE
100
AcDbPolyline
 90
5
 70
1
 10
162.25582763671878
 20
78.89545166015624
 10
162.25582763671878
 20
78.78886230468748
 10
163.00195312500003
 20
78.78886230468748
 10
162.57559570312503
 20
78.78886230468748
 10
162.46900634765626
 20
78.89545166015624
  0
LWPOLYLINE
  5
97
330
17
100
AcDbEntity
  8
RASTER_TRACE
100
AcDbPolyline
 90
2
 70
1
 10
137.63368652343752
 20
78.89545166015624
 10
138.27322265625
 20
78.89545166015624
  0
LWPOLYLINE
  5
98
330
17
100
AcDbEntity
  8
RASTER_TRACE
100
AcDbPolyline
 90
5
 70
1
 10
160.97675537109376
 20
79.002041015625
 10
160.97675537109376
 20
78.89545166015624
 10
161.722880859375
 20
78.89545166015624
 10
161.50970214843753
 20
78.89545166015624
 10
161.40311279296876
 20
79.002041015625
  0
LWPOLYLINE
  5
99
330
17
100
AcDbEntity
  8
RASTER_TRACE
100
AcDbPolyline
 90
9
 70
1
 10
146.69378173828127
 20
79.002041015625
 10
146.69378173828127
 20
78.14932617187499
 10
146.5871923828125
 20
78.04273681640623
 10
146.37401367187502
 20
78.04273681640623
 10
147.226728515625
 20
78.04273681640623
 10
146.90696044921876
 20
78.04273681640623
 10
146.69378173828127
 20
78.25591552734375
 10
146.80037109375002
 20
78.36250488281249
 10
146.80037109375002
 20
79.002041015625
  0
LWPOLYLINE
  5
9A
330
17
100
AcDbEntity
  8
RASTER_TRACE
100
AcDbPolyline
 90
4
 70
1
 10
159.69768310546877
 20
79.10863037109374
 10
159.8042724609375
 20
79.002041015625
 10
160.44380859375002
 20
79.002041015625
 10
160.2306298828125
 20
79.10863037109374
  0
LWPOLYLINE
  5
9B
330
17
100
AcDbEntity
  8
RASTER_TRACE
100
AcDbPolyline
 90
6
 70
1
 10
136.03484619140625
 20
79.10863037109374
 10
136.24802490234376
 20
79.10863037109374
 10
136.3546142578125
 20
79.002041015625
 10
136.67438232421875
 20
79.002041015625
 10
136.46120361328127
 20
79.002041015625
 10
136.3546142578125
 20
79.10863037109374
  0
LWPOLYLINE
  5
9C
330
17
100
AcDbEntity
  8
RASTER_TRACE
100
AcDbPolyline
 90
5
 70
1
 10
158.312021484375
 20
79.2152197265625
 10
158.52520019531252
 20
79.2152197265625
 10
158.63178955078126
 20
79.10863037109374
 10
159.05814697265626
 20
79.10863037109374
 10
159.05814697265626
 20
79.2152197265625
  0
LWPOLYLINE
  5
9D
330
17
100
AcDbEntity
  8
RASTER_TRACE
100
AcDbPolyline
 90
4
 70
1
 10
157.03294921875002
 20
79.32180908203124
 10
157.24612792968753
 20
79.2152197265625
 10
157.77907470703127
 20
79.2152197265625
 10
157.67248535156253
 20
79.32180908203124
  0
LWPOLYLINE
  5
9E
330
17
100
AcDbEntity
  8
RASTER_TRACE
100
AcDbPolyline
 90
2
 70
1
 10
144.77517333984378
 20
79.32180908203124
 10
144.45540527343752
 20
78.68227294921874
  0
LWPOLYLINE
  5
9F
330
17
100
AcDbEntity
  8
RASTER_TRACE
100
AcDbPolyline
 90
5
 70
1
 10
177.2849267578125
 20
79.4283984375
 10
177.07174804687503
 20
79.2152197265625
 10
176.75197998046878
 20
79.10863037109374
 10
176.75197998046878
 20
79.002041015625
 10
177.17833740234377
 20
79.2152197265625
  0
LWPOLYLINE
  5
A0
330
17
100
AcDbEntity
  8
RASTER_TRACE
100
AcDbPolyline
 90
3
 70
1
 10
155.75387695312503
 20
79.4283984375
 10
156.50000244140628
 20
79.32180908203124
 10
156.3934130859375
 20
79.4283984375
  0
LWPOLYLINE
  5
A1
330
17
100
AcDbEntity
  8
RASTER_TRACE
100
AcDbPolyline
 90
5
 70
1
 10
154.36821533203127
 20
79.53498779296874
 10
154.79457275390627
 20
79.53498779296874
 10
154.901162109375
 20
79.4283984375
 10
155.11434082031252
 20
79.4283984375
 10
155.11434082031252
 20
79.53498779296874
  0
LWPOLYLINE
  5
A2
330
17
100
AcDbEntity
  8
RASTER_TRACE
100
AcDbPolyline
 90
6
 70
1
 10
140.93795654296875
 20
79.53498779296874
 10
141.04454589843752
 20
79.32180908203124
 10
141.04454589843752
 20
79.002041015625
 10
140.93795654296875
 20
78.89545166015624
 10
141.04454589843752
 20
78.89545166015624
 10
141.04454589843752
 20
79.4283984375
  0
LWPOLYLINE
  5
A3
330
17
100
AcDbEntity
  8
RASTER_TRACE
100
AcDbPolyline
 90
14
 70
1
 10
139.12593750000002
 20
79.53498779296874
 10
139.12593750000002
 20
79.4283984375
 10
139.44570556640625
 20
79.10863037109374
 10
139.55229492187502
 20
78.89545166015624
 10
139.44570556640625
 20
78.78886230468748
 10
138.9127587890625
 20
78.78886230468748
 10
139.3391162109375
 20
78.78886230468748
 10
139.44570556640625
 20
78.68227294921874
 10
139.55229492187502
 20
78.78886230468748
 10
139.7654736328125
 20
78.57568359374999
 10
139.97865234375
 20
78.57568359374999
 10
139.87206298828127
 20
78.57568359374999
 10
139.55229492187502
 20
78.89545166015624
 10
139.55229492187502
 20
79.10863037109374
  0
LWPOLYLINE
  5
A4
330
17
100
AcDbEntity
  8
RASTER_TRACE
100
AcDbPolyline
 90
4
 70
1
 10
171.42251220703128
 20
79.53498779296874
 10
172.16863769531253
 20
79.53498779296874
 10
172.16863769531253
 20
79.64157714843749
 10
171.52910156250002
 20
79.64157714843749
  0
LWPOLYLINE
  5
A5
330
17
100
AcDbEntity
  8
RASTER_TRACE
100
AcDbPolyline
 90
4
 70
1
 10
170.35661865234377
 20
79.64157714843749
 10
170.35661865234377
 20
79.53498779296874
 10
170.8895654296875
 20
79.53498779296874
 10
170.8895654296875
 20
79.64157714843749
  0
LWPOLYLINE
  5
A6
330
17
100
AcDbEntity
  8
RASTER_TRACE
100
AcDbPolyline
 90
2
 70
1
 10
169.18413574218752
 20
79.64157714843749
 10
169.93026123046877
 20
79.64157714843749
  0
LWPOLYLINE
  5
A7
330
17
100
AcDbEntity
  8
RASTER_TRACE
100
AcDbPolyline
 90
4
 70
1
 10
152.9825537109375
 20
79.64157714843749
 10
153.51550048828128
 20
79.64157714843749
 10
153.72867919921876
 20
79.53498779296874
 10
153.72867919921876
 20
79.64157714843749
  0
LWPOLYLINE
  5
A8
330
17
100
AcDbEntity
  8
RASTER_TRACE
100
AcDbPolyline
 90
5
 70
1
 10
173.55429931640626
 20
79.74816650390623
 10
173.23453125000003
 20
79.74816650390623
 10
173.12794189453126
 20
79.64157714843749
 10
172.70158447265626
 20
79.64157714843749
 10
173.44770996093752
 20
79.64157714843749
  0
LWPOLYLINE
  5
A9
330
17
100
AcDbEntity
  8
RASTER_TRACE
100
AcDbPolyline
 90
4
 70
1
 10
167.79847412109376
 20
79.74816650390623
 10
167.79847412109376
 20
79.64157714843749
 10
168.544599609375
 20
79.64157714843749
 10
168.544599609375
 20
79.74816650390623
  0
LWPOLYLINE
  5
AA
330
17
100
AcDbEntity
  8
RASTER_TRACE
100
AcDbPolyline
 90
4
 70
1
 10
166.41281250000003
 20
79.85475585937499
 10
166.41281250000003
 20
79.74816650390623
 10
167.15893798828128
 20
79.74816650390623
 10
166.94575927734377
 20
79.85475585937499
  0
LWPOLYLINE
  5
AB
330
17
100
AcDbEntity
  8
RASTER_TRACE
100
AcDbPolyline
 90
4
 70
1
 10
151.59689208984378
 20
79.85475585937499
 10
151.59689208984378
 20
79.74816650390623
 10
152.34301757812503
 20
79.74816650390623
 10
151.70348144531252
 20
79.74816650390623
  0
LWPOLYLINE
  5
AC
330
17
100
AcDbEntity
  8
RASTER_TRACE
100
AcDbPolyline
 90
5
 70
1
 10
165.02715087890627
 20
79.96134521484373
 10
165.02715087890627
 20
79.85475585937499
 10
165.77327636718752
 20
79.85475585937499
 10
165.56009765625
 20
79.85475585937499
 10
165.45350830078127
 20
79.96134521484373
  0
LWPOLYLINE
  5
AD
330
17
100
AcDbEntity
  8
RASTER_TRACE
100
AcDbPolyline
 90
5
 70
1
 10
150.21123046875002
 20
79.96134521484373
 10
150.21123046875002
 20
79.85475585937499
 10
150.95735595703127
 20
79.85475585937499
 10
150.53099853515627
 20
79.85475585937499
 10
150.42440917968753
 20
79.96134521484373
  0
LWPOLYLINE
  5
AE
330
17
100
AcDbEntity
  8
RASTER_TRACE
100
AcDbPolyline
 90
5
 70
1
 10
145.7344775390625
 20
79.96134521484373
 10
145.52129882812503
 20
79.96134521484373
 10
145.3081201171875
 20
79.85475585937499
 10
145.20153076171877
 20
79.64157714843749
 10
145.41470947265626
 20
79.85475585937499
  0
LWPOLYLINE
  5
AF
330
17
100
AcDbEntity
  8
RASTER_TRACE
100
AcDbPolyline
 90
5
 70
1
 10
174.7267822265625
 20
80.06793457031249
 10
174.08724609375003
 20
79.85475585937499
 10
174.40701416015628
 20
79.85475585937499
 10
174.51360351562502
 20
79.96134521484373
 10
174.7267822265625
 20
79.96134521484373
  0
LWPOLYLINE
  5
B0
330
17
100
AcDbEntity
  8
RASTER_TRACE
100
AcDbPolyline
 90
5
 70
1
 10
163.53489990234377
 20
80.06793457031249
 10
163.6414892578125
 20
79.96134521484373
 10
164.38761474609376
 20
79.96134521484373
 10
164.17443603515628
 20
79.96134521484373
 10
164.0678466796875
 20
80.06793457031249
  0
LWPOLYLINE
  5
B1
330
17
100
AcDbEntity
  8
RASTER_TRACE
100
AcDbPolyline
 90
5
 70
1
 10
148.82556884765626
 20
80.06793457031249
 10
148.93215820312503
 20
79.96134521484373
 10
149.67828369140628
 20
79.96134521484373
 10
149.25192626953128
 20
79.96134521484373
 10
149.1453369140625
 20
80.06793457031249
  0
LWPOLYLINE
  5
B2
330
17
100
AcDbEntity
  8
RASTER_TRACE
100
AcDbPolyline
 90
4
 70
1
 10
162.14923828125
 20
80.17452392578124
 10
162.25582763671878
 20
80.06793457031249
 10
163.00195312500003
 20
80.06793457031249
 10
162.78877441406252
 20
80.17452392578124
  0
LWPOLYLINE
  5
B3
330
17
100
AcDbEntity
  8
RASTER_TRACE
100
AcDbPolyline
 90
5
 70
1
 10
147.43990722656253
 20
80.17452392578124
 10
147.54649658203127
 20
80.06793457031249
 10
148.29262207031252
 20
80.06793457031249
 10
147.97285400390626
 20
80.06793457031249
 10
147.86626464843752
 20
80.17452392578124
  0
LWPOLYLINE
  5
B4
330
17
100
AcDbEntity
  8
RASTER_TRACE
100
AcDbPolyline
 90
5
 70
1
 10
160.6569873046875
 20
80.28111328124999
 10
160.87016601562502
 20
80.28111328124999
 10
160.97675537109376
 20
80.17452392578124
 10
161.50970214843753
 20
80.17452392578124
 10
161.50970214843753
 20
80.28111328124999
  0
LWPOLYLINE
  5
B5
330
17
100
AcDbEntity
  8
RASTER_TRACE
100
AcDbPolyline
 90
10
 70
1
 10
145.84106689453128
 20
80.28111328124999
 10
146.05424560546876
 20
80.28111328124999
 10
146.1608349609375
 20
80.17452392578124
 10
146.69378173828127
 20
80.17452392578124
 10
146.80037109375002
 20
80.06793457031249
 10
146.80037109375002
 20
79.32180908203124
 10
146.80037109375002
 20
80.06793457031249
 10
146.90696044921876
 20
80.17452392578124
 10
146.48060302734376
 20
80.17452392578124
 10
146.37401367187502
 20
80.28111328124999
  0
LWPOLYLINE
  5
B6
330
17
100
AcDbEntity
  8
RASTER_TRACE
100
AcDbPolyline
 90
4
 70
1
 10
138.06004394531251
 20
80.28111328124999
 10
138.37981201171877
 20
79.96134521484373
 10
138.69958007812502
 20
79.85475585937499
 10
138.4864013671875
 20
80.06793457031249
  0
LWPOLYLINE
  5
B7
330
17
100
AcDbEntity
  8
RASTER_TRACE
100
AcDbPolyline
 90
6
 70
1
 10
177.81787353515628
 20
80.38770263671874
 10
177.7112841796875
 20
80.38770263671874
 10
177.7112841796875
 20
80.17452392578124
 10
177.81787353515628
 20
79.96134521484373
 10
177.60469482421877
 20
79.64157714843749
 10
177.81787353515628
 20
79.85475585937499
  0
LWPOLYLINE
  5
B8
330
17
100
AcDbEntity
  8
RASTER_TRACE
100
AcDbPolyline
 90
5
 70
1
 10
159.16473632812503
 20
80.38770263671874
 10
159.69768310546877
 20
80.38770263671874
 10
159.8042724609375
 20
80.28111328124999
 10
160.12404052734377
 20
80.28111328124999
 10
160.01745117187502
 20
80.38770263671874
  0
LWPOLYLINE
  5
B9
330
17
100
AcDbEntity
  8
RASTER_TRACE
100
AcDbPolyline
 90
4
 70
1
 10
144.45540527343752
 20
80.49429199218748
 10
144.668583984375
 20
80.38770263671874
 10
145.3081201171875
 20
80.38770263671874
 10
145.09494140625003
 20
80.49429199218748
  0
LWPOLYLINE
  5
BA
330
17
100
AcDbEntity
  8
RASTER_TRACE
100
AcDbPolyline
 90
7
 70
1
 10
157.45930664062502
 20
80.60088134765624
 10
157.45930664062502
 20
80.49429199218748
 10
158.312021484375
 20
80.49429199218748
 10
158.52520019531252
 20
80.38770263671874
 10
158.52520019531252
 20
80.49429199218748
 10
157.99225341796875
 20
80.49429199218748
 10
157.8856640625
 20
80.60088134765624
  0
LWPOLYLINE
  5
BB
330
17
100
AcDbEntity
  8
RASTER_TRACE
100
AcDbPolyline
 90
5
 70
1
 10
135.18213134765625
 20
80.60088134765624
 10
135.0755419921875
 20
80.38770263671874
 10
135.0755419921875
 20
79.96134521484373
 10
135.0755419921875
 20
80.17452392578124
 10
135.18213134765625
 20
80.28111328124999
  0
LWPOLYLINE
  5
BC
330
17
100
AcDbEntity
  8
RASTER_TRACE
100
AcDbPolyline
 90
5
 70
1
 10
155.9670556640625
 20
80.70747070312498
 10
156.18023437500003
 20
80.70747070312498
 10
156.28682373046877
 20
80.60088134765624
 10
156.8197705078125
 20
80.60088134765624
 10
156.71318115234376
 20
80.70747070312498
  0
LWPOLYLINE
  5
BD
330
17
100
AcDbEntity
  8
RASTER_TRACE
100
AcDbPolyline
 90
4
 70
1
 10
143.06974365234376
 20
80.70747070312498
 10
143.06974365234376
 20
80.60088134765624
 10
143.92245849609375
 20
80.60088134765624
 10
143.28292236328127
 20
80.60088134765624
  0
LWPOLYLINE
  5
BE
330
17
100
AcDbEntity
  8
RASTER_TRACE
100
AcDbPolyline
 90
2
 70
1
 10
141.68408203125
 20
80.70747070312498
 10
142.53679687500002
 20
80.70747070312498
  0
LWPOLYLINE
  5
BF
330
17
100
AcDbEntity
  8
RASTER_TRACE
100
AcDbPolyline
 90
9
 70
1
 10
141.15113525390626
 20
80.70747070312498
 10
140.72477783203126
 20
80.70747070312498
 10
140.405009765625
 20
80.49429199218748
 10
140.51159912109375
 20
80.17452392578124
 10
140.72477783203126
 20
79.96134521484373
 10
140.72477783203126
 20
80.06793457031249
 10
140.51159912109375
 20
80.28111328124999
 10
140.51159912109375
 20
80.49429199218748
 10
140.8313671875
 20
80.70747070312498
  0
LWPOLYLINE
  5
C0
330
17
100
AcDbEntity
  8
RASTER_TRACE
100
AcDbPolyline
 90
11
 70
1
 10
174.62019287109376
 20
80.9206494140625
 10
174.62019287109376
 20
80.81406005859374
 10
174.83337158203128
 20
80.70747070312498
 10
175.04655029296876
 20
80.70747070312498
 10
175.36631835937501
 20
80.49429199218748
 10
175.15313964843753
 20
80.28111328124999
 10
175.36631835937501
 20
80.38770263671874
 10
175.36631835937501
 20
80.49429199218748
 10
175.15313964843753
 20
80.70747070312498
 10
174.93996093750002
 20
80.81406005859374
 10
174.7267822265625
 20
80.81406005859374
  0
LWPOLYLINE
  5
C1
330
17
100
AcDbEntity
  8
RASTER_TRACE
100
AcDbPolyline
 90
6
 70
1
 10
154.4748046875
 20
80.81406005859374
 10
155.11434082031252
 20
80.81406005859374
 10
155.32751953125
 20
80.70747070312498
 10
155.32751953125
 20
80.81406005859374
 10
154.68798339843752
 20
80.81406005859374
 10
154.58139404296878
 20
80.9206494140625
  0
LWPOLYLINE
  5
C2
330
17
100
AcDbEntity
  8
RASTER_TRACE
100
AcDbPolyline
 90
5
 70
1
 10
152.9825537109375
 20
81.02723876953124
 10
152.9825537109375
 20
80.9206494140625
 10
153.94185791015627
 20
80.9206494140625
 10
153.62208984375002
 20
80.9206494140625
 10
153.51550048828128
 20
81.02723876953124
  0
LWPOLYLINE
  5
C3
330
17
100
AcDbEntity
  8
RASTER_TRACE
100
AcDbPolyline
 90
7
 70
1
 10
173.23453125000003
 20
81.133828125
 10
173.34112060546877
 20
81.02723876953124
 10
173.8740673828125
 20
81.02723876953124
 10
174.08724609375003
 20
80.9206494140625
 10
174.08724609375003
 20
81.02723876953124
 10
173.66088867187503
 20
81.02723876953124
 10
173.55429931640626
 20
81.133828125
  0
LWPOLYLINE
  5
C4
330
17
100
AcDbEntity
  8
RASTER_TRACE
100
AcDbPolyline
 90
5
 70
1
 10
151.490302734375
 20
81.133828125
 10
151.81007080078126
 20
81.133828125
 10
151.91666015625003
 20
81.02723876953124
 10
152.34301757812503
 20
81.02723876953124
 10
152.23642822265626
 20
81.133828125
  0
LWPOLYLINE
  5
C5
330
17
100
AcDbEntity
  8
RASTER_TRACE
100
AcDbPolyline
 90
5
 70
1
 10
171.84886962890627
 20
81.24041748046874
 10
171.955458984375
 20
81.133828125
 10
172.70158447265626
 20
81.133828125
 10
172.48840576171878
 20
81.133828125
 10
172.38181640625
 20
81.24041748046874
  0
LWPOLYLINE
  5
C6
330
17
100
AcDbEntity
  8
RASTER_TRACE
100
AcDbPolyline
 90
5
 70
1
 10
170.4632080078125
 20
81.34700683593749
 10
170.4632080078125
 20
81.24041748046874
 10
171.31592285156253
 20
81.24041748046874
 10
170.99615478515628
 20
81.24041748046874
 10
170.8895654296875
 20
81.34700683593749
  0
LWPOLYLINE
  5
C7
330
17
100
AcDbEntity
  8
RASTER_TRACE
100
AcDbPolyline
 90
6
 70
1
 10
150.10464111328128
 20
81.34700683593749
 10
150.10464111328128
 20
81.24041748046874
 10
150.74417724609376
 20
81.24041748046874
 10
150.85076660156253
 20
81.133828125
 10
150.85076660156253
 20
81.24041748046874
 10
150.31781982421876
 20
81.24041748046874
  0
LWPOLYLINE
  5
C8
330
17
100
AcDbEntity
  8
RASTER_TRACE
100
AcDbPolyline
 90
7
 70
1
 10
137.4205078125
 20
81.34700683593749
 10
137.31391845703126
 20
81.24041748046874
 10
137.4205078125
 20
81.133828125
 10
137.4205078125
 20
80.9206494140625
 10
137.74027587890626
 20
80.60088134765624
 10
137.74027587890626
 20
80.70747070312498
 10
137.4205078125
 20
81.133828125
  0
LWPOLYLINE
  5
C9
330
17
100
AcDbEntity
  8
RASTER_TRACE
100
AcDbPolyline
 90
4
 70
1
 10
177.07174804687503
 20
81.45359619140623
 10
177.07174804687503
 20
81.34700683593749
 10
177.49810546875003
 20
80.9206494140625
 10
177.49810546875003
 20
81.02723876953124
  0
LWPOLYLINE
  5
CA
330
17
100
AcDbEntity
  8
RASTER_TRACE
100
AcDbPolyline
 90
5
 70
1
 10
169.07754638671878
 20
81.45359619140623
 10
169.18413574218752
 20
81.34700683593749
 10
169.93026123046877
 20
81.34700683593749
 10
169.61049316406252
 20
81.34700683593749
 10
169.50390380859378
 20
81.45359619140623
  0
LWPOLYLINE
  5
CB
330
17
100
AcDbEntity
  8
RASTER_TRACE
100
AcDbPolyline
 90
5
 70
1
 10
148.71897949218751
 20
81.45359619140623
 10
148.71897949218751
 20
81.34700683593749
 10
149.46510498046877
 20
81.34700683593749
 10
149.25192626953128
 20
81.34700683593749
 10
149.1453369140625
 20
81.45359619140623
  0
LWPOLYLINE
  5
CC
330
17
100
AcDbEntity
  8
RASTER_TRACE
100
AcDbPolyline
 90
5
 70
1
 10
167.69188476562502
 20
81.56018554687499
 10
167.79847412109376
 20
81.45359619140623
 10
168.544599609375
 20
81.45359619140623
 10
168.33142089843753
 20
81.45359619140623
 10
168.22483154296876
 20
81.56018554687499
  0
LWPOLYLINE
  5
CD
330
17
100
AcDbEntity
  8
RASTER_TRACE
100
AcDbPolyline
 90
5
 70
1
 10
147.226728515625
 20
81.56018554687499
 10
147.54649658203127
 20
81.56018554687499
 10
147.6530859375
 20
81.45359619140623
 10
148.079443359375
 20
81.45359619140623
 10
147.97285400390626
 20
81.56018554687499
  0
LWPOLYLINE
  5
CE
330
17
100
AcDbEntity
  8
RASTER_TRACE
100
AcDbPolyline
 90
5
 70
1
 10
166.30622314453126
 20
81.66677490234375
 10
166.6259912109375
 20
81.66677490234375
 10
166.73258056640626
 20
81.56018554687499
 10
167.15893798828128
 20
81.56018554687499
 10
167.0523486328125
 20
81.66677490234375
  0
LWPOLYLINE
  5
CF
330
17
100
AcDbEntity
  8
RASTER_TRACE
100
AcDbPolyline
 90
6
 70
1
 10
135.5018994140625
 20
81.66677490234375
 10
135.39531005859376
 20
81.45359619140623
 10
135.39531005859376
 20
81.24041748046874
 10
135.28872070312502
 20
81.133828125
 10
135.28872070312502
 20
80.9206494140625
 10
135.5018994140625
 20
81.34700683593749
  0
LWPOLYLINE
  5
D0
330
17
100
AcDbEntity
  8
RASTER_TRACE
100
AcDbPolyline
 90
5
 70
1
 10
145.84106689453128
 20
81.77336425781249
 10
145.84106689453128
 20
81.66677490234375
 10
146.5871923828125
 20
81.66677490234375
 10
146.37401367187502
 20
81.66677490234375
 10
146.26742431640628
 20
81.77336425781249
  0
LWPOLYLINE
  5
D1
330
17
100
AcDbEntity
  8
RASTER_TRACE
100
AcDbPolyline
 90
5
 70
1
 10
164.92056152343753
 20
81.87995361328123
 10
165.133740234375
 20
81.77336425781249
 10
165.77327636718752
 20
81.77336425781249
 10
165.56009765625
 20
81.77336425781249
 10
165.45350830078127
 20
81.87995361328123
  0
LWPOLYLINE
  5
D2
330
17
100
AcDbEntity
  8
RASTER_TRACE
100
AcDbPolyline
 90
5
 70
1
 10
144.34881591796878
 20
81.87995361328123
 10
144.56199462890626
 20
81.87995361328123
 10
144.668583984375
 20
81.77336425781249
 10
145.20153076171877
 20
81.77336425781249
 10
145.09494140625003
 20
81.87995361328123
  0
LWPOLYLINE
  5
D3
330
17
100
AcDbEntity
  8
RASTER_TRACE
100
AcDbPolyline
 90
3
 70
1
 10
175.89926513671878
 20
82.09313232421874
 10
175.89926513671878
 20
81.98654296874999
 10
176.53880126953126
 20
81.77336425781249
  0
LWPOLYLINE
  5
D4
330
17
100
AcDbEntity
  8
RASTER_TRACE
100
AcDbPolyline
 90
6
 70
1
 10
142.96315429687502
 20
81.98654296874999
 10
143.6026904296875
 20
81.98654296874999
 10
143.70927978515627
 20
81.87995361328123
 10
143.815869140625
 20
81.98654296874999
 10
143.1763330078125
 20
81.98654296874999
 10
143.06974365234376
 20
82.09313232421874
  0
LWPOLYLINE
  5
D5
330
17
100
AcDbEntity
  8
RASTER_TRACE
100
AcDbPolyline
 90
4
 70
1
 10
138.27322265625
 20
82.09313232421874
 10
137.63368652343752
 20
81.77336425781249
 10
138.06004394531251
 20
81.98654296874999
 10
138.27322265625
 20
81.98654296874999
  0
LWPOLYLINE
  5
D6
330
17
100
AcDbEntity
  8
RASTER_TRACE
100
AcDbPolyline
 90
8
 70
1
 10
96.063837890625
 20
82.09313232421874
 10
97.1297314453125
 20
82.19972167968749
 10
134.6491845703125
 20
78.89545166015624
 10
134.75577392578126
 20
78.14932617187499
 10
133.79646972656252
 20
78.04273681640623
 10
114.50379638671876
 20
79.85475585937499
 10
96.80996337890625
 20
81.24041748046874
 10
96.063837890625
 20
81.45359619140623
  0
LWPOLYLINE
  5
D7
330
17
100
AcDbEntity
  8
RASTER_TRACE
100
AcDbPolyline
 90
5
 70
1
 10
141.57749267578126
 20
82.19972167968749
 10
141.57749267578126
 20
82.09313232421874
 10
142.43020751953125
 20
82.09313232421874
 10
142.110439453125
 20
82.09313232421874
 10
142.00385009765625
 20
82.19972167968749
  0
LWPOLYLINE
  5
D8
330
17
100
AcDbEntity
  8
RASTER_TRACE
100
AcDbPolyline
 90
2
 70
1
 10
140.1918310546875
 20
82.19972167968749
 10
140.93795654296875
 20
82.19972167968749
  0
LWPOLYLINE
  5
D9
330
17
100
AcDbEntity
  8
RASTER_TRACE
100
AcDbPolyline
 90
4
 70
1
 10
138.80616943359377
 20
82.09313232421874
 10
139.01934814453125
 20
82.19972167968749
 10
139.55229492187502
 20
82.19972167968749
 10
138.80616943359377
 20
82.19972167968749
  0
LWPOLYLINE
  5
DA
330
17
100
AcDbEntity
  8
RASTER_TRACE
100
AcDbPolyline
 90
18
 70
1
 10
95.95724853515625
 20
81.45359619140623
 10
95.85065917968751
 20
81.34700683593749
 10
95.211123046875
 20
81.34700683593749
 10
95.10453369140626
 20
81.45359619140623
 10
93.50569335937502
 20
81.45359619140623
 10
93.39910400390625
 20
81.56018554687499
 10
92.8661572265625
 20
81.56018554687499
 10
92.75956787109376
 20
81.66677490234375
 10
92.33321044921877
 20
81.66677490234375
 10
91.90685302734374
 20
81.87995361328123
 10
92.01344238281251
 20
81.98654296874999
 10
92.652978515625
 20
81.98654296874999
 10
92.75956787109376
 20
82.09313232421874
 10
93.93205078125001
 20
82.09313232421874
 10
94.03864013671875
 20
82.19972167968749
 10
95.63748046875
 20
82.19972167968749
 10
95.74406982421877
 20
82.30631103515624
 10
95.95724853515625
 20
82.09313232421874
  0
LWPOLYLINE
  5
DB
330
17
100
AcDbEntity
  8
RASTER_TRACE
100
AcDbPolyline
 90
7
 70
1
 10
174.62019287109376
 20
82.412900390625
 10
174.62019287109376
 20
82.30631103515624
 10
175.04655029296876
 20
82.30631103515624
 10
175.15313964843753
 20
82.19972167968749
 10
175.36631835937501
 20
82.19972167968749
 10
175.25972900390627
 20
82.30631103515624
 10
174.83337158203128
 20
82.30631103515624
  0
LWPOLYLINE
  5
DC
330
17
100
AcDbEntity
  8
RASTER_TRACE
100
AcDbPolyline
 90
4
 70
1
 10
135.71507812500002
 20
82.412900390625
 10
135.60848876953125
 20
82.19972167968749
 10
135.60848876953125
 20
81.98654296874999
 10
135.71507812500002
 20
82.19972167968749
  0
LWPOLYLINE
  5
DD
330
17
100
AcDbEntity
  8
RASTER_TRACE
100
AcDbPolyline
 90
5
 70
1
 10
173.23453125000003
 20
82.51948974609374
 10
173.44770996093752
 20
82.51948974609374
 10
173.55429931640626
 20
82.412900390625
 10
173.98065673828128
 20
82.412900390625
 10
173.8740673828125
 20
82.51948974609374
  0
LWPOLYLINE
  5
DE
330
17
100
AcDbEntity
  8
RASTER_TRACE
100
AcDbPolyline
 90
4
 70
1
 10
171.74228027343753
 20
82.62607910156248
 10
171.84886962890627
 20
82.51948974609374
 10
172.59499511718752
 20
82.51948974609374
 10
172.48840576171878
 20
82.62607910156248
  0
LWPOLYLINE
  5
DF
330
17
100
AcDbEntity
  8
RASTER_TRACE
100
AcDbPolyline
 90
5
 70
1
 10
170.35661865234377
 20
82.73266845703124
 10
170.4632080078125
 20
82.62607910156248
 10
171.20933349609376
 20
82.62607910156248
 10
170.99615478515628
 20
82.62607910156248
 10
170.8895654296875
 20
82.73266845703124
  0
LWPOLYLINE
  5
E0
330
17
100
AcDbEntity
  8
RASTER_TRACE
100
AcDbPolyline
 90
15
 70
1
 10
162.04264892578126
 20
82.51948974609374
 10
162.25582763671878
 20
82.51948974609374
 10
162.68218505859377
 20
82.30631103515624
 10
162.78877441406252
 20
82.30631103515624
 10
162.68218505859377
 20
82.412900390625
 10
162.78877441406252
 20
82.51948974609374
 10
163.00195312500003
 20
82.412900390625
 10
163.2151318359375
 20
82.412900390625
 10
162.89536376953126
 20
82.51948974609374
 10
162.68218505859377
 20
82.73266845703124
 10
162.57559570312503
 20
82.73266845703124
 10
162.78877441406252
 20
82.51948974609374
 10
162.68218505859377
 20
82.412900390625
 10
162.46900634765626
 20
82.412900390625
 10
162.36241699218752
 20
82.51948974609374
  0
LWPOLYLINE
  5
E1
330
17
100
AcDbEntity
  8
RASTER_TRACE
100
AcDbPolyline
 90
5
 70
1
 10
168.97095703125
 20
82.8392578125
 10
169.18413574218752
 20
82.8392578125
 10
169.29072509765626
 20
82.73266845703124
 10
169.71708251953126
 20
82.73266845703124
 10
169.61049316406252
 20
82.8392578125
  0
LWPOLYLINE
  5
E2
330
17
100
AcDbEntity
  8
RASTER_TRACE
100
AcDbPolyline
 90
9
 70
1
 10
163.74807861328128
 20
82.8392578125
 10
163.53489990234377
 20
82.09313232421874
 10
163.85466796875002
 20
82.09313232421874
 10
163.96125732421876
 20
81.98654296874999
 10
164.38761474609376
 20
81.98654296874999
 10
164.60079345703127
 20
81.87995361328123
 10
164.17443603515628
 20
82.09313232421874
 10
163.85466796875002
 20
82.09313232421874
 10
163.6414892578125
 20
82.30631103515624
  0
LWPOLYLINE
  5
E3
330
17
100
AcDbEntity
  8
RASTER_TRACE
100
AcDbPolyline
 90
3
 70
1
 10
167.58529541015628
 20
83.05243652343749
 10
167.69188476562502
 20
82.94584716796874
 10
168.33142089843753
 20
82.94584716796874
  0
LWPOLYLINE
  5
E4
330
17
100
AcDbEntity
  8
RASTER_TRACE
100
AcDbPolyline
 90
3
 70
1
 10
160.2306298828125
 20
83.15902587890623
 10
160.55039794921876
 20
82.94584716796874
 10
161.50970214843753
 20
82.73266845703124
  0
LWPOLYLINE
  5
E5
330
17
100
AcDbEntity
  8
RASTER_TRACE
100
AcDbPolyline
 90
5
 70
1
 10
166.30622314453126
 20
83.26561523437499
 10
166.51940185546877
 20
83.15902587890623
 10
166.94575927734377
 20
83.15902587890623
 10
167.0523486328125
 20
83.05243652343749
 10
167.0523486328125
 20
83.15902587890623
  0
LWPOLYLINE
  5
E6
330
17
100
AcDbEntity
  8
RASTER_TRACE
100
AcDbPolyline
 90
5
 70
1
 10
136.03484619140625
 20
83.26561523437499
 10
135.82166748046876
 20
82.94584716796874
 10
135.82166748046876
 20
82.73266845703124
 10
135.9282568359375
 20
82.8392578125
 10
135.9282568359375
 20
83.15902587890623
  0
LWPOLYLINE
  5
E7
330
17
100
AcDbEntity
  8
RASTER_TRACE
100
AcDbPolyline
 90
5
 70
1
 10
161.50970214843753
 20
83.47879394531249
 10
162.14923828125
 20
82.94584716796874
 10
162.04264892578126
 20
83.15902587890623
 10
161.93605957031252
 20
83.15902587890623
 10
161.61629150390627
 20
83.47879394531249
  0
LWPOLYLINE
  5
E8
330
17
100
AcDbEntity
  8
RASTER_TRACE
100
AcDbPolyline
 90
3
 70
1
 10
165.02715087890627
 20
83.58538330078125
 10
165.77327636718752
 20
83.37220458984373
 10
165.34691894531252
 20
83.58538330078125
  0
LWPOLYLINE
  5
E9
330
17
100
AcDbEntity
  8
RASTER_TRACE
100
AcDbPolyline
 90
6
 70
1
 10
158.95155761718752
 20
83.58538330078125
 10
158.95155761718752
 20
83.47879394531249
 10
159.16473632812503
 20
83.37220458984373
 10
159.69768310546877
 20
83.26561523437499
 10
159.59109375000003
 20
83.37220458984373
 10
159.37791503906251
 20
83.37220458984373
  0
LWPOLYLINE
  5
EA
330
17
100
AcDbEntity
  8
RASTER_TRACE
100
AcDbPolyline
 90
10
 70
1
 10
157.45930664062502
 20
84.01174072265624
 10
157.45930664062502
 20
83.90515136718749
 10
157.67248535156253
 20
83.90515136718749
 10
157.77907470703127
 20
83.79856201171874
 10
158.09884277343753
 20
83.79856201171874
 10
158.312021484375
 20
83.69197265624999
 10
158.20543212890627
 20
83.79856201171874
 10
157.99225341796875
 20
83.79856201171874
 10
157.8856640625
 20
83.90515136718749
 10
157.67248535156253
 20
83.90515136718749
  0
LWPOLYLINE
  5
EB
330
17
100
AcDbEntity
  8
RASTER_TRACE
100
AcDbPolyline
 90
13
 70
1
 10
163.74807861328128
 20
84.11833007812498
 10
163.74807861328128
 20
84.01174072265624
 10
163.96125732421876
 20
83.90515136718749
 10
163.96125732421876
 20
83.58538330078125
 10
163.85466796875002
 20
83.47879394531249
 10
163.85466796875002
 20
83.26561523437499
 10
163.96125732421876
 20
83.37220458984373
 10
163.96125732421876
 20
83.69197265624999
 10
164.17443603515628
 20
83.90515136718749
 10
164.28102539062502
 20
83.79856201171874
 10
164.49420410156253
 20
83.79856201171874
 10
164.0678466796875
 20
84.01174072265624
 10
163.85466796875002
 20
84.01174072265624
  0
LWPOLYLINE
  5
EC
330
17
100
AcDbEntity
  8
RASTER_TRACE
100
AcDbPolyline
 90
3
 70
1
 10
96.59678466796876
 20
84.22491943359374
 10
96.38360595703125
 20
83.58538330078125
 10
96.49019531250002
 20
83.69197265624999
  0
LWPOLYLINE
  5
ED
330
17
100
AcDbEntity
  8
RASTER_TRACE
100
AcDbPolyline
 90
5
 70
1
 10
136.3546142578125
 20
84.3315087890625
 10
136.14143554687502
 20
84.01174072265624
 10
136.14143554687502
 20
83.69197265624999
 10
136.24802490234376
 20
83.90515136718749
 10
136.24802490234376
 20
84.22491943359374
  0
LWPOLYLINE
  5
EE
330
17
100
AcDbEntity
  8
RASTER_TRACE
100
AcDbPolyline
 90
3
 70
1
 10
85.19172363281251
 20
84.3315087890625
 10
85.93784912109376
 20
84.11833007812498
 10
85.93784912109376
 20
84.22491943359374
  0
LWPOLYLINE
  5
EF
330
17
100
AcDbEntity
  8
RASTER_TRACE
100
AcDbPolyline
 90
9
 70
1
 10
155.9670556640625
 20
84.43809814453124
 10
156.07364501953126
 20
84.3315087890625
 10
156.28682373046877
 20
84.3315087890625
 10
156.3934130859375
 20
84.22491943359374
 10
156.71318115234376
 20
84.22491943359374
 10
156.8197705078125
 20
84.11833007812498
 10
156.8197705078125
 20
84.22491943359374
 10
156.60659179687502
 20
84.22491943359374
 10
156.50000244140628
 20
84.3315087890625
  0
LWPOLYLINE
  5
F0
330
17
100
AcDbEntity
  8
RASTER_TRACE
100
AcDbPolyline
 90
4
 70
1
 10
88.60258300781251
 20
84.43809814453124
 10
88.28281494140626
 20
83.79856201171874
 10
88.389404296875
 20
83.79856201171874
 10
88.60258300781251
 20
84.22491943359374
  0
LWPOLYLINE
  5
F1
330
17
100
AcDbEntity
  8
RASTER_TRACE
100
AcDbPolyline
 90
5
 70
1
 10
84.01924072265626
 20
84.65127685546874
 10
84.125830078125
 20
84.54468749999998
 10
84.44559814453126
 20
84.54468749999998
 10
84.5521875
 20
84.43809814453124
 10
84.76536621093751
 20
84.43809814453124
  0
LWPOLYLINE
  5
F2
330
17
100
AcDbEntity
  8
RASTER_TRACE
100
AcDbPolyline
 90
5
 70
1
 10
162.57559570312503
 20
84.7578662109375
 10
163.00195312500003
 20
84.54468749999998
 10
163.2151318359375
 20
84.3315087890625
 10
163.32172119140625
 20
84.3315087890625
 10
162.89536376953126
 20
84.65127685546874
  0
LWPOLYLINE
  5
F3
330
17
100
AcDbEntity
  8
RASTER_TRACE
100
AcDbPolyline
 90
8
 70
1
 10
154.68798339843752
 20
84.86445556640624
 10
154.68798339843752
 20
84.7578662109375
 10
154.901162109375
 20
84.7578662109375
 10
155.00775146484378
 20
84.65127685546874
 10
155.43410888671878
 20
84.65127685546874
 10
155.22093017578126
 20
84.65127685546874
 10
155.11434082031252
 20
84.7578662109375
 10
154.901162109375
 20
84.7578662109375
  0
LWPOLYLINE
  5
F4
330
17
100
AcDbEntity
  8
RASTER_TRACE
100
AcDbPolyline
 90
6
 70
1
 10
160.87016601562502
 20
84.97104492187499
 10
160.87016601562502
 20
84.43809814453124
 10
160.97675537109376
 20
84.3315087890625
 10
160.97675537109376
 20
84.11833007812498
 10
161.18993408203127
 20
83.90515136718749
 10
160.87016601562502
 20
84.54468749999998
  0
LWPOLYLINE
  5
F5
330
17
100
AcDbEntity
  8
RASTER_TRACE
100
AcDbPolyline
 90
6
 70
1
 10
82.6335791015625
 20
84.97104492187499
 10
82.74016845703125
 20
84.86445556640624
 10
83.4862939453125
 20
84.7578662109375
 10
83.27311523437501
 20
84.86445556640624
 10
82.95334716796876
 20
84.86445556640624
 10
82.84675781250002
 20
84.97104492187499
  0
LWPOLYLINE
  5
F6
330
17
100
AcDbEntity
  8
RASTER_TRACE
100
AcDbPolyline
 90
10
 70
1
 10
153.30232177734376
 20
85.29081298828123
 10
153.30232177734376
 20
85.18422363281249
 10
153.51550048828128
 20
85.18422363281249
 10
153.62208984375002
 20
85.07763427734375
 10
153.94185791015627
 20
85.07763427734375
 10
154.04844726562501
 20
84.97104492187499
 10
154.04844726562501
 20
85.07763427734375
 10
153.83526855468753
 20
85.07763427734375
 10
153.72867919921876
 20
85.18422363281249
 10
153.51550048828128
 20
85.18422363281249
  0
LWPOLYLINE
  5
F7
330
17
100
AcDbEntity
  8
RASTER_TRACE
100
AcDbPolyline
 90
6
 70
1
 10
81.35450683593751
 20
85.29081298828123
 10
81.46109619140626
 20
85.18422363281249
 10
82.2072216796875
 20
85.07763427734375
 10
81.99404296875
 20
85.07763427734375
 10
81.88745361328125
 20
85.18422363281249
 10
81.567685546875
 20
85.18422363281249
  0
LWPOLYLINE
  5
F8
330
17
100
AcDbEntity
  8
RASTER_TRACE
100
AcDbPolyline
 90
7
 70
1
 10
136.67438232421875
 20
85.39740234374999
 10
136.56779296875
 20
85.39740234374999
 10
136.56779296875
 20
85.07763427734375
 10
136.46120361328127
 20
84.97104492187499
 10
136.46120361328127
 20
84.7578662109375
 10
136.56779296875
 20
84.97104492187499
 10
136.56779296875
 20
85.29081298828123
  0
LWPOLYLINE
  5
F9
330
17
100
AcDbEntity
  8
RASTER_TRACE
100
AcDbPolyline
 90
27
 70
1
 10
120.04644287109375
 20
85.39740234374999
 10
120.04644287109375
 20
85.29081298828123
 10
119.51349609375
 20
84.86445556640624
 10
118.8739599609375
 20
84.54468749999998
 10
118.55419189453127
 20
84.54468749999998
 10
118.4476025390625
 20
84.43809814453124
 10
116.74217285156251
 20
84.43809814453124
 10
116.63558349609374
 20
84.54468749999998
 10
115.88945800781252
 20
84.54468749999998
 10
115.78286865234375
 20
84.65127685546874
 10
115.35651123046875
 20
84.65127685546874
 10
115.24992187500001
 20
84.7578662109375
 10
115.0367431640625
 20
84.7578662109375
 10
114.71697509765625
 20
84.97104492187499
 10
114.71697509765625
 20
85.07763427734375
 10
115.0367431640625
 20
85.39740234374999
 10
115.14333251953127
 20
85.39740234374999
 10
115.56968994140627
 20
85.07763427734375
 10
115.99604736328126
 20
85.07763427734375
 10
116.10263671875
 20
84.97104492187499
 10
117.16853027343751
 20
84.97104492187499
 10
117.27511962890625
 20
84.86445556640624
 10
118.23442382812502
 20
84.86445556640624
 10
118.34101318359376
 20
84.97104492187499
 10
118.76737060546876
 20
84.97104492187499
 10
119.62008544921875
 20
85.39740234374999
 10
119.83326416015626
 20
85.61058105468749
  0
LWPOLYLINE
  5
FA
330
17
100
AcDbEntity
  8
RASTER_TRACE
100
AcDbPolyline
 90
8
 70
1
 10
151.91666015625003
 20
85.61058105468749
 10
152.12983886718752
 20
85.61058105468749
 10
152.23642822265626
 20
85.50399169921874
 10
152.44960693359377
 20
85.50399169921874
 10
152.66278564453125
 20
85.39740234374999
 10
152.66278564453125
 20
85.50399169921874
 10
152.44960693359377
 20
85.50399169921874
 10
152.34301757812503
 20
85.61058105468749
  0
LWPOLYLINE
  5
FB
330
17
100
AcDbEntity
  8
RASTER_TRACE
100
AcDbPolyline
 90
7
 70
1
 10
97.1297314453125
 20
85.61058105468749
 10
96.91655273437502
 20
85.29081298828123
 10
96.80996337890625
 20
84.7578662109375
 10
96.91655273437502
 20
84.97104492187499
 10
96.91655273437502
 20
85.18422363281249
 10
97.02314208984376
 20
85.29081298828123
 10
97.02314208984376
 20
85.50399169921874
  0
LWPOLYLINE
  5
FC
330
17
100
AcDbEntity
  8
RASTER_TRACE
100
AcDbPolyline
 90
6
 70
1
 10
80.18202392578127
 20
85.61058105468749
 10
80.18202392578127
 20
85.50399169921874
 10
80.92814941406252
 20
85.39740234374999
 10
80.714970703125
 20
85.39740234374999
 10
80.60838134765626
 20
85.50399169921874
 10
80.28861328125001
 20
85.50399169921874
  0
LWPOLYLINE
  5
FD
330
17
100
AcDbEntity
  8
RASTER_TRACE
100
AcDbPolyline
 90
11
 70
1
 10
87.74986816406252
 20
85.61058105468749
 10
87.74986816406252
 20
84.97104492187499
 10
87.74986816406252
 20
85.50399169921874
 10
87.963046875
 20
85.61058105468749
 10
88.17622558593752
 20
85.50399169921874
 10
88.60258300781251
 20
85.07763427734375
 10
88.60258300781251
 20
84.86445556640624
 10
88.70917236328125
 20
84.86445556640624
 10
88.70917236328125
 20
85.07763427734375
 10
88.28281494140626
 20
85.50399169921874
 10
87.85645751953126
 20
85.71717041015624
  0
LWPOLYLINE
  5
FE
330
17
100
AcDbEntity
  8
RASTER_TRACE
100
AcDbPolyline
 90
6
 70
1
 10
86.68397460937501
 20
85.93034912109374
 10
86.79056396484376
 20
85.82375976562498
 10
87.21692138671875
 20
85.82375976562498
 10
87.3235107421875
 20
85.71717041015624
 10
87.536689453125
 20
85.71717041015624
 10
87.43010009765626
 20
85.82375976562498
  0
LWPOLYLINE
  5
FF
330
17
100
AcDbEntity
  8
RASTER_TRACE
100
AcDbPolyline
 90
8
 70
1
 10
78.90295166015625
 20
85.93034912109374
 10
78.90295166015625
 20
85.82375976562498
 10
79.11613037109376
 20
85.82375976562498
 10
79.2227197265625
 20
85.71717041015624
 10
79.6490771484375
 20
85.71717041015624
 10
79.43589843750001
 20
85.71717041015624
 10
79.32930908203126
 20
85.82375976562498
 10
79.009541015625
 20
85.82375976562498
  0
LWPOLYLINE
  5
100
330
17
100
AcDbEntity
  8
RASTER_TRACE
100
AcDbPolyline
 90
8
 70
1
 10
150.53099853515627
 20
86.03693847656248
 10
150.74417724609376
 20
85.93034912109374
 10
151.0639453125
 20
85.93034912109374
 10
151.17053466796878
 20
85.82375976562498
 10
151.38371337890626
 20
85.82375976562498
 10
151.17053466796878
 20
85.93034912109374
 10
150.95735595703127
 20
85.93034912109374
 10
150.85076660156253
 20
86.03693847656248
  0
LWPOLYLINE
  5
101
330
17
100
AcDbEntity
  8
RASTER_TRACE
100
AcDbPolyline
 90
8
 70
1
 10
114.39720703125002
 20
86.14352783203124
 10
114.50379638671876
 20
86.14352783203124
 10
114.93015380859376
 20
85.61058105468749
 10
114.93015380859376
 20
85.39740234374999
 10
114.71697509765625
 20
85.07763427734375
 10
114.6103857421875
 20
85.07763427734375
 10
114.07743896484376
 20
85.61058105468749
 10
114.07743896484376
 20
85.82375976562498
  0
LWPOLYLINE
  5
102
330
17
100
AcDbEntity
  8
RASTER_TRACE
100
AcDbPolyline
 90
8
 70
1
 10
77.62387939453126
 20
86.14352783203124
 10
77.83705810546876
 20
86.14352783203124
 10
77.94364746093751
 20
86.03693847656248
 10
78.26341552734375
 20
86.03693847656248
 10
78.37000488281251
 20
85.93034912109374
 10
78.37000488281251
 20
86.03693847656248
 10
78.156826171875
 20
86.03693847656248
 10
78.05023681640625
 20
86.14352783203124
  0
LWPOLYLINE
  5
103
330
17
100
AcDbEntity
  8
RASTER_TRACE
100
AcDbPolyline
 90
11
 70
1
 10
122.81776611328127
 20
86.14352783203124
 10
122.81776611328127
 20
86.03693847656248
 10
122.2848193359375
 20
85.50399169921874
 10
122.07164062500001
 20
85.39740234374999
 10
121.8584619140625
 20
85.39740234374999
 10
121.75187255859376
 20
85.29081298828123
 10
120.15303222656252
 20
85.29081298828123
 10
119.939853515625
 20
85.61058105468749
 10
120.04644287109375
 20
85.71717041015624
 10
121.96505126953127
 20
85.71717041015624
 10
122.60458740234375
 20
86.35670654296874
  0
LWPOLYLINE
  5
104
330
17
100
AcDbEntity
  8
RASTER_TRACE
100
AcDbPolyline
 90
5
 70
1
 10
85.40490234375
 20
86.2501171875
 10
85.51149169921877
 20
86.14352783203124
 10
86.25761718750002
 20
86.03693847656248
 10
86.0444384765625
 20
86.14352783203124
 10
85.61808105468751
 20
86.14352783203124
  0
LWPOLYLINE
  5
105
330
17
100
AcDbEntity
  8
RASTER_TRACE
100
AcDbPolyline
 90
11
 70
1
 10
112.37200927734375
 20
86.2501171875
 10
112.79836669921875
 20
86.4632958984375
 10
112.90495605468752
 20
86.35670654296874
 10
113.65108154296877
 20
86.35670654296874
 10
113.75767089843751
 20
86.2501171875
 10
114.29061767578125
 20
86.2501171875
 10
114.39720703125002
 20
86.14352783203124
 10
113.970849609375
 20
85.71717041015624
 10
113.86426025390625
 20
85.71717041015624
 10
113.75767089843751
 20
85.82375976562498
 10
112.79836669921875
 20
85.93034912109374
  0
LWPOLYLINE
  5
106
330
17
100
AcDbEntity
  8
RASTER_TRACE
100
AcDbPolyline
 90
8
 70
1
 10
149.1453369140625
 20
86.4632958984375
 10
149.25192626953128
 20
86.35670654296874
 10
149.5716943359375
 20
86.35670654296874
 10
149.9980517578125
 20
86.14352783203124
 10
149.9980517578125
 20
86.2501171875
 10
149.78487304687502
 20
86.35670654296874
 10
149.46510498046877
 20
86.35670654296874
 10
149.35851562500002
 20
86.4632958984375
  0
LWPOLYLINE
  5
107
330
17
100
AcDbEntity
  8
RASTER_TRACE
100
AcDbPolyline
 90
6
 70
1
 10
136.88756103515627
 20
86.4632958984375
 10
136.88756103515627
 20
86.2501171875
 10
136.67438232421875
 20
85.82375976562498
 10
136.7809716796875
 20
85.82375976562498
 10
136.7809716796875
 20
86.03693847656248
 10
136.88756103515627
 20
86.14352783203124
  0
LWPOLYLINE
  5
108
330
17
100
AcDbEntity
  8
RASTER_TRACE
100
AcDbPolyline
 90
22
 70
1
 10
125.80226806640627
 20
86.4632958984375
 10
125.90885742187501
 20
86.56988525390624
 10
126.22862548828127
 20
86.2501171875
 10
126.65498291015626
 20
86.03693847656248
 10
127.08134033203126
 20
86.03693847656248
 10
127.1879296875
 20
85.93034912109374
 10
127.40110839843751
 20
85.93034912109374
 10
127.50769775390626
 20
86.03693847656248
 10
127.93405517578125
 20
86.03693847656248
 10
128.36041259765625
 20
86.2501171875
 10
128.6801806640625
 20
86.56988525390624
 10
128.78677001953125
 20
86.35670654296874
 10
128.14723388671877
 20
85.71717041015624
 10
127.93405517578125
 20
85.61058105468749
 10
127.50769775390626
 20
85.61058105468749
 10
127.40110839843751
 20
85.50399169921874
 10
127.1879296875
 20
85.50399169921874
 10
127.08134033203126
 20
85.61058105468749
 10
126.761572265625
 20
85.61058105468749
 10
126.65498291015626
 20
85.71717041015624
 10
126.44180419921875
 20
85.71717041015624
 10
125.80226806640627
 20
86.35670654296874
  0
LWPOLYLINE
  5
109
330
17
100
AcDbEntity
  8
RASTER_TRACE
100
AcDbPolyline
 90
3
 70
1
 10
76.45139648437501
 20
86.4632958984375
 10
77.19752197265626
 20
86.2501171875
 10
76.77116455078126
 20
86.4632958984375
  0
LWPOLYLINE
  5
10A
330
17
100
AcDbEntity
  8
RASTER_TRACE
100
AcDbPolyline
 90
7
 70
1
 10
84.125830078125
 20
86.56988525390624
 10
84.125830078125
 20
86.4632958984375
 10
84.5521875
 20
86.4632958984375
 10
84.65877685546874
 20
86.35670654296874
 10
84.978544921875
 20
86.35670654296874
 10
84.76536621093751
 20
86.4632958984375
 10
84.33900878906252
 20
86.4632958984375
  0
LWPOLYLINE
  5
10B
330
17
100
AcDbEntity
  8
RASTER_TRACE
100
AcDbPolyline
 90
6
 70
1
 10
97.44949951171876
 20
86.67647460937499
 10
97.23632080078124
 20
86.2501171875
 10
97.23632080078124
 20
85.93034912109374
 10
97.23632080078124
 20
86.14352783203124
 10
97.34291015625001
 20
86.2501171875
 10
97.34291015625001
 20
86.4632958984375
  0
LWPOLYLINE
  5
10C
330
17
100
AcDbEntity
  8
RASTER_TRACE
100
AcDbPolyline
 90
6
 70
1
 10
147.86626464843752
 20
86.78306396484373
 10
148.079443359375
 20
86.67647460937499
 10
148.29262207031252
 20
86.67647460937499
 10
148.39921142578126
 20
86.56988525390624
 10
148.61239013671877
 20
86.56988525390624
 10
148.18603271484378
 20
86.78306396484373
  0
LWPOLYLINE
  5
10D
330
17
100
AcDbEntity
  8
RASTER_TRACE
100
AcDbPolyline
 90
9
 70
1
 10
112.0522412109375
 20
86.99624267578125
 10
112.37200927734375
 20
86.99624267578125
 10
112.47859863281252
 20
86.88965332031249
 10
112.47859863281252
 20
86.67647460937499
 10
112.58518798828126
 20
86.56988525390624
 10
112.37200927734375
 20
86.2501171875
 10
112.26541992187501
 20
86.2501171875
 10
111.94565185546875
 20
86.67647460937499
 10
111.94565185546875
 20
86.88965332031249
  0
LWPOLYLINE
  5
10E
330
17
100
AcDbEntity
  8
RASTER_TRACE
100
AcDbPolyline
 90
6
 70
1
 10
82.74016845703125
 20
86.88965332031249
 10
82.84675781250002
 20
86.78306396484373
 10
83.59288330078127
 20
86.67647460937499
 10
83.37970458984375
 20
86.78306396484373
 10
83.0599365234375
 20
86.78306396484373
 10
82.95334716796876
 20
86.88965332031249
  0
LWPOLYLINE
  5
10F
330
17
100
AcDbEntity
  8
RASTER_TRACE
100
AcDbPolyline
 90
10
 70
1
 10
146.48060302734376
 20
87.20942138671874
 10
146.48060302734376
 20
87.10283203124999
 10
146.69378173828127
 20
87.10283203124999
 10
146.80037109375002
 20
86.99624267578125
 10
147.12013916015627
 20
86.99624267578125
 10
147.226728515625
 20
86.88965332031249
 10
147.226728515625
 20
86.99624267578125
 10
147.01354980468753
 20
86.99624267578125
 10
146.90696044921876
 20
87.10283203124999
 10
146.5871923828125
 20
87.10283203124999
  0
LWPOLYLINE
  5
110
330
17
100
AcDbEntity
  8
RASTER_TRACE
100
AcDbPolyline
 90
5
 70
1
 10
81.46109619140626
 20
87.20942138671874
 10
81.567685546875
 20
87.10283203124999
 10
82.31381103515625
 20
86.99624267578125
 10
82.10063232421876
 20
86.99624267578125
 10
81.99404296875
 20
87.10283203124999
  0
LWPOLYLINE
  5
111
330
17
100
AcDbEntity
  8
RASTER_TRACE
100
AcDbPolyline
 90
6
 70
1
 10
112.58518798828126
 20
87.42260009765624
 10
112.69177734375
 20
87.31601074218749
 10
112.69177734375
 20
87.10283203124999
 10
112.58518798828126
 20
86.99624267578125
 10
112.47859863281252
 20
87.10283203124999
 10
112.47859863281252
 20
87.31601074218749
  0
LWPOLYLINE
  5
112
330
17
100
AcDbEntity
  8
RASTER_TRACE
100
AcDbPolyline
 90
6
 70
1
 10
137.20732910156252
 20
87.52918945312499
 10
137.20732910156252
 20
87.31601074218749
 10
136.994150390625
 20
86.88965332031249
 10
137.10073974609375
 20
86.88965332031249
 10
137.10073974609375
 20
87.10283203124999
 10
137.20732910156252
 20
87.20942138671874
  0
LWPOLYLINE
  5
113
330
17
100
AcDbEntity
  8
RASTER_TRACE
100
AcDbPolyline
 90
8
 70
1
 10
79.96884521484375
 20
87.52918945312499
 10
80.18202392578127
 20
87.42260009765624
 10
80.50179199218749
 20
87.42260009765624
 10
80.60838134765626
 20
87.31601074218749
 10
80.92814941406252
 20
87.31601074218749
 10
80.714970703125
 20
87.42260009765624
 10
80.50179199218749
 20
87.42260009765624
 10
80.39520263671875
 20
87.52918945312499
  0
LWPOLYLINE
  5
114
330
17
100
AcDbEntity
  8
RASTER_TRACE
100
AcDbPolyline
 90
34
 70
1
 10
68.1374267578125
 20
87.52918945312499
 10
68.24401611328125
 20
87.63577880859374
 10
69.94944580078126
 20
87.63577880859374
 10
70.05603515625
 20
87.52918945312499
 10
71.65487548828125
 20
87.52918945312499
 10
71.76146484375
 20
87.42260009765624
 10
72.61417968750001
 20
87.42260009765624
 10
72.72076904296875
 20
87.31601074218749
 10
73.25371582031251
 20
87.31601074218749
 10
73.36030517578126
 20
87.20942138671874
 10
73.78666259765626
 20
87.20942138671874
 10
73.893251953125
 20
87.10283203124999
 10
74.63937744140625
 20
86.99624267578125
 10
74.745966796875
 20
86.88965332031249
 10
75.27891357421876
 20
86.78306396484373
 10
75.598681640625
 20
86.56988525390624
 10
75.49209228515625
 20
86.4632958984375
 10
75.49209228515625
 20
86.14352783203124
 10
75.3855029296875
 20
86.03693847656248
 10
75.27891357421876
 20
86.14352783203124
 10
74.95914550781251
 20
86.14352783203124
 10
74.85255615234375
 20
86.2501171875
 10
74.42619873046876
 20
86.2501171875
 10
74.319609375
 20
86.35670654296874
 10
73.893251953125
 20
86.35670654296874
 10
73.78666259765626
 20
86.4632958984375
 10
73.25371582031251
 20
86.4632958984375
 10
73.14712646484375
 20
86.56988525390624
 10
72.29441162109376
 20
86.56988525390624
 10
72.187822265625
 20
86.67647460937499
 10
71.12192871093751
 20
86.67647460937499
 10
71.01533935546875
 20
86.78306396484373
 10
68.24401611328125
 20
86.78306396484373
 10
68.1374267578125
 20
86.88965332031249
  0
LWPOLYLINE
  5
115
330
17
100
AcDbEntity
  8
RASTER_TRACE
100
AcDbPolyline
 90
18
 70
1
 10
126.1220361328125
 20
87.10283203124999
 10
126.54839355468752
 20
87.52918945312499
 10
126.97475097656252
 20
87.7423681640625
 10
127.72087646484377
 20
87.7423681640625
 10
127.82746582031251
 20
87.63577880859374
 10
128.04064453125
 20
87.63577880859374
 10
128.46700195312502
 20
87.20942138671874
 10
128.57359130859376
 20
86.99624267578125
 10
128.57359130859376
 20
86.67647460937499
 10
128.14723388671877
 20
86.2501171875
 10
127.93405517578125
 20
86.14352783203124
 10
127.614287109375
 20
86.14352783203124
 10
127.50769775390626
 20
86.03693847656248
 10
127.08134033203126
 20
86.03693847656248
 10
126.97475097656252
 20
86.14352783203124
 10
126.65498291015626
 20
86.14352783203124
 10
126.44180419921875
 20
86.2501171875
 10
126.1220361328125
 20
86.56988525390624
  0
LWPOLYLINE
  5
116
330
17
100
AcDbEntity
  8
RASTER_TRACE
100
AcDbPolyline
 90
6
 70
1
 10
112.69177734375
 20
87.7423681640625
 10
112.79836669921875
 20
87.63577880859374
 10
112.79836669921875
 20
87.42260009765624
 10
112.69177734375
 20
87.31601074218749
 10
112.58518798828126
 20
87.42260009765624
 10
112.58518798828126
 20
87.63577880859374
  0
LWPOLYLINE
  5
117
330
17
100
AcDbEntity
  8
RASTER_TRACE
100
AcDbPolyline
 90
5
 70
1
 10
97.76926757812501
 20
87.7423681640625
 10
97.5560888671875
 20
87.10283203124999
 10
97.66267822265627
 20
87.10283203124999
 10
97.66267822265627
 20
87.31601074218749
 10
97.76926757812501
 20
87.42260009765624
  0
LWPOLYLINE
  5
118
330
17
100
AcDbEntity
  8
RASTER_TRACE
100
AcDbPolyline
 90
5
 70
1
 10
78.58318359375001
 20
87.84895751953124
 10
79.54248779296876
 20
87.63577880859374
 10
79.43589843750001
 20
87.7423681640625
 10
79.11613037109376
 20
87.7423681640625
 10
79.009541015625
 20
87.84895751953124
  0
LWPOLYLINE
  5
119
330
17
100
AcDbEntity
  8
RASTER_TRACE
100
AcDbPolyline
 90
5
 70
1
 10
143.06974365234376
 20
87.95554687499998
 10
143.815869140625
 20
87.7423681640625
 10
143.70927978515627
 20
87.84895751953124
 10
143.38951171875001
 20
87.84895751953124
 10
143.28292236328127
 20
87.95554687499998
  0
LWPOLYLINE
  5
11A
330
17
100
AcDbEntity
  8
RASTER_TRACE
100
AcDbPolyline
 90
6
 70
1
 10
112.79836669921875
 20
88.06213623046874
 10
112.90495605468752
 20
87.95554687499998
 10
112.90495605468752
 20
87.7423681640625
 10
112.79836669921875
 20
87.63577880859374
 10
112.69177734375
 20
87.7423681640625
 10
112.69177734375
 20
87.95554687499998
  0
LWPOLYLINE
  5
11B
330
17
100
AcDbEntity
  8
RASTER_TRACE
100
AcDbPolyline
 90
9
 70
1
 10
145.84106689453128
 20
88.1687255859375
 10
145.41470947265626
 20
87.42260009765624
 10
145.52129882812503
 20
87.31601074218749
 10
145.94765625000002
 20
87.31601074218749
 10
146.05424560546876
 20
87.20942138671874
 10
146.05424560546876
 20
87.31601074218749
 10
145.84106689453128
 20
87.31601074218749
 10
145.52129882812503
 20
87.52918945312499
 10
145.94765625000002
 20
88.1687255859375
  0
LWPOLYLINE
  5
11C
330
17
100
AcDbEntity
  8
RASTER_TRACE
100
AcDbPolyline
 90
10
 70
1
 10
144.77517333984378
 20
88.1687255859375
 10
144.77517333984378
 20
87.7423681640625
 10
144.668583984375
 20
87.63577880859374
 10
144.34881591796878
 20
87.63577880859374
 10
145.09494140625003
 20
87.42260009765624
 10
145.09494140625003
 20
87.52918945312499
 10
144.98835205078126
 20
87.52918945312499
 10
144.77517333984378
 20
87.7423681640625
 10
144.88176269531252
 20
87.84895751953124
 10
144.88176269531252
 20
88.1687255859375
  0
LWPOLYLINE
  5
11D
330
17
100
AcDbEntity
  8
RASTER_TRACE
100
AcDbPolyline
 90
104
 70
1
 10
190.39541748046878
 20
88.38190429687499
 10
190.60859619140626
 20
88.27531494140624
 10
190.92836425781252
 20
88.27531494140624
 10
191.03495361328126
 20
88.1687255859375
 10
191.24813232421877
 20
88.1687255859375
 10
191.67448974609377
 20
87.95554687499998
 10
192.52720458984376
 20
87.20942138671874
 10
192.52720458984376
 20
87.10283203124999
 10
192.84697265625002
 20
86.78306396484373
 10
193.273330078125
 20
85.93034912109374
 10
193.273330078125
 20
85.71717041015624
 10
193.37991943359378
 20
85.61058105468749
 10
193.37991943359378
 20
85.18422363281249
 10
193.48650878906253
 20
85.07763427734375
 10
193.48650878906253
 20
83.15902587890623
 10
193.37991943359378
 20
83.05243652343749
 10
193.37991943359378
 20
82.51948974609374
 10
193.273330078125
 20
82.412900390625
 10
193.273330078125
 20
82.09313232421874
 10
193.16674072265627
 20
81.98654296874999
 10
193.16674072265627
 20
81.66677490234375
 10
193.06015136718753
 20
81.56018554687499
 10
193.06015136718753
 20
81.24041748046874
 10
192.95356201171876
 20
81.133828125
 10
192.84697265625002
 20
80.38770263671874
 10
192.63379394531253
 20
79.96134521484373
 10
192.63379394531253
 20
79.64157714843749
 10
192.52720458984376
 20
79.53498779296874
 10
192.52720458984376
 20
79.32180908203124
 10
192.31402587890628
 20
78.89545166015624
 10
192.31402587890628
 20
78.57568359374999
 10
192.2074365234375
 20
78.46909423828124
 10
192.2074365234375
 20
78.25591552734375
 10
192.10084716796877
 20
78.14932617187499
 10
192.10084716796877
 20
77.93614746093749
 10
191.99425781250002
 20
77.82955810546873
 10
191.99425781250002
 20
77.61637939453124
 10
191.7810791015625
 20
77.19002197265624
 10
191.7810791015625
 20
76.87025390624999
 10
191.67448974609377
 20
76.76366455078124
 10
191.67448974609377
 20
76.55048583984374
 10
191.56790039062503
 20
76.44389648437499
 10
191.56790039062503
 20
76.23071777343749
 10
191.46131103515626
 20
76.12412841796873
 10
191.46131103515626
 20
75.91094970703124
 10
191.24813232421877
 20
75.48459228515624
 10
191.24813232421877
 20
75.16482421874998
 10
191.14154296875003
 20
75.05823486328124
 10
191.14154296875003
 20
74.84505615234374
 10
191.03495361328126
 20
74.73846679687499
 10
191.03495361328126
 20
74.52528808593749
 10
190.92836425781252
 20
74.41869873046873
 10
190.92836425781252
 20
74.20552001953124
 10
190.82177490234378
 20
74.0989306640625
 10
190.82177490234378
 20
73.885751953125
 10
190.60859619140626
 20
73.45939453124998
 10
190.50200683593752
 20
73.56598388671874
 10
190.39541748046878
 20
74.20552001953124
 10
190.50200683593752
 20
74.31210937499999
 10
190.50200683593752
 20
74.52528808593749
 10
190.60859619140626
 20
74.63187744140623
 10
190.60859619140626
 20
74.84505615234374
 10
190.71518554687503
 20
74.95164550781249
 10
190.71518554687503
 20
75.16482421874998
 10
190.82177490234378
 20
75.27141357421874
 10
190.82177490234378
 20
75.48459228515624
 10
190.92836425781252
 20
75.591181640625
 10
191.14154296875003
 20
76.44389648437499
 10
191.35472167968751
 20
76.76366455078124
 10
191.35472167968751
 20
76.97684326171874
 10
191.46131103515626
 20
77.08343261718748
 10
191.46131103515626
 20
77.29661132812498
 10
191.67448974609377
 20
77.72296874999999
 10
191.67448974609377
 20
78.04273681640623
 10
191.88766845703128
 20
78.46909423828124
 10
191.88766845703128
 20
78.78886230468748
 10
192.10084716796877
 20
79.2152197265625
 10
192.10084716796877
 20
79.53498779296874
 10
192.31402587890628
 20
79.96134521484373
 10
192.31402587890628
 20
80.28111328124999
 10
192.42061523437502
 20
80.38770263671874
 10
192.42061523437502
 20
80.70747070312498
 10
192.52720458984376
 20
80.81406005859374
 10
192.52720458984376
 20
81.133828125
 10
192.63379394531253
 20
81.24041748046874
 10
192.63379394531253
 20
81.56018554687499
 10
192.74038330078128
 20
81.66677490234375
 10
192.74038330078128
 20
81.98654296874999
 10
192.84697265625002
 20
82.09313232421874
 10
192.84697265625002
 20
82.412900390625
 10
192.95356201171876
 20
82.51948974609374
 10
192.95356201171876
 20
82.94584716796874
 10
193.06015136718753
 20
83.05243652343749
 10
193.06015136718753
 20
84.86445556640624
 10
192.95356201171876
 20
84.97104492187499
 10
192.95356201171876
 20
85.29081298828123
 10
192.84697265625002
 20
85.39740234374999
 10
192.74038330078128
 20
85.93034912109374
 10
192.31402587890628
 20
86.67647460937499
 10
191.35472167968751
 20
87.52918945312499
 10
190.71518554687503
 20
87.84895751953124
 10
190.39541748046878
 20
87.84895751953124
 10
190.288828125
 20
87.95554687499998
 10
190.288828125
 20
88.27531494140624
  0
LWPOLYLINE
  5
11E
330
17
100
AcDbEntity
  8
RASTER_TRACE
100
AcDbPolyline
 90
23
 70
1
 10
125.6956787109375
 20
87.20942138671874
 10
125.90885742187501
 20
87.63577880859374
 10
126.33521484375001
 20
88.06213623046874
 10
126.761572265625
 20
88.27531494140624
 10
127.08134033203126
 20
88.27531494140624
 10
127.1879296875
 20
88.38190429687499
 10
127.93405517578125
 20
88.27531494140624
 10
128.36041259765625
 20
88.06213623046874
 10
128.78677001953125
 20
87.63577880859374
 10
128.89335937500002
 20
87.42260009765624
 10
128.89335937500002
 20
86.99624267578125
 10
128.6801806640625
 20
86.78306396484373
 10
128.57359130859376
 20
86.88965332031249
 10
128.57359130859376
 20
87.20942138671874
 10
128.14723388671877
 20
87.63577880859374
 10
127.93405517578125
 20
87.7423681640625
 10
127.72087646484377
 20
87.7423681640625
 10
127.614287109375
 20
87.84895751953124
 10
127.08134033203126
 20
87.84895751953124
 10
126.97475097656252
 20
87.7423681640625
 10
126.761572265625
 20
87.7423681640625
 10
126.33521484375001
 20
87.52918945312499
 10
125.90885742187501
 20
86.78306396484373
  0
LWPOLYLINE
  5
11F
330
17
100
AcDbEntity
  8
RASTER_TRACE
100
AcDbPolyline
 90
6
 70
1
 10
77.19752197265626
 20
88.27531494140624
 10
77.304111328125
 20
88.1687255859375
 10
78.05023681640625
 20
88.06213623046874
 10
77.83705810546876
 20
88.1687255859375
 10
77.51729003906252
 20
88.1687255859375
 10
77.41070068359375
 20
88.27531494140624
  0
LWPOLYLINE
  5
120
330
17
100
AcDbEntity
  8
RASTER_TRACE
100
AcDbPolyline
 90
8
 70
1
 10
141.68408203125
 20
88.38190429687499
 10
141.8972607421875
 20
88.27531494140624
 10
142.110439453125
 20
88.27531494140624
 10
142.21702880859377
 20
88.1687255859375
 10
142.53679687500002
 20
88.1687255859375
 10
142.3236181640625
 20
88.27531494140624
 10
142.110439453125
 20
88.27531494140624
 10
142.00385009765625
 20
88.38190429687499
  0
LWPOLYLINE
  5
121
330
17
100
AcDbEntity
  8
RASTER_TRACE
100
AcDbPolyline
 90
25
 70
1
 10
126.33521484375001
 20
88.1687255859375
 10
125.80226806640627
 20
87.63577880859374
 10
125.6956787109375
 20
87.42260009765624
 10
125.6956787109375
 20
87.10283203124999
 10
125.58908935546876
 20
86.99624267578125
 10
125.6956787109375
 20
86.88965332031249
 10
125.6956787109375
 20
86.35670654296874
 10
125.90885742187501
 20
86.14352783203124
 10
125.90885742187501
 20
86.03693847656248
 10
126.761572265625
 20
85.50399169921874
 10
127.82746582031251
 20
85.50399169921874
 10
128.46700195312502
 20
85.82375976562498
 10
128.89335937500002
 20
86.35670654296874
 10
128.89335937500002
 20
86.56988525390624
 10
128.99994873046876
 20
86.67647460937499
 10
128.99994873046876
 20
87.31601074218749
 10
128.89335937500002
 20
87.42260009765624
 10
128.89335937500002
 20
87.63577880859374
 10
128.36041259765625
 20
88.1687255859375
 10
128.14723388671877
 20
88.27531494140624
 10
127.93405517578125
 20
88.27531494140624
 10
127.82746582031251
 20
88.38190429687499
 10
126.86816162109375
 20
88.38190429687499
 10
126.761572265625
 20
88.27531494140624
 10
126.54839355468752
 20
88.27531494140624
  0
LWPOLYLINE
  5
122
330
17
100
AcDbEntity
  8
RASTER_TRACE
100
AcDbPolyline
 90
15
 70
1
 10
108.00184570312501
 20
88.06213623046874
 10
108.2150244140625
 20
88.27531494140624
 10
108.42820312500001
 20
88.27531494140624
 10
108.854560546875
 20
88.48849365234373
 10
109.28091796875
 20
88.48849365234373
 10
109.38750732421875
 20
88.38190429687499
 10
109.707275390625
 20
88.38190429687499
 10
109.92045410156251
 20
88.1687255859375
 10
109.707275390625
 20
87.95554687499998
 10
109.49409667968752
 20
87.84895751953124
 10
109.28091796875
 20
87.84895751953124
 10
109.17432861328126
 20
87.7423681640625
 10
108.53479248046875
 20
87.7423681640625
 10
108.42820312500001
 20
87.84895751953124
 10
108.2150244140625
 20
87.84895751953124
  0
LWPOLYLINE
  5
123
330
17
100
AcDbEntity
  8
RASTER_TRACE
100
AcDbPolyline
 90
19
 70
1
 10
123.45730224609375
 20
88.59508300781249
 10
123.56389160156252
 20
88.48849365234373
 10
123.56389160156252
 20
88.06213623046874
 10
123.45730224609375
 20
87.95554687499998
 10
123.45730224609375
 20
87.63577880859374
 10
123.350712890625
 20
87.52918945312499
 10
123.350712890625
 20
87.31601074218749
 10
123.24412353515626
 20
87.20942138671874
 10
123.13753417968752
 20
86.67647460937499
 10
122.81776611328127
 20
86.2501171875
 10
122.60458740234375
 20
86.4632958984375
 10
122.60458740234375
 20
86.67647460937499
 10
122.7111767578125
 20
86.78306396484373
 10
122.81776611328127
 20
87.31601074218749
 10
123.03094482421875
 20
87.63577880859374
 10
123.03094482421875
 20
87.84895751953124
 10
123.13753417968752
 20
87.95554687499998
 10
123.13753417968752
 20
88.27531494140624
 10
123.24412353515626
 20
88.48849365234373
  0
LWPOLYLINE
  5
124
330
17
100
AcDbEntity
  8
RASTER_TRACE
100
AcDbPolyline
 90
6
 70
1
 10
137.63368652343752
 20
88.59508300781249
 10
137.52709716796875
 20
88.59508300781249
 10
137.52709716796875
 20
88.38190429687499
 10
137.31391845703126
 20
87.95554687499998
 10
137.4205078125
 20
87.95554687499998
 10
137.4205078125
 20
88.1687255859375
  0
LWPOLYLINE
  5
125
330
17
100
AcDbEntity
  8
RASTER_TRACE
100
AcDbPolyline
 90
14
 70
1
 10
75.3855029296875
 20
88.70167236328123
 10
75.598681640625
 20
88.59508300781249
 10
75.8118603515625
 20
88.59508300781249
 10
75.91844970703126
 20
88.48849365234373
 10
75.8118603515625
 20
88.27531494140624
 10
75.8118603515625
 20
87.84895751953124
 10
75.8118603515625
 20
88.06213623046874
 10
76.02503906250001
 20
88.48849365234373
 10
76.34480712890625
 20
88.48849365234373
 10
76.45139648437501
 20
88.38190429687499
 10
76.66457519531251
 20
88.38190429687499
 10
76.55798583984375
 20
88.48849365234373
 10
76.2382177734375
 20
88.48849365234373
 10
76.13162841796876
 20
88.59508300781249
  0
LWPOLYLINE
  5
126
330
17
100
AcDbEntity
  8
RASTER_TRACE
100
AcDbPolyline
 90
7
 70
1
 10
140.405009765625
 20
88.80826171874999
 10
140.51159912109375
 20
88.70167236328123
 10
140.72477783203126
 20
88.70167236328123
 10
141.15113525390626
 20
88.48849365234373
 10
141.15113525390626
 20
88.59508300781249
 10
140.93795654296875
 20
88.70167236328123
 10
140.61818847656252
 20
88.70167236328123
  0
LWPOLYLINE
  5
127
330
17
100
AcDbEntity
  8
RASTER_TRACE
100
AcDbPolyline
 90
6
 70
1
 10
122.92435546875001
 20
88.91485107421875
 10
123.13753417968752
 20
88.70167236328123
 10
123.13753417968752
 20
88.48849365234373
 10
122.92435546875001
 20
88.27531494140624
 10
122.81776611328127
 20
88.38190429687499
 10
122.81776611328127
 20
88.80826171874999
  0
LWPOLYLINE
  5
128
330
17
100
AcDbEntity
  8
RASTER_TRACE
100
AcDbPolyline
 90
3
 70
1
 10
98.195625
 20
88.80826171874999
 10
97.87585693359375
 20
88.1687255859375
 10
97.9824462890625
 20
88.1687255859375
  0
LWPOLYLINE
  5
129
330
17
100
AcDbEntity
  8
RASTER_TRACE
100
AcDbPolyline
 90
55
 70
1
 10
57.691669921875004
 20
88.91485107421875
 10
57.9048486328125
 20
89.02144042968749
 10
58.01143798828125
 20
88.91485107421875
 10
58.544384765625004
 20
88.91485107421875
 10
58.65097412109375
 20
88.80826171874999
 10
59.93004638671876
 20
88.80826171874999
 10
60.03663574218751
 20
88.70167236328123
 10
61.209118652343754
 20
88.70167236328123
 10
61.3157080078125
 20
88.59508300781249
 10
62.168422851562504
 20
88.59508300781249
 10
62.27501220703125
 20
88.48849365234373
 10
62.914548339843755
 20
88.48849365234373
 10
63.021137695312504
 20
88.38190429687499
 10
63.55408447265626
 20
88.38190429687499
 10
63.660673828125006
 20
88.27531494140624
 10
64.61997802734376
 20
88.1687255859375
 10
64.7265673828125
 20
88.06213623046874
 10
65.04633544921876
 20
88.06213623046874
 10
65.1529248046875
 20
87.95554687499998
 10
65.47269287109376
 20
87.95554687499998
 10
65.5792822265625
 20
87.84895751953124
 10
65.89905029296875
 20
87.84895751953124
 10
66.0056396484375
 20
87.7423681640625
 10
66.32540771484375
 20
87.7423681640625
 10
66.4319970703125
 20
87.63577880859374
 10
68.03083740234376
 20
87.63577880859374
 10
68.1374267578125
 20
87.52918945312499
 10
68.1374267578125
 20
86.99624267578125
 10
68.03083740234376
 20
86.88965332031249
 10
67.28471191406251
 20
86.88965332031249
 10
67.17812255859376
 20
86.99624267578125
 10
66.53858642578126
 20
86.99624267578125
 10
66.4319970703125
 20
87.10283203124999
 10
65.79246093750001
 20
87.10283203124999
 10
65.68587158203125
 20
87.20942138671874
 10
65.25951416015626
 20
87.20942138671874
 10
65.1529248046875
 20
87.31601074218749
 10
64.61997802734376
 20
87.31601074218749
 10
64.513388671875
 20
87.42260009765624
 10
64.08703125
 20
87.42260009765624
 10
63.98044189453125
 20
87.52918945312499
 10
63.34090576171875
 20
87.52918945312499
 10
63.23431640625
 20
87.63577880859374
 10
62.59478027343751
 20
87.63577880859374
 10
62.48819091796875
 20
87.7423681640625
 10
61.955244140625005
 20
87.7423681640625
 10
61.848654785156256
 20
87.84895751953124
 10
61.102529296875005
 20
87.84895751953124
 10
60.995939941406256
 20
87.95554687499998
 10
59.93004638671876
 20
87.95554687499998
 10
59.82345703125
 20
88.06213623046874
 10
58.437795410156255
 20
88.06213623046874
 10
58.331206054687506
 20
88.1687255859375
 10
58.01143798828125
 20
88.1687255859375
 10
57.691669921875004
 20
88.38190429687499
  0
LWPOLYLINE
  5
12A
330
17
100
AcDbEntity
  8
RASTER_TRACE
100
AcDbPolyline
 90
6
 70
1
 10
146.69378173828127
 20
89.02144042968749
 10
146.37401367187502
 20
88.70167236328123
 10
146.26742431640628
 20
88.70167236328123
 10
146.26742431640628
 20
88.59508300781249
 10
146.37401367187502
 20
88.59508300781249
 10
146.69378173828127
 20
88.91485107421875
  0
LWPOLYLINE
  5
12B
330
17
100
AcDbEntity
  8
RASTER_TRACE
100
AcDbPolyline
 90
5
 70
1
 10
74.10643066406251
 20
89.02144042968749
 10
74.319609375
 20
89.02144042968749
 10
74.42619873046876
 20
88.91485107421875
 10
74.95914550781251
 20
88.80826171874999
 10
74.85255615234375
 20
88.91485107421875
  0
LWPOLYLINE
  5
12C
330
17
100
AcDbEntity
  8
RASTER_TRACE
100
AcDbPolyline
 90
10
 70
1
 10
139.12593750000002
 20
89.23461914062499
 10
139.12593750000002
 20
89.12802978515624
 10
139.3391162109375
 20
89.12802978515624
 10
139.44570556640625
 20
89.02144042968749
 10
139.65888427734376
 20
89.02144042968749
 10
139.87206298828127
 20
88.91485107421875
 10
139.87206298828127
 20
89.02144042968749
 10
139.65888427734376
 20
89.02144042968749
 10
139.55229492187502
 20
89.12802978515624
 10
139.3391162109375
 20
89.12802978515624
  0
LWPOLYLINE
  5
12D
330
17
100
AcDbEntity
  8
RASTER_TRACE
100
AcDbPolyline
 90
4
 70
1
 10
68.5637841796875
 20
89.23461914062499
 10
68.45719482421876
 20
89.23461914062499
 10
68.45719482421876
 20
89.02144042968749
 10
68.24401611328125
 20
88.59508300781249
  0
LWPOLYLINE
  5
12E
330
17
100
AcDbEntity
  8
RASTER_TRACE
100
AcDbPolyline
 90
18
 70
1
 10
107.68207763671876
 20
88.70167236328123
 10
108.2150244140625
 20
89.23461914062499
 10
108.42820312500001
 20
89.34120849609374
 10
108.6413818359375
 20
89.34120849609374
 10
108.74797119140626
 20
89.44779785156248
 10
109.17432861328126
 20
89.44779785156248
 10
109.28091796875
 20
89.34120849609374
 10
109.60068603515626
 20
89.34120849609374
 10
109.81386474609377
 20
89.23461914062499
 10
110.1336328125
 20
88.91485107421875
 10
110.1336328125
 20
88.48849365234373
 10
109.92045410156251
 20
88.27531494140624
 10
109.60068603515626
 20
88.48849365234373
 10
108.854560546875
 20
88.59508300781249
 10
108.74797119140626
 20
88.48849365234373
 10
108.2150244140625
 20
88.38190429687499
 10
107.89525634765627
 20
88.06213623046874
 10
107.68207763671876
 20
88.38190429687499
  0
LWPOLYLINE
  5
12F
330
17
100
AcDbEntity
  8
RASTER_TRACE
100
AcDbPolyline
 90
8
 70
1
 10
72.8273583984375
 20
89.34120849609374
 10
73.04053710937501
 20
89.34120849609374
 10
73.14712646484375
 20
89.23461914062499
 10
73.46689453125
 20
89.23461914062499
 10
73.57348388671875
 20
89.12802978515624
 10
73.57348388671875
 20
89.23461914062499
 10
73.36030517578126
 20
89.23461914062499
 10
73.25371582031251
 20
89.34120849609374
  0
LWPOLYLINE
  5
130
330
17
100
AcDbEntity
  8
RASTER_TRACE
100
AcDbPolyline
 90
8
 70
1
 10
123.13753417968752
 20
89.55438720703124
 10
123.24412353515626
 20
89.55438720703124
 10
123.56389160156252
 20
89.23461914062499
 10
123.56389160156252
 20
88.91485107421875
 10
123.67048095703126
 20
88.80826171874999
 10
123.56389160156252
 20
88.59508300781249
 10
123.24412353515626
 20
88.70167236328123
 10
122.81776611328127
 20
89.12802978515624
  0
LWPOLYLINE
  5
131
330
17
100
AcDbEntity
  8
RASTER_TRACE
100
AcDbPolyline
 90
55
 70
1
 10
176.00585449218752
 20
89.55438720703124
 10
176.11244384765627
 20
89.6609765625
 10
176.64539062500003
 20
89.6609765625
 10
176.75197998046878
 20
89.55438720703124
 10
178.03105224609376
 20
89.55438720703124
 10
178.1376416015625
 20
89.44779785156248
 10
179.31012451171878
 20
89.44779785156248
 10
179.41671386718753
 20
89.34120849609374
 10
180.48260742187503
 20
89.34120849609374
 10
180.58919677734377
 20
89.23461914062499
 10
181.65509033203128
 20
89.23461914062499
 10
181.76167968750002
 20
89.12802978515624
 10
182.93416259765627
 20
89.12802978515624
 10
183.040751953125
 20
89.02144042968749
 10
184.21323486328126
 20
89.02144042968749
 10
184.31982421875003
 20
88.91485107421875
 10
185.38571777343753
 20
88.91485107421875
 10
185.49230712890628
 20
88.80826171874999
 10
186.451611328125
 20
88.80826171874999
 10
186.55820068359378
 20
88.70167236328123
 10
187.62409423828126
 20
88.70167236328123
 10
187.73068359375003
 20
88.59508300781249
 10
188.7965771484375
 20
88.59508300781249
 10
188.90316650390628
 20
88.48849365234373
 10
189.862470703125
 20
88.48849365234373
 10
189.96906005859378
 20
88.38190429687499
 10
190.18223876953127
 20
88.38190429687499
 10
190.288828125
 20
88.1687255859375
 10
190.07564941406253
 20
87.95554687499998
 10
189.54270263671876
 20
87.95554687499998
 10
189.43611328125002
 20
88.06213623046874
 10
188.47680908203128
 20
88.06213623046874
 10
188.3702197265625
 20
88.1687255859375
 10
187.41091552734378
 20
88.1687255859375
 10
187.30432617187503
 20
88.27531494140624
 10
186.23843261718753
 20
88.27531494140624
 10
186.13184326171876
 20
88.38190429687499
 10
184.9593603515625
 20
88.38190429687499
 10
184.85277099609377
 20
88.48849365234373
 10
183.89346679687503
 20
88.48849365234373
 10
183.78687744140626
 20
88.59508300781249
 10
182.72098388671878
 20
88.59508300781249
 10
182.61439453125
 20
88.70167236328123
 10
181.44191162109377
 20
88.70167236328123
 10
181.33532226562502
 20
88.80826171874999
 10
180.26942871093752
 20
88.80826171874999
 10
180.16283935546878
 20
88.91485107421875
 10
178.99035644531253
 20
88.91485107421875
 10
178.88376708984376
 20
89.02144042968749
 10
177.81787353515628
 20
89.02144042968749
 10
177.7112841796875
 20
89.12802978515624
 10
176.43221191406252
 20
89.12802978515624
 10
176.32562255859378
 20
89.23461914062499
 10
176.11244384765627
 20
89.23461914062499
 10
176.00585449218752
 20
89.34120849609374
  0
LWPOLYLINE
  5
132
330
17
100
AcDbEntity
  8
RASTER_TRACE
100
AcDbPolyline
 90
44
 70
1
 10
176.00585449218752
 20
89.55438720703124
 10
176.00585449218752
 20
89.34120849609374
 10
175.89926513671878
 20
89.23461914062499
 10
174.08724609375003
 20
89.23461914062499
 10
173.98065673828128
 20
89.12802978515624
 10
173.44770996093752
 20
89.12802978515624
 10
173.34112060546877
 20
89.02144042968749
 10
172.91476318359378
 20
89.02144042968749
 10
172.808173828125
 20
88.91485107421875
 10
172.48840576171878
 20
88.91485107421875
 10
172.38181640625
 20
88.80826171874999
 10
171.84886962890627
 20
88.70167236328123
 10
171.52910156250002
 20
88.48849365234373
 10
171.31592285156253
 20
88.48849365234373
 10
170.35661865234377
 20
87.95554687499998
 10
170.14343994140626
 20
87.95554687499998
 10
169.71708251953126
 20
87.7423681640625
 10
169.50390380859378
 20
87.52918945312499
 10
169.29072509765626
 20
87.52918945312499
 10
168.544599609375
 20
87.10283203124999
 10
168.33142089843753
 20
87.10283203124999
 10
168.01165283203127
 20
86.88965332031249
 10
167.79847412109376
 20
86.88965332031249
 10
167.69188476562502
 20
86.99624267578125
 10
168.11824218750002
 20
87.20942138671874
 10
168.33142089843753
 20
87.42260009765624
 10
169.07754638671878
 20
87.7423681640625
 10
169.29072509765626
 20
87.95554687499998
 10
170.03685058593751
 20
88.27531494140624
 10
170.25002929687503
 20
88.48849365234373
 10
170.67638671875002
 20
88.70167236328123
 10
170.8895654296875
 20
88.70167236328123
 10
171.42251220703128
 20
89.02144042968749
 10
171.63569091796876
 20
89.02144042968749
 10
171.74228027343753
 20
89.12802978515624
 10
171.955458984375
 20
89.12802978515624
 10
172.38181640625
 20
89.34120849609374
 10
172.70158447265626
 20
89.34120849609374
 10
172.808173828125
 20
89.44779785156248
 10
173.12794189453126
 20
89.44779785156248
 10
173.23453125000003
 20
89.55438720703124
 10
173.8740673828125
 20
89.55438720703124
 10
173.98065673828128
 20
89.6609765625
 10
175.89926513671878
 20
89.6609765625
  0
LWPOLYLINE
  5
133
330
17
100
AcDbEntity
  8
RASTER_TRACE
100
AcDbPolyline
 90
64
 70
1
 10
112.69177734375
 20
86.88965332031249
 10
112.79836669921875
 20
86.99624267578125
 10
112.79836669921875
 20
87.20942138671874
 10
112.90495605468752
 20
87.31601074218749
 10
113.01154541015626
 20
87.84895751953124
 10
113.22472412109377
 20
88.1687255859375
 10
113.22472412109377
 20
88.38190429687499
 10
113.33131347656251
 20
88.59508300781249
 10
113.65108154296877
 20
88.91485107421875
 10
115.0367431640625
 20
88.91485107421875
 10
115.14333251953127
 20
88.80826171874999
 10
115.56968994140627
 20
88.80826171874999
 10
116.20922607421875
 20
89.12802978515624
 10
116.42240478515626
 20
89.34120849609374
 10
116.63558349609374
 20
89.44779785156248
 10
116.84876220703126
 20
89.44779785156248
 10
116.9553515625
 20
89.55438720703124
 10
117.16853027343751
 20
89.55438720703124
 10
117.27511962890625
 20
89.6609765625
 10
117.91465576171876
 20
89.6609765625
 10
118.0212451171875
 20
89.55438720703124
 10
119.19372802734375
 20
89.55438720703124
 10
119.3003173828125
 20
89.44779785156248
 10
120.04644287109375
 20
89.44779785156248
 10
120.47280029296877
 20
89.23461914062499
 10
120.89915771484377
 20
88.80826171874999
 10
120.89915771484377
 20
88.70167236328123
 10
121.21892578125002
 20
88.38190429687499
 10
121.4321044921875
 20
88.27531494140624
 10
122.07164062500001
 20
88.27531494140624
 10
122.17822998046876
 20
88.1687255859375
 10
122.81776611328127
 20
88.1687255859375
 10
122.92435546875001
 20
88.06213623046874
 10
122.81776611328127
 20
87.84895751953124
 10
122.81776611328127
 20
87.63577880859374
 10
122.7111767578125
 20
87.52918945312499
 10
122.7111767578125
 20
87.31601074218749
 10
122.60458740234375
 20
87.20942138671874
 10
122.60458740234375
 20
86.99624267578125
 10
122.49799804687501
 20
86.88965332031249
 10
122.49799804687501
 20
86.67647460937499
 10
122.39140869140627
 20
86.56988525390624
 10
122.39140869140627
 20
86.35670654296874
 10
121.96505126953127
 20
85.93034912109374
 10
121.75187255859376
 20
85.82375976562498
 10
121.21892578125002
 20
85.82375976562498
 10
121.11233642578125
 20
85.93034912109374
 10
119.939853515625
 20
85.93034912109374
 10
119.3003173828125
 20
85.39740234374999
 10
118.8739599609375
 20
85.18422363281249
 10
118.66078125000001
 20
85.18422363281249
 10
118.55419189453127
 20
85.07763427734375
 10
116.74217285156251
 20
85.07763427734375
 10
116.63558349609374
 20
85.18422363281249
 10
115.88945800781252
 20
85.18422363281249
 10
115.78286865234375
 20
85.29081298828123
 10
115.4631005859375
 20
85.29081298828123
 10
114.50379638671876
 20
86.35670654296874
 10
114.29061767578125
 20
86.35670654296874
 10
114.1840283203125
 20
86.4632958984375
 10
113.118134765625
 20
86.4632958984375
 10
113.01154541015626
 20
86.56988525390624
 10
112.79836669921875
 20
86.56988525390624
 10
112.69177734375
 20
86.67647460937499
  0
LWPOLYLINE
  5
134
330
17
100
AcDbEntity
  8
RASTER_TRACE
100
AcDbPolyline
 90
9
 70
1
 10
113.65108154296877
 20
89.6609765625
 10
113.75767089843751
 20
89.55438720703124
 10
113.75767089843751
 20
89.12802978515624
 10
113.5444921875
 20
89.02144042968749
 10
113.22472412109377
 20
88.70167236328123
 10
113.118134765625
 20
88.80826171874999
 10
113.118134765625
 20
89.02144042968749
 10
113.33131347656251
 20
89.44779785156248
 10
113.5444921875
 20
89.6609765625
  0
LWPOLYLINE
  5
135
330
17
100
AcDbEntity
  8
RASTER_TRACE
100
AcDbPolyline
 90
20
 70
1
 10
113.01154541015626
 20
89.6609765625
 10
113.33131347656251
 20
89.44779785156248
 10
113.01154541015626
 20
88.91485107421875
 10
113.01154541015626
 20
88.70167236328123
 10
112.79836669921875
 20
88.38190429687499
 10
112.79836669921875
 20
88.1687255859375
 10
112.69177734375
 20
88.06213623046874
 10
112.69177734375
 20
87.84895751953124
 10
112.58518798828126
 20
87.7423681640625
 10
112.58518798828126
 20
87.52918945312499
 10
112.47859863281252
 20
87.31601074218749
 10
112.26541992187501
 20
87.10283203124999
 10
112.0522412109375
 20
87.10283203124999
 10
111.94565185546875
 20
87.31601074218749
 10
112.0522412109375
 20
87.42260009765624
 10
112.15883056640627
 20
87.95554687499998
 10
112.37200927734375
 20
88.27531494140624
 10
112.37200927734375
 20
88.48849365234373
 10
112.79836669921875
 20
89.34120849609374
 10
112.79836669921875
 20
89.55438720703124
  0
LWPOLYLINE
  5
136
330
17
100
AcDbEntity
  8
RASTER_TRACE
100
AcDbPolyline
 90
21
 70
1
 10
107.3623095703125
 20
88.80826171874999
 10
107.68207763671876
 20
89.34120849609374
 10
108.53479248046875
 20
89.76756591796874
 10
109.49409667968752
 20
89.76756591796874
 10
109.60068603515626
 20
89.6609765625
 10
109.81386474609377
 20
89.6609765625
 10
110.02704345703125
 20
89.55438720703124
 10
110.45340087890625
 20
89.12802978515624
 10
110.45340087890625
 20
88.70167236328123
 10
110.34681152343751
 20
88.59508300781249
 10
110.1336328125
 20
89.02144042968749
 10
109.81386474609377
 20
89.34120849609374
 10
109.60068603515626
 20
89.34120849609374
 10
109.49409667968752
 20
89.44779785156248
 10
108.42820312500001
 20
89.44779785156248
 10
108.00184570312501
 20
89.23461914062499
 10
107.7886669921875
 20
89.02144042968749
 10
107.68207763671876
 20
88.80826171874999
 10
107.68207763671876
 20
88.59508300781249
 10
107.57548828125002
 20
88.48849365234373
 10
107.3623095703125
 20
88.70167236328123
  0
LWPOLYLINE
  5
137
330
17
100
AcDbEntity
  8
RASTER_TRACE
100
AcDbPolyline
 90
6
 70
1
 10
137.95345458984377
 20
89.76756591796874
 10
137.74027587890626
 20
89.34120849609374
 10
137.74027587890626
 20
89.02144042968749
 10
137.74027587890626
 20
89.23461914062499
 10
137.846865234375
 20
89.34120849609374
 10
137.846865234375
 20
89.55438720703124
  0
LWPOLYLINE
  5
138
330
17
100
AcDbEntity
  8
RASTER_TRACE
100
AcDbPolyline
 90
10
 70
1
 10
71.5482861328125
 20
89.76756591796874
 10
71.5482861328125
 20
89.6609765625
 10
71.76146484375
 20
89.6609765625
 10
71.86805419921876
 20
89.55438720703124
 10
72.187822265625
 20
89.55438720703124
 10
72.29441162109376
 20
89.44779785156248
 10
72.29441162109376
 20
89.55438720703124
 10
72.08123291015625
 20
89.55438720703124
 10
71.9746435546875
 20
89.6609765625
 10
71.65487548828125
 20
89.6609765625
  0
LWPOLYLINE
  5
139
330
17
100
AcDbEntity
  8
RASTER_TRACE
100
AcDbPolyline
 90
24
 70
1
 10
107.25572021484376
 20
88.80826171874999
 10
107.25572021484376
 20
88.38190429687499
 10
107.3623095703125
 20
88.1687255859375
 10
107.89525634765627
 20
87.63577880859374
 10
108.10843505859376
 20
87.63577880859374
 10
108.2150244140625
 20
87.52918945312499
 10
108.6413818359375
 20
87.52918945312499
 10
108.74797119140626
 20
87.42260009765624
 10
108.96114990234375
 20
87.42260009765624
 10
109.06773925781252
 20
87.52918945312499
 10
109.49409667968752
 20
87.52918945312499
 10
110.1336328125
 20
87.84895751953124
 10
110.45340087890625
 20
88.1687255859375
 10
110.55999023437502
 20
88.38190429687499
 10
110.55999023437502
 20
89.12802978515624
 10
110.1336328125
 20
89.55438720703124
 10
109.707275390625
 20
89.76756591796874
 10
109.38750732421875
 20
89.76756591796874
 10
109.28091796875
 20
89.8741552734375
 10
108.6413818359375
 20
89.8741552734375
 10
108.53479248046875
 20
89.76756591796874
 10
108.2150244140625
 20
89.76756591796874
 10
107.7886669921875
 20
89.55438720703124
 10
107.46889892578125
 20
89.23461914062499
  0
LWPOLYLINE
  5
13A
330
17
100
AcDbEntity
  8
RASTER_TRACE
100
AcDbPolyline
 90
23
 70
1
 10
120.15303222656252
 20
90.087333984375
 10
120.3662109375
 20
90.19392333984374
 10
121.32551513671876
 20
89.23461914062499
 10
121.53869384765625
 20
89.12802978515624
 10
122.17822998046876
 20
89.12802978515624
 10
122.2848193359375
 20
89.02144042968749
 10
122.7111767578125
 20
89.02144042968749
 10
122.81776611328127
 20
88.91485107421875
 10
122.81776611328127
 20
88.38190429687499
 10
122.7111767578125
 20
88.27531494140624
 10
122.49799804687501
 20
88.38190429687499
 10
121.64528320312502
 20
88.38190429687499
 10
121.32551513671876
 20
88.59508300781249
 10
121.4321044921875
 20
88.70167236328123
 10
121.4321044921875
 20
88.91485107421875
 10
121.32551513671876
 20
89.02144042968749
 10
121.32551513671876
 20
88.80826171874999
 10
121.4321044921875
 20
88.70167236328123
 10
121.21892578125002
 20
88.59508300781249
 10
121.11233642578125
 20
88.80826171874999
 10
120.47280029296877
 20
89.44779785156248
 10
120.3662109375
 20
89.44779785156248
 10
120.15303222656252
 20
89.6609765625
  0
LWPOLYLINE
  5
13B
330
17
100
AcDbEntity
  8
RASTER_TRACE
100
AcDbPolyline
 90
10
 70
1
 10
98.621982421875
 20
90.087333984375
 10
98.51539306640626
 20
89.98074462890624
 10
98.51539306640626
 20
89.76756591796874
 10
98.40880371093752
 20
89.6609765625
 10
98.40880371093752
 20
89.44779785156248
 10
98.30221435546875
 20
89.23461914062499
 10
98.40880371093752
 20
89.34120849609374
 10
98.40880371093752
 20
89.55438720703124
 10
98.51539306640626
 20
89.6609765625
 10
98.51539306640626
 20
89.8741552734375
  0
LWPOLYLINE
  5
13C
330
17
100
AcDbEntity
  8
RASTER_TRACE
100
AcDbPolyline
 90
8
 70
1
 10
70.16262451171875
 20
90.087333984375
 10
70.16262451171875
 20
89.98074462890624
 10
70.482392578125
 20
89.98074462890624
 10
70.58898193359376
 20
89.8741552734375
 10
71.01533935546875
 20
89.8741552734375
 10
70.80216064453126
 20
89.8741552734375
 10
70.69557128906251
 20
89.98074462890624
 10
70.2692138671875
 20
89.98074462890624
  0
LWPOLYLINE
  5
13D
330
17
100
AcDbEntity
  8
RASTER_TRACE
100
AcDbPolyline
 90
6
 70
1
 10
113.5444921875
 20
90.30051269531249
 10
113.75767089843751
 20
89.8741552734375
 10
113.33131347656251
 20
89.55438720703124
 10
113.118134765625
 20
89.6609765625
 10
113.01154541015626
 20
89.8741552734375
 10
113.43790283203126
 20
90.30051269531249
  0
LWPOLYLINE
  5
13E
330
17
100
AcDbEntity
  8
RASTER_TRACE
100
AcDbPolyline
 90
25
 70
1
 10
117.06194091796877
 20
90.30051269531249
 10
117.06194091796877
 20
89.76756591796874
 10
116.9553515625
 20
89.6609765625
 10
116.74217285156251
 20
89.6609765625
 10
116.31581542968752
 20
89.44779785156248
 10
116.10263671875
 20
89.23461914062499
 10
115.99604736328126
 20
89.23461914062499
 10
115.78286865234375
 20
89.44779785156248
 10
115.88945800781252
 20
89.23461914062499
 10
115.67627929687501
 20
89.02144042968749
 10
114.71697509765625
 20
89.02144042968749
 10
114.6103857421875
 20
89.12802978515624
 10
113.86426025390625
 20
89.12802978515624
 10
113.75767089843751
 20
89.23461914062499
 10
113.75767089843751
 20
89.6609765625
 10
113.86426025390625
 20
89.76756591796874
 10
115.24992187500001
 20
89.76756591796874
 10
115.4631005859375
 20
89.6609765625
 10
115.56968994140627
 20
89.76756591796874
 10
115.78286865234375
 20
89.76756591796874
 10
115.99604736328126
 20
89.98074462890624
 10
116.10263671875
 20
89.98074462890624
 10
116.31581542968752
 20
90.19392333984374
 10
116.74217285156251
 20
90.40710205078125
 10
116.9553515625
 20
90.40710205078125
  0
LWPOLYLINE
  5
13F
330
17
100
AcDbEntity
  8
RASTER_TRACE
100
AcDbPolyline
 90
12
 70
1
 10
68.67037353515624
 20
89.55438720703124
 10
68.77696289062501
 20
89.76756591796874
 10
68.77696289062501
 20
89.98074462890624
 10
68.9901416015625
 20
90.30051269531249
 10
69.09673095703126
 20
90.19392333984374
 10
69.52308837890625
 20
90.19392333984374
 10
69.73626708984375
 20
90.087333984375
 10
69.62967773437501
 20
90.19392333984374
 10
68.88355224609376
 20
90.30051269531249
 10
68.77696289062501
 20
90.087333984375
 10
68.77696289062501
 20
89.8741552734375
 10
68.67037353515624
 20
89.76756591796874
  0
LWPOLYLINE
  5
140
330
17
100
AcDbEntity
  8
RASTER_TRACE
100
AcDbPolyline
 90
16
 70
1
 10
117.06194091796877
 20
90.40710205078125
 10
117.16853027343751
 20
90.51369140624999
 10
117.59488769531251
 20
90.51369140624999
 10
117.70147705078125
 20
90.40710205078125
 10
119.19372802734375
 20
90.40710205078125
 10
119.3003173828125
 20
90.30051269531249
 10
120.04644287109375
 20
90.30051269531249
 10
120.15303222656252
 20
90.19392333984374
 10
120.15303222656252
 20
89.6609765625
 10
120.04644287109375
 20
89.55438720703124
 10
119.83326416015626
 20
89.55438720703124
 10
119.72667480468752
 20
89.6609765625
 10
118.66078125000001
 20
89.6609765625
 10
118.55419189453127
 20
89.76756591796874
 10
117.16853027343751
 20
89.76756591796874
 10
117.06194091796877
 20
89.8741552734375
  0
LWPOLYLINE
  5
141
330
17
100
AcDbEntity
  8
RASTER_TRACE
100
AcDbPolyline
 90
7
 70
1
 10
67.81765869140625
 20
90.51369140624999
 10
68.03083740234376
 20
90.40710205078125
 10
68.45719482421876
 20
90.40710205078125
 10
68.5637841796875
 20
90.30051269531249
 10
68.5637841796875
 20
90.40710205078125
 10
68.35060546875
 20
90.40710205078125
 10
68.24401611328125
 20
90.51369140624999
  0
LWPOLYLINE
  5
142
330
17
100
AcDbEntity
  8
RASTER_TRACE
100
AcDbPolyline
 90
3
 70
1
 10
66.64517578125
 20
90.72687011718749
 10
66.75176513671875
 20
90.62028076171873
 10
67.39130126953125
 20
90.62028076171873
  0
LWPOLYLINE
  5
143
330
17
100
AcDbEntity
  8
RASTER_TRACE
100
AcDbPolyline
 90
8
 70
1
 10
138.27322265625
 20
90.94004882812499
 10
138.16663330078126
 20
90.72687011718749
 10
138.16663330078126
 20
90.51369140624999
 10
138.06004394531251
 20
90.40710205078125
 10
138.06004394531251
 20
90.19392333984374
 10
138.16663330078126
 20
90.40710205078125
 10
138.16663330078126
 20
90.62028076171873
 10
138.27322265625
 20
90.72687011718749
  0
LWPOLYLINE
  5
144
330
17
100
AcDbEntity
  8
RASTER_TRACE
100
AcDbPolyline
 90
7
 70
1
 10
65.25951416015626
 20
90.94004882812499
 10
65.25951416015626
 20
90.83345947265624
 10
65.89905029296875
 20
90.83345947265624
 10
66.11222900390626
 20
90.72687011718749
 10
66.11222900390626
 20
90.83345947265624
 10
65.5792822265625
 20
90.83345947265624
 10
65.47269287109376
 20
90.94004882812499
  0
LWPOLYLINE
  5
145
330
17
100
AcDbEntity
  8
RASTER_TRACE
100
AcDbPolyline
 90
3
 70
1
 10
98.94175048828126
 20
91.04663818359374
 10
98.83516113281252
 20
90.94004882812499
 10
98.72857177734375
 20
90.40710205078125
  0
LWPOLYLINE
  5
146
330
17
100
AcDbEntity
  8
RASTER_TRACE
100
AcDbPolyline
 90
5
 70
1
 10
63.873852539062504
 20
91.04663818359374
 10
63.98044189453125
 20
90.94004882812499
 10
64.7265673828125
 20
90.94004882812499
 10
64.513388671875
 20
90.94004882812499
 10
64.40679931640625
 20
91.04663818359374
  0
LWPOLYLINE
  5
147
330
17
100
AcDbEntity
  8
RASTER_TRACE
100
AcDbPolyline
 90
2
 70
1
 10
62.59478027343751
 20
91.04663818359374
 10
63.34090576171875
 20
91.04663818359374
  0
LWPOLYLINE
  5
148
330
17
100
AcDbEntity
  8
RASTER_TRACE
100
AcDbPolyline
 90
4
 70
1
 10
61.3157080078125
 20
90.94004882812499
 10
61.42229736328125
 20
91.04663818359374
 10
62.061833496093755
 20
91.04663818359374
 10
61.3157080078125
 20
91.04663818359374
  0
LWPOLYLINE
  5
149
330
17
100
AcDbEntity
  8
RASTER_TRACE
100
AcDbPolyline
 90
45
 70
1
 10
113.65108154296877
 20
90.40710205078125
 10
113.75767089843751
 20
90.51369140624999
 10
115.67627929687501
 20
90.51369140624999
 10
116.84876220703126
 20
91.1532275390625
 10
117.27511962890625
 20
91.1532275390625
 10
117.381708984375
 20
91.25981689453124
 10
117.80806640625002
 20
91.25981689453124
 10
117.91465576171876
 20
91.1532275390625
 10
119.19372802734375
 20
91.1532275390625
 10
119.3003173828125
 20
91.04663818359374
 10
120.25962158203126
 20
91.04663818359374
 10
120.57938964843751
 20
90.83345947265624
 10
120.3662109375
 20
90.62028076171873
 10
120.3662109375
 20
90.51369140624999
 10
120.57938964843751
 20
90.83345947265624
 10
120.792568359375
 20
90.83345947265624
 10
121.64528320312502
 20
89.98074462890624
 10
121.8584619140625
 20
89.8741552734375
 10
122.2848193359375
 20
89.8741552734375
 10
122.39140869140627
 20
89.76756591796874
 10
122.92435546875001
 20
89.76756591796874
 10
123.13753417968752
 20
89.55438720703124
 10
122.7111767578125
 20
89.02144042968749
 10
122.60458740234375
 20
89.12802978515624
 10
121.64528320312502
 20
89.12802978515624
 10
121.4321044921875
 20
89.23461914062499
 10
120.47280029296877
 20
90.19392333984374
 10
120.25962158203126
 20
90.30051269531249
 10
119.72667480468752
 20
90.30051269531249
 10
119.62008544921875
 20
90.40710205078125
 10
118.12783447265625
 20
90.40710205078125
 10
118.0212451171875
 20
90.51369140624999
 10
116.9553515625
 20
90.51369140624999
 10
116.84876220703126
 20
90.40710205078125
 10
116.63558349609374
 20
90.40710205078125
 10
116.20922607421875
 20
90.19392333984374
 10
115.78286865234375
 20
89.8741552734375
 10
115.56968994140627
 20
90.087333984375
 10
115.56968994140627
 20
90.19392333984374
 10
115.67627929687501
 20
89.98074462890624
 10
115.56968994140627
 20
89.76756591796874
 10
114.1840283203125
 20
89.76756591796874
 10
114.07743896484376
 20
89.8741552734375
 10
113.75767089843751
 20
89.8741552734375
 10
113.65108154296877
 20
89.98074462890624
  0
LWPOLYLINE
  5
14A
330
17
100
AcDbEntity
  8
RASTER_TRACE
100
AcDbPolyline
 90
64
 70
1
 10
111.83906250000001
 20
87.10283203124999
 10
111.83906250000001
 20
86.78306396484373
 10
112.0522412109375
 20
86.35670654296874
 10
112.37200927734375
 20
86.03693847656248
 10
112.58518798828126
 20
85.93034912109374
 10
112.79836669921875
 20
85.93034912109374
 10
112.90495605468752
 20
85.82375976562498
 10
113.65108154296877
 20
85.82375976562498
 10
113.86426025390625
 20
85.71717041015624
 10
114.6103857421875
 20
84.97104492187499
 10
114.71697509765625
 20
84.97104492187499
 10
114.93015380859376
 20
84.7578662109375
 10
115.14333251953127
 20
84.7578662109375
 10
115.56968994140627
 20
84.54468749999998
 10
116.10263671875
 20
84.54468749999998
 10
116.20922607421875
 20
84.43809814453124
 10
118.66078125000001
 20
84.43809814453124
 10
120.3662109375
 20
85.29081298828123
 10
120.47280029296877
 20
85.18422363281249
 10
121.53869384765625
 20
85.18422363281249
 10
121.64528320312502
 20
85.29081298828123
 10
121.96505126953127
 20
85.29081298828123
 10
122.39140869140627
 20
85.50399169921874
 10
122.81776611328127
 20
85.93034912109374
 10
123.24412353515626
 20
86.78306396484373
 10
123.24412353515626
 20
86.99624267578125
 10
123.350712890625
 20
87.10283203124999
 10
123.350712890625
 20
87.31601074218749
 10
123.56389160156252
 20
87.7423681640625
 10
123.56389160156252
 20
88.06213623046874
 10
123.67048095703126
 20
88.1687255859375
 10
123.67048095703126
 20
89.12802978515624
 10
123.56389160156252
 20
89.34120849609374
 10
123.13753417968752
 20
89.76756591796874
 10
122.92435546875001
 20
89.76756591796874
 10
122.81776611328127
 20
89.8741552734375
 10
122.17822998046876
 20
89.8741552734375
 10
122.07164062500001
 20
89.98074462890624
 10
121.8584619140625
 20
89.98074462890624
 10
121.64528320312502
 20
90.087333984375
 10
121.32551513671876
 20
90.40710205078125
 10
121.32551513671876
 20
90.51369140624999
 10
121.21892578125002
 20
90.51369140624999
 10
120.89915771484377
 20
90.83345947265624
 10
120.47280029296877
 20
91.04663818359374
 10
120.04644287109375
 20
91.04663818359374
 10
119.939853515625
 20
91.1532275390625
 10
118.98054931640627
 20
91.1532275390625
 10
118.8739599609375
 20
91.25981689453124
 10
116.9553515625
 20
91.25981689453124
 10
115.4631005859375
 20
90.51369140624999
 10
114.6103857421875
 20
90.51369140624999
 10
114.50379638671876
 20
90.62028076171873
 10
113.86426025390625
 20
90.62028076171873
 10
113.43790283203126
 20
90.40710205078125
 10
112.90495605468752
 20
89.8741552734375
 10
112.47859863281252
 20
89.02144042968749
 10
112.47859863281252
 20
88.80826171874999
 10
112.26541992187501
 20
88.48849365234373
 10
112.26541992187501
 20
88.27531494140624
 10
112.15883056640627
 20
88.1687255859375
 10
112.15883056640627
 20
87.95554687499998
 10
111.94565185546875
 20
87.52918945312499
 10
111.94565185546875
 20
87.20942138671874
  0
LWPOLYLINE
  5
14B
330
17
100
AcDbEntity
  8
RASTER_TRACE
100
AcDbPolyline
 90
87
 70
1
 10
38.825354003906256
 20
91.36640624999998
 10
38.931943359375
 20
91.47299560546874
 10
39.25171142578125
 20
91.47299560546874
 10
39.35830078125
 20
91.36640624999998
 10
40.211015625
 20
91.36640624999998
 10
40.31760498046875
 20
91.25981689453124
 10
41.06373046875
 20
91.25981689453124
 10
41.17031982421875
 20
91.1532275390625
 10
41.9164453125
 20
91.1532275390625
 10
42.02303466796875
 20
91.04663818359374
 10
42.76916015625
 20
91.04663818359374
 10
42.87574951171875
 20
90.94004882812499
 10
43.621875
 20
90.94004882812499
 10
43.72846435546875
 20
90.83345947265624
 10
44.47458984375
 20
90.83345947265624
 10
44.58117919921875
 20
90.72687011718749
 10
45.3273046875
 20
90.72687011718749
 10
45.43389404296875
 20
90.62028076171873
 10
46.180019531250004
 20
90.62028076171873
 10
46.28660888671875
 20
90.51369140624999
 10
47.032734375000004
 20
90.51369140624999
 10
47.13932373046875
 20
90.40710205078125
 10
47.885449218750004
 20
90.40710205078125
 10
47.99203857421875
 20
90.30051269531249
 10
48.738164062500005
 20
90.30051269531249
 10
48.844753417968754
 20
90.19392333984374
 10
49.484289550781256
 20
90.19392333984374
 10
49.590878906250005
 20
90.087333984375
 10
51.296308593750005
 20
89.98074462890624
 10
51.402897949218755
 20
89.8741552734375
 10
52.04243408203126
 20
89.8741552734375
 10
52.149023437500006
 20
89.76756591796874
 10
52.89514892578126
 20
89.76756591796874
 10
53.001738281250006
 20
89.6609765625
 10
53.6412744140625
 20
89.6609765625
 10
53.74786376953126
 20
89.55438720703124
 10
54.4939892578125
 20
89.55438720703124
 10
54.60057861328125
 20
89.44779785156248
 10
55.3467041015625
 20
89.44779785156248
 10
55.45329345703125
 20
89.34120849609374
 10
56.838955078125004
 20
89.23461914062499
 10
56.94554443359375
 20
89.12802978515624
 10
57.478491210937506
 20
89.12802978515624
 10
57.691669921875004
 20
88.91485107421875
 10
57.691669921875004
 20
88.38190429687499
 10
57.478491210937506
 20
88.27531494140624
 10
57.37190185546876
 20
88.38190429687499
 10
56.30600830078125
 20
88.48849365234373
 10
56.1994189453125
 20
88.59508300781249
 10
55.45329345703125
 20
88.59508300781249
 10
55.3467041015625
 20
88.70167236328123
 10
54.60057861328125
 20
88.70167236328123
 10
54.4939892578125
 20
88.80826171874999
 10
52.89514892578126
 20
88.91485107421875
 10
52.7885595703125
 20
89.02144042968749
 10
52.149023437500006
 20
89.02144042968749
 10
52.04243408203126
 20
89.12802978515624
 10
51.296308593750005
 20
89.12802978515624
 10
51.189719238281256
 20
89.23461914062499
 10
50.443593750000005
 20
89.23461914062499
 10
50.337004394531256
 20
89.34120849609374
 10
49.590878906250005
 20
89.34120849609374
 10
49.484289550781256
 20
89.44779785156248
 10
48.738164062500005
 20
89.44779785156248
 10
48.631574707031255
 20
89.55438720703124
 10
47.885449218750004
 20
89.55438720703124
 10
47.778859863281255
 20
89.6609765625
 10
47.032734375000004
 20
89.6609765625
 10
46.926145019531255
 20
89.76756591796874
 10
46.180019531250004
 20
89.76756591796874
 10
46.073430175781255
 20
89.8741552734375
 10
45.3273046875
 20
89.8741552734375
 10
45.220715332031254
 20
89.98074462890624
 10
44.47458984375
 20
89.98074462890624
 10
44.368000488281254
 20
90.087333984375
 10
43.621875
 20
90.087333984375
 10
43.515285644531254
 20
90.19392333984374
 10
42.76916015625
 20
90.19392333984374
 10
42.66257080078125
 20
90.30051269531249
 10
41.9164453125
 20
90.30051269531249
 10
41.80985595703125
 20
90.40710205078125
 10
41.06373046875
 20
90.40710205078125
 10
40.95714111328125
 20
90.51369140624999
 10
40.211015625
 20
90.51369140624999
 10
40.10442626953125
 20
90.62028076171873
 10
39.25171142578125
 20
90.62028076171873
 10
38.825354003906256
 20
90.83345947265624
  0
LWPOLYLINE
  5
14C
330
17
100
AcDbEntity
  8
RASTER_TRACE
100
AcDbPolyline
 90
9
 70
1
 10
38.079228515625005
 20
91.47299560546874
 10
38.185817871093754
 20
91.5795849609375
 10
38.5055859375
 20
91.5795849609375
 10
38.825354003906256
 20
91.36640624999998
 10
38.825354003906256
 20
90.83345947265624
 10
38.7187646484375
 20
90.72687011718749
 10
38.5055859375
 20
90.72687011718749
 10
38.2924072265625
 20
90.83345947265624
 10
38.079228515625005
 20
91.04663818359374
  0
LWPOLYLINE
  5
14D
330
17
100
AcDbEntity
  8
RASTER_TRACE
100
AcDbPolyline
 90
4
 70
1
 10
93.50569335937502
 20
91.5795849609375
 10
93.50569335937502
 20
91.47299560546874
 10
94.1452294921875
 20
91.47299560546874
 10
94.1452294921875
 20
91.5795849609375
  0
LWPOLYLINE
  5
14E
330
17
100
AcDbEntity
  8
RASTER_TRACE
100
AcDbPolyline
 90
4
 70
1
 10
92.22662109375
 20
91.5795849609375
 10
92.652978515625
 20
91.5795849609375
 10
92.75956787109376
 20
91.47299560546874
 10
92.97274658203125
 20
91.5795849609375
  0
LWPOLYLINE
  5
14F
330
17
100
AcDbEntity
  8
RASTER_TRACE
100
AcDbPolyline
 90
4
 70
1
 10
95.53089111328126
 20
91.5795849609375
 10
95.42430175781251
 20
91.68617431640624
 10
95.31771240234374
 20
91.5795849609375
 10
94.784765625
 20
91.5795849609375
  0
LWPOLYLINE
  5
150
330
17
100
AcDbEntity
  8
RASTER_TRACE
100
AcDbPolyline
 90
4
 70
1
 10
90.94754882812501
 20
91.68617431640624
 10
91.05413818359375
 20
91.5795849609375
 10
91.69367431640626
 20
91.5795849609375
 10
91.58708496093752
 20
91.68617431640624
  0
LWPOLYLINE
  5
151
330
17
100
AcDbEntity
  8
RASTER_TRACE
100
AcDbPolyline
 90
4
 70
1
 10
89.77506591796876
 20
91.792763671875
 10
89.77506591796876
 20
91.68617431640624
 10
90.41460205078127
 20
91.68617431640624
 10
90.20142333984376
 20
91.792763671875
  0
LWPOLYLINE
  5
152
330
17
100
AcDbEntity
  8
RASTER_TRACE
100
AcDbPolyline
 90
5
 70
1
 10
96.7033740234375
 20
91.89935302734374
 10
96.49019531250002
 20
91.792763671875
 10
96.17042724609377
 20
91.792763671875
 10
96.063837890625
 20
91.68617431640624
 10
96.27701660156251
 20
91.68617431640624
  0
LWPOLYLINE
  5
153
330
17
100
AcDbEntity
  8
RASTER_TRACE
100
AcDbPolyline
 90
5
 70
1
 10
88.49599365234374
 20
91.89935302734374
 10
88.49599365234374
 20
91.792763671875
 10
89.13552978515625
 20
91.792763671875
 10
88.92235107421877
 20
91.792763671875
 10
88.81576171875
 20
91.89935302734374
  0
LWPOLYLINE
  5
154
330
17
100
AcDbEntity
  8
RASTER_TRACE
100
AcDbPolyline
 90
5
 70
1
 10
87.21692138671875
 20
91.89935302734374
 10
87.536689453125
 20
91.89935302734374
 10
87.64327880859375
 20
91.792763671875
 10
87.85645751953126
 20
91.792763671875
 10
87.85645751953126
 20
91.89935302734374
  0
LWPOLYLINE
  5
155
330
17
100
AcDbEntity
  8
RASTER_TRACE
100
AcDbPolyline
 90
4
 70
1
 10
85.93784912109376
 20
92.00594238281249
 10
85.93784912109376
 20
91.89935302734374
 10
86.68397460937501
 20
91.89935302734374
 10
86.57738525390624
 20
92.00594238281249
  0
LWPOLYLINE
  5
156
330
17
100
AcDbEntity
  8
RASTER_TRACE
100
AcDbPolyline
 90
4
 70
1
 10
84.01924072265626
 20
92.11253173828123
 10
84.01924072265626
 20
92.00594238281249
 10
84.5521875
 20
92.00594238281249
 10
84.44559814453126
 20
92.11253173828123
  0
LWPOLYLINE
  5
157
330
17
100
AcDbEntity
  8
RASTER_TRACE
100
AcDbPolyline
 90
4
 70
1
 10
82.6335791015625
 20
92.11253173828123
 10
82.74016845703125
 20
92.00594238281249
 10
83.4862939453125
 20
92.00594238281249
 10
83.4862939453125
 20
92.11253173828123
  0
LWPOLYLINE
  5
158
330
17
100
AcDbEntity
  8
RASTER_TRACE
100
AcDbPolyline
 90
4
 70
1
 10
81.24791748046874
 20
92.21912109374999
 10
81.24791748046874
 20
92.11253173828123
 10
82.10063232421876
 20
92.11253173828123
 10
81.46109619140626
 20
92.11253173828123
  0
LWPOLYLINE
  5
159
330
17
100
AcDbEntity
  8
RASTER_TRACE
100
AcDbPolyline
 90
4
 70
1
 10
79.86225585937501
 20
92.21912109374999
 10
79.86225585937501
 20
92.11253173828123
 10
80.60838134765626
 20
92.11253173828123
 10
80.60838134765626
 20
92.21912109374999
  0
LWPOLYLINE
  5
15A
330
17
100
AcDbEntity
  8
RASTER_TRACE
100
AcDbPolyline
 90
2
 70
1
 10
78.37000488281251
 20
92.21912109374999
 10
79.2227197265625
 20
92.21912109374999
  0
LWPOLYLINE
  5
15B
330
17
100
AcDbEntity
  8
RASTER_TRACE
100
AcDbPolyline
 90
4
 70
1
 10
59.503688964843754
 20
92.21912109374999
 10
59.290510253906255
 20
92.11253173828123
 10
59.07733154296876
 20
92.11253173828123
 10
58.86415283203125
 20
91.89935302734374
  0
LWPOLYLINE
  5
15C
330
17
100
AcDbEntity
  8
RASTER_TRACE
100
AcDbPolyline
 90
4
 70
1
 10
76.98434326171875
 20
92.32571044921875
 10
76.98434326171875
 20
92.21912109374999
 10
77.83705810546876
 20
92.21912109374999
 10
77.73046875
 20
92.32571044921875
  0
LWPOLYLINE
  5
15D
330
17
100
AcDbEntity
  8
RASTER_TRACE
100
AcDbPolyline
 90
4
 70
1
 10
75.49209228515625
 20
92.32571044921875
 10
76.13162841796876
 20
92.32571044921875
 10
76.2382177734375
 20
92.21912109374999
 10
76.34480712890625
 20
92.32571044921875
  0
LWPOLYLINE
  5
15E
330
17
100
AcDbEntity
  8
RASTER_TRACE
100
AcDbPolyline
 90
4
 70
1
 10
73.99984130859376
 20
92.43229980468749
 10
73.99984130859376
 20
92.32571044921875
 10
74.85255615234375
 20
92.32571044921875
 10
74.745966796875
 20
92.43229980468749
  0
LWPOLYLINE
  5
15F
330
17
100
AcDbEntity
  8
RASTER_TRACE
100
AcDbPolyline
 90
4
 70
1
 10
72.50759033203126
 20
92.43229980468749
 10
73.14712646484375
 20
92.43229980468749
 10
73.36030517578126
 20
92.32571044921875
 10
73.36030517578126
 20
92.43229980468749
  0
LWPOLYLINE
  5
160
330
17
100
AcDbEntity
  8
RASTER_TRACE
100
AcDbPolyline
 90
7
 70
1
 10
85.40490234375
 20
92.53888916015624
 10
85.29831298828125
 20
92.53888916015624
 10
85.29831298828125
 20
92.32571044921875
 10
85.08513427734377
 20
92.00594238281249
 10
84.87195556640626
 20
92.00594238281249
 10
85.40490234375
 20
92.00594238281249
 10
85.19172363281251
 20
92.11253173828123
  0
LWPOLYLINE
  5
161
330
17
100
AcDbEntity
  8
RASTER_TRACE
100
AcDbPolyline
 90
5
 70
1
 10
71.12192871093751
 20
92.53888916015624
 10
71.12192871093751
 20
92.43229980468749
 10
71.9746435546875
 20
92.43229980468749
 10
71.76146484375
 20
92.43229980468749
 10
71.65487548828125
 20
92.53888916015624
  0
LWPOLYLINE
  5
162
330
17
100
AcDbEntity
  8
RASTER_TRACE
100
AcDbPolyline
 90
2
 70
1
 10
69.62967773437501
 20
92.53888916015624
 10
70.482392578125
 20
92.53888916015624
  0
LWPOLYLINE
  5
163
330
17
100
AcDbEntity
  8
RASTER_TRACE
100
AcDbPolyline
 90
5
 70
1
 10
60.78276123046875
 20
92.53888916015624
 10
60.56958251953125
 20
92.53888916015624
 10
60.4629931640625
 20
92.43229980468749
 10
60.143225097656256
 20
92.43229980468749
 10
60.03663574218751
 20
92.32571044921875
  0
LWPOLYLINE
  5
164
330
17
100
AcDbEntity
  8
RASTER_TRACE
100
AcDbPolyline
 90
4
 70
1
 10
99.474697265625
 20
92.64547851562499
 10
99.26151855468751
 20
92.21912109374999
 10
99.36810791015625
 20
92.21912109374999
 10
99.474697265625
 20
92.43229980468749
  0
LWPOLYLINE
  5
165
330
17
100
AcDbEntity
  8
RASTER_TRACE
100
AcDbPolyline
 90
6
 70
1
 10
97.66267822265627
 20
92.64547851562499
 10
97.66267822265627
 20
92.53888916015624
 10
97.34291015625001
 20
92.21912109374999
 10
97.1297314453125
 20
92.11253173828123
 10
97.44949951171876
 20
92.21912109374999
 10
97.66267822265627
 20
92.43229980468749
  0
LWPOLYLINE
  5
166
330
17
100
AcDbEntity
  8
RASTER_TRACE
100
AcDbPolyline
 90
4
 70
1
 10
68.24401611328125
 20
92.64547851562499
 10
68.24401611328125
 20
92.53888916015624
 10
68.9901416015625
 20
92.53888916015624
 10
68.77696289062501
 20
92.64547851562499
  0
LWPOLYLINE
  5
167
330
17
100
AcDbEntity
  8
RASTER_TRACE
100
AcDbPolyline
 90
2
 70
1
 10
66.75176513671875
 20
92.64547851562499
 10
67.60447998046875
 20
92.64547851562499
  0
LWPOLYLINE
  5
168
330
17
100
AcDbEntity
  8
RASTER_TRACE
100
AcDbPolyline
 90
2
 70
1
 10
61.3157080078125
 20
92.64547851562499
 10
62.168422851562504
 20
92.64547851562499
  0
LWPOLYLINE
  5
169
330
17
100
AcDbEntity
  8
RASTER_TRACE
100
AcDbPolyline
 90
4
 70
1
 10
56.94554443359375
 20
92.64547851562499
 10
56.519187011718756
 20
92.21912109374999
 10
56.519187011718756
 20
92.11253173828123
 10
56.94554443359375
 20
92.53888916015624
  0
LWPOLYLINE
  5
16A
330
17
100
AcDbEntity
  8
RASTER_TRACE
100
AcDbPolyline
 90
5
 70
1
 10
65.36610351562501
 20
92.75206787109374
 10
65.36610351562501
 20
92.64547851562499
 10
66.218818359375
 20
92.64547851562499
 10
65.89905029296875
 20
92.64547851562499
 10
65.79246093750001
 20
92.75206787109374
  0
LWPOLYLINE
  5
16B
330
17
100
AcDbEntity
  8
RASTER_TRACE
100
AcDbPolyline
 90
4
 70
1
 10
62.70136962890626
 20
92.75206787109374
 10
62.807958984375006
 20
92.64547851562499
 10
63.44749511718751
 20
92.64547851562499
 10
63.55408447265626
 20
92.75206787109374
  0
LWPOLYLINE
  5
16C
330
17
100
AcDbEntity
  8
RASTER_TRACE
100
AcDbPolyline
 90
25
 70
1
 10
38.185817871093754
 20
91.89935302734374
 10
38.7187646484375
 20
92.85865722656249
 10
40.10442626953125
 20
92.85865722656249
 10
42.342802734375
 20
92.53888916015624
 10
57.585080566406255
 20
91.1532275390625
 10
57.79825927734375
 20
90.94004882812499
 10
57.691669921875004
 20
90.19392333984374
 10
57.9048486328125
 20
91.04663818359374
 10
58.65097412109375
 20
91.04663818359374
 10
61.209118652343754
 20
90.62028076171873
 10
64.08703125
 20
89.76756591796874
 10
66.64517578125
 20
88.59508300781249
 10
67.92424804687501
 20
87.7423681640625
 10
66.75176513671875
 20
87.63577880859374
 10
64.513388671875
 20
88.27531494140624
 10
62.70136962890626
 20
88.59508300781249
 10
58.331206054687506
 20
88.91485107421875
 10
57.691669921875004
 20
89.23461914062499
 10
57.585080566406255
 20
89.8741552734375
 10
57.585080566406255
 20
89.23461914062499
 10
57.37190185546876
 20
89.12802978515624
 10
54.280810546875
 20
89.6609765625
 10
50.12382568359375
 20
90.087333984375
 10
44.2614111328125
 20
90.94004882812499
 10
38.2924072265625
 20
91.5795849609375
  0
LWPOLYLINE
  5
16D
330
17
100
AcDbEntity
  8
RASTER_TRACE
100
AcDbPolyline
 90
4
 70
1
 10
93.7188720703125
 20
93.0718359375
 10
93.7188720703125
 20
92.96524658203124
 10
94.46499755859375
 20
92.96524658203124
 10
94.35840820312501
 20
93.0718359375
  0
LWPOLYLINE
  5
16E
330
17
100
AcDbEntity
  8
RASTER_TRACE
100
AcDbPolyline
 90
5
 70
1
 10
92.33321044921877
 20
93.17842529296874
 10
92.54638916015625
 20
93.17842529296874
 10
92.652978515625
 20
93.0718359375
 10
93.07933593750002
 20
93.0718359375
 10
92.8661572265625
 20
93.17842529296874
  0
LWPOLYLINE
  5
16F
330
17
100
AcDbEntity
  8
RASTER_TRACE
100
AcDbPolyline
 90
7
 70
1
 10
64.93974609375
 20
93.17842529296874
 10
64.93974609375
 20
92.85865722656249
 10
64.83315673828125
 20
92.75206787109374
 10
64.19362060546875
 20
92.75206787109374
 10
64.19362060546875
 20
92.64547851562499
 10
65.04633544921876
 20
92.64547851562499
 10
64.93974609375
 20
92.85865722656249
  0
LWPOLYLINE
  5
170
330
17
100
AcDbEntity
  8
RASTER_TRACE
100
AcDbPolyline
 90
6
 70
1
 10
91.05413818359375
 20
93.39160400390624
 10
91.05413818359375
 20
93.28501464843748
 10
91.58708496093752
 20
93.28501464843748
 10
91.69367431640626
 20
93.17842529296874
 10
91.800263671875
 20
93.28501464843748
 10
91.16072753906252
 20
93.28501464843748
  0
LWPOLYLINE
  5
171
330
17
100
AcDbEntity
  8
RASTER_TRACE
100
AcDbPolyline
 90
5
 70
1
 10
58.11802734375
 20
93.39160400390624
 10
58.01143798828125
 20
93.39160400390624
 10
57.79825927734375
 20
93.17842529296874
 10
57.37190185546876
 20
92.96524658203124
 10
57.9048486328125
 20
93.17842529296874
  0
LWPOLYLINE
  5
172
330
17
100
AcDbEntity
  8
RASTER_TRACE
100
AcDbPolyline
 90
6
 70
1
 10
99.79446533203125
 20
93.60478271484374
 10
99.68787597656251
 20
93.39160400390624
 10
99.68787597656251
 20
93.17842529296874
 10
99.58128662109377
 20
93.0718359375
 10
99.68787597656251
 20
93.17842529296874
 10
99.68787597656251
 20
93.39160400390624
  0
LWPOLYLINE
  5
173
330
17
100
AcDbEntity
  8
RASTER_TRACE
100
AcDbPolyline
 90
5
 70
1
 10
95.63748046875
 20
93.60478271484374
 10
95.31771240234374
 20
93.17842529296874
 10
94.99794433593752
 20
93.0718359375
 10
95.211123046875
 20
93.0718359375
 10
95.42430175781251
 20
93.17842529296874
  0
LWPOLYLINE
  5
174
330
17
100
AcDbEntity
  8
RASTER_TRACE
100
AcDbPolyline
 90
4
 70
1
 10
87.11033203125001
 20
93.60478271484374
 10
87.11033203125001
 20
93.498193359375
 10
88.06963623046875
 20
93.498193359375
 10
87.963046875
 20
93.60478271484374
  0
LWPOLYLINE
  5
175
330
17
100
AcDbEntity
  8
RASTER_TRACE
100
AcDbPolyline
 90
4
 70
1
 10
85.93784912109376
 20
93.60478271484374
 10
85.93784912109376
 20
93.498193359375
 10
86.57738525390624
 20
93.498193359375
 10
86.57738525390624
 20
93.60478271484374
  0
LWPOLYLINE
  5
176
330
17
100
AcDbEntity
  8
RASTER_TRACE
100
AcDbPolyline
 90
5
 70
1
 10
84.01924072265626
 20
93.60478271484374
 10
84.125830078125
 20
93.498193359375
 10
84.33900878906252
 20
93.60478271484374
 10
84.87195556640626
 20
93.498193359375
 10
84.87195556640626
 20
93.60478271484374
  0
LWPOLYLINE
  5
177
330
17
100
AcDbEntity
  8
RASTER_TRACE
100
AcDbPolyline
 90
2
 70
1
 10
82.6335791015625
 20
93.60478271484374
 10
83.4862939453125
 20
93.60478271484374
  0
LWPOLYLINE
  5
178
330
17
100
AcDbEntity
  8
RASTER_TRACE
100
AcDbPolyline
 90
2
 70
1
 10
81.24791748046874
 20
93.60478271484374
 10
82.10063232421876
 20
93.60478271484374
  0
LWPOLYLINE
  5
179
330
17
100
AcDbEntity
  8
RASTER_TRACE
100
AcDbPolyline
 90
4
 70
1
 10
79.86225585937501
 20
93.71137207031249
 10
79.86225585937501
 20
93.60478271484374
 10
80.714970703125
 20
93.60478271484374
 10
80.60838134765626
 20
93.71137207031249
  0
LWPOLYLINE
  5
17A
330
17
100
AcDbEntity
  8
RASTER_TRACE
100
AcDbPolyline
 90
4
 70
1
 10
78.47659423828125
 20
93.71137207031249
 10
78.47659423828125
 20
93.60478271484374
 10
79.2227197265625
 20
93.60478271484374
 10
79.2227197265625
 20
93.71137207031249
  0
LWPOLYLINE
  5
17B
330
17
100
AcDbEntity
  8
RASTER_TRACE
100
AcDbPolyline
 90
2
 70
1
 10
76.87775390625
 20
93.71137207031249
 10
77.83705810546876
 20
93.71137207031249
  0
LWPOLYLINE
  5
17C
330
17
100
AcDbEntity
  8
RASTER_TRACE
100
AcDbPolyline
 90
3
 70
1
 10
97.34291015625001
 20
93.81796142578125
 10
97.66267822265627
 20
93.0718359375
 10
97.66267822265627
 20
93.39160400390624
  0
LWPOLYLINE
  5
17D
330
17
100
AcDbEntity
  8
RASTER_TRACE
100
AcDbPolyline
 90
5
 70
1
 10
75.3855029296875
 20
93.81796142578125
 10
75.3855029296875
 20
93.71137207031249
 10
76.2382177734375
 20
93.71137207031249
 10
76.02503906250001
 20
93.71137207031249
 10
75.91844970703126
 20
93.81796142578125
  0
LWPOLYLINE
  5
17E
330
17
100
AcDbEntity
  8
RASTER_TRACE
100
AcDbPolyline
 90
2
 70
1
 10
73.893251953125
 20
93.81796142578125
 10
74.745966796875
 20
93.81796142578125
  0
LWPOLYLINE
  5
17F
330
17
100
AcDbEntity
  8
RASTER_TRACE
100
AcDbPolyline
 90
3
 70
1
 10
59.290510253906255
 20
93.81796142578125
 10
59.07733154296876
 20
93.81796142578125
 10
58.65097412109375
 20
93.60478271484374
  0
LWPOLYLINE
  5
180
330
17
100
AcDbEntity
  8
RASTER_TRACE
100
AcDbPolyline
 90
4
 70
1
 10
72.50759033203126
 20
93.92455078124999
 10
72.50759033203126
 20
93.81796142578125
 10
73.25371582031251
 20
93.81796142578125
 10
73.25371582031251
 20
93.92455078124999
  0
LWPOLYLINE
  5
181
330
17
100
AcDbEntity
  8
RASTER_TRACE
100
AcDbPolyline
 90
2
 70
1
 10
71.01533935546875
 20
93.92455078124999
 10
71.86805419921876
 20
93.92455078124999
  0
LWPOLYLINE
  5
182
330
17
100
AcDbEntity
  8
RASTER_TRACE
100
AcDbPolyline
 90
4
 70
1
 10
69.62967773437501
 20
94.03114013671873
 10
70.16262451171875
 20
94.03114013671873
 10
70.37580322265626
 20
93.92455078124999
 10
70.37580322265626
 20
94.03114013671873
  0
LWPOLYLINE
  5
183
330
17
100
AcDbEntity
  8
RASTER_TRACE
100
AcDbPolyline
 90
21
 70
1
 10
88.70917236328125
 20
93.60478271484374
 10
88.70917236328125
 20
93.498193359375
 10
89.242119140625
 20
93.498193359375
 10
89.34870849609376
 20
93.60478271484374
 10
89.66847656250002
 20
93.60478271484374
 10
89.77506591796876
 20
93.498193359375
 10
90.09483398437501
 20
93.498193359375
 10
90.20142333984376
 20
93.39160400390624
 10
90.41460205078127
 20
93.39160400390624
 10
90.41460205078127
 20
93.498193359375
 10
89.8816552734375
 20
93.498193359375
 10
89.77506591796876
 20
93.60478271484374
 10
89.98824462890624
 20
93.71137207031249
 10
89.77506591796876
 20
93.71137207031249
 10
89.66847656250002
 20
93.60478271484374
 10
89.4552978515625
 20
93.81796142578125
 10
89.4552978515625
 20
94.03114013671873
 10
89.34870849609376
 20
94.13772949218749
 10
89.4552978515625
 20
93.92455078124999
 10
89.4552978515625
 20
93.71137207031249
 10
89.34870849609376
 20
93.60478271484374
  0
LWPOLYLINE
  5
184
330
17
100
AcDbEntity
  8
RASTER_TRACE
100
AcDbPolyline
 90
13
 70
1
 10
85.83125976562499
 20
94.13772949218749
 10
85.72467041015625
 20
94.03114013671873
 10
85.72467041015625
 20
93.81796142578125
 10
85.51149169921877
 20
93.60478271484374
 10
85.40490234375
 20
93.60478271484374
 10
85.61808105468751
 20
93.39160400390624
 10
85.40490234375
 20
92.96524658203124
 10
85.51149169921877
 20
92.96524658203124
 10
85.51149169921877
 20
93.17842529296874
 10
85.61808105468751
 20
93.28501464843748
 10
85.61808105468751
 20
93.498193359375
 10
85.72467041015625
 20
93.60478271484374
 10
85.72467041015625
 20
93.92455078124999
  0
LWPOLYLINE
  5
185
330
17
100
AcDbEntity
  8
RASTER_TRACE
100
AcDbPolyline
 90
5
 70
1
 10
68.1374267578125
 20
94.03114013671873
 10
68.9901416015625
 20
94.03114013671873
 10
68.67037353515624
 20
94.03114013671873
 10
68.5637841796875
 20
94.13772949218749
 10
68.24401611328125
 20
94.13772949218749
  0
LWPOLYLINE
  5
186
330
17
100
AcDbEntity
  8
RASTER_TRACE
100
AcDbPolyline
 90
2
 70
1
 10
66.75176513671875
 20
94.13772949218749
 10
67.60447998046875
 20
94.13772949218749
  0
LWPOLYLINE
  5
187
330
17
100
AcDbEntity
  8
RASTER_TRACE
100
AcDbPolyline
 90
4
 70
1
 10
65.36610351562501
 20
94.24431884765625
 10
65.36610351562501
 20
94.13772949218749
 10
66.218818359375
 20
94.13772949218749
 10
66.11222900390626
 20
94.24431884765625
  0
LWPOLYLINE
  5
188
330
17
100
AcDbEntity
  8
RASTER_TRACE
100
AcDbPolyline
 90
5
 70
1
 10
60.676171875
 20
94.24431884765625
 10
60.56958251953125
 20
94.13772949218749
 10
60.143225097656256
 20
94.13772949218749
 10
59.93004638671876
 20
94.03114013671873
 10
60.676171875
 20
94.13772949218749
  0
LWPOLYLINE
  5
189
330
17
100
AcDbEntity
  8
RASTER_TRACE
100
AcDbPolyline
 90
4
 70
1
 10
90.7343701171875
 20
94.35090820312499
 10
90.62778076171875
 20
94.35090820312499
 10
90.3080126953125
 20
94.03114013671873
 10
90.3080126953125
 20
93.92455078124999
  0
LWPOLYLINE
  5
18A
330
17
100
AcDbEntity
  8
RASTER_TRACE
100
AcDbPolyline
 90
10
 70
1
 10
64.19362060546875
 20
94.35090820312499
 10
64.19362060546875
 20
94.24431884765625
 10
64.93974609375
 20
94.24431884765625
 10
65.04633544921876
 20
94.13772949218749
 10
65.04633544921876
 20
93.71137207031249
 10
65.1529248046875
 20
93.92455078124999
 10
65.1529248046875
 20
94.13772949218749
 10
65.04633544921876
 20
94.24431884765625
 10
64.513388671875
 20
94.24431884765625
 10
64.40679931640625
 20
94.35090820312499
  0
LWPOLYLINE
  5
18B
330
17
100
AcDbEntity
  8
RASTER_TRACE
100
AcDbPolyline
 90
2
 70
1
 10
62.70136962890626
 20
94.35090820312499
 10
63.55408447265626
 20
94.35090820312499
  0
LWPOLYLINE
  5
18C
330
17
100
AcDbEntity
  8
RASTER_TRACE
100
AcDbPolyline
 90
4
 70
1
 10
61.3157080078125
 20
94.24431884765625
 10
61.955244140625005
 20
94.24431884765625
 10
62.168422851562504
 20
94.35090820312499
 10
61.52888671875
 20
94.35090820312499
  0
LWPOLYLINE
  5
18D
330
17
100
AcDbEntity
  8
RASTER_TRACE
100
AcDbPolyline
 90
11
 70
1
 10
99.58128662109377
 20
94.77726562499998
 10
99.68787597656251
 20
94.67067626953124
 10
100.00764404296876
 20
94.67067626953124
 10
100.1142333984375
 20
94.56408691406249
 10
100.00764404296876
 20
94.35090820312499
 10
100.00764404296876
 20
94.13772949218749
 10
100.1142333984375
 20
94.35090820312499
 10
100.1142333984375
 20
94.56408691406249
 10
100.22082275390625
 20
94.67067626953124
 10
99.9010546875
 20
94.67067626953124
 10
99.79446533203125
 20
94.77726562499998
  0
LWPOLYLINE
  5
18E
330
17
100
AcDbEntity
  8
RASTER_TRACE
100
AcDbPolyline
 90
4
 70
1
 10
95.63748046875
 20
94.77726562499998
 10
95.63748046875
 20
94.13772949218749
 10
95.74406982421877
 20
94.03114013671873
 10
95.74406982421877
 20
94.77726562499998
  0
LWPOLYLINE
  5
18F
330
17
100
AcDbEntity
  8
RASTER_TRACE
100
AcDbPolyline
 90
5
 70
1
 10
98.40880371093752
 20
94.88385498046874
 10
98.621982421875
 20
94.88385498046874
 10
98.72857177734375
 20
94.77726562499998
 10
99.15492919921877
 20
94.77726562499998
 10
98.94175048828126
 20
94.88385498046874
  0
LWPOLYLINE
  5
190
330
17
100
AcDbEntity
  8
RASTER_TRACE
100
AcDbPolyline
 90
4
 70
1
 10
97.23632080078124
 20
94.9904443359375
 10
97.76926757812501
 20
94.9904443359375
 10
97.87585693359375
 20
94.88385498046874
 10
97.87585693359375
 20
94.9904443359375
  0
LWPOLYLINE
  5
191
330
17
100
AcDbEntity
  8
RASTER_TRACE
100
AcDbPolyline
 90
10
 70
1
 10
89.56188720703125
 20
95.62998046874999
 10
89.4552978515625
 20
95.52339111328124
 10
89.4552978515625
 20
95.31021240234374
 10
89.13552978515625
 20
95.09703369140624
 10
86.36420654296876
 20
95.09703369140624
 10
86.25761718750002
 20
95.203623046875
 10
86.4707958984375
 20
95.62998046874999
 10
89.13552978515625
 20
95.62998046874999
 10
89.242119140625
 20
95.73656982421875
 10
89.4552978515625
 20
95.73656982421875
  0
LWPOLYLINE
  5
192
330
17
100
AcDbEntity
  8
RASTER_TRACE
100
AcDbPolyline
 90
5
 70
1
 10
95.74406982421877
 20
95.84315917968749
 10
96.063837890625
 20
95.52339111328124
 10
95.74406982421877
 20
95.203623046875
 10
95.63748046875
 20
95.31021240234374
 10
95.63748046875
 20
95.73656982421875
  0
LWPOLYLINE
  5
193
330
17
100
AcDbEntity
  8
RASTER_TRACE
100
AcDbPolyline
 90
9
 70
1
 10
90.52119140625001
 20
95.94974853515623
 10
90.52119140625001
 20
95.84315917968749
 10
90.09483398437501
 20
95.4168017578125
 10
89.66847656250002
 20
95.203623046875
 10
89.4552978515625
 20
95.31021240234374
 10
89.56188720703125
 20
95.62998046874999
 10
89.77506591796876
 20
95.84315917968749
 10
89.98824462890624
 20
95.84315917968749
 10
90.41460205078127
 20
96.05633789062499
  0
LWPOLYLINE
  5
194
330
17
100
AcDbEntity
  8
RASTER_TRACE
100
AcDbPolyline
 90
46
 70
1
 10
39.67806884765625
 20
93.0718359375
 10
42.87574951171875
 20
99.68037597656249
 10
85.40490234375
 20
95.203623046875
 10
85.93784912109376
 20
94.45749755859374
 10
86.15102783203125
 20
95.09703369140624
 10
89.242119140625
 20
95.09703369140624
 10
89.34870849609376
 20
94.45749755859374
 10
91.48049560546875
 20
96.26951660156249
 10
95.53089111328126
 20
95.84315917968749
 10
97.02314208984376
 20
94.24431884765625
 10
96.063837890625
 20
95.84315917968749
 10
138.4864013671875
 20
92.21912109374999
 10
138.37981201171877
 20
91.25981689453124
 10
138.69958007812502
 20
92.11253173828123
 10
145.52129882812503
 20
89.6609765625
 10
144.98835205078126
 20
88.59508300781249
 10
145.84106689453128
 20
89.55438720703124
 10
162.14923828125
 20
84.97104492187499
 10
161.50970214843753
 20
85.50399169921874
 10
167.4787060546875
 20
86.67647460937499
 10
173.66088867187503
 20
89.12802978515624
 10
189.00975585937502
 20
88.06213623046874
 10
192.2074365234375
 20
86.67647460937499
 10
193.06015136718753
 20
83.79856201171874
 10
189.43611328125002
 20
72.81985839843749
 10
147.12013916015627
 20
77.19002197265624
 10
146.69378173828127
 20
77.82955810546873
 10
144.56199462890626
 20
76.76366455078124
 10
144.34881591796878
 20
77.82955810546873
 10
144.13563720703127
 20
77.19002197265624
 10
140.93795654296875
 20
78.36250488281249
 10
135.39531005859376
 20
78.78886230468748
 10
134.96895263671877
 20
79.64157714843749
 10
134.54259521484377
 20
78.89545166015624
 10
96.17042724609377
 20
82.30631103515624
 10
96.27701660156251
 20
83.05243652343749
 10
95.85065917968751
 20
82.30631103515624
 10
91.37390625
 20
82.09313232421874
 10
87.00374267578127
 20
83.37220458984373
 10
87.64327880859375
 20
84.54468749999998
 10
86.57738525390624
 20
83.47879394531249
 10
75.91844970703126
 20
85.93034912109374
 10
75.70527099609376
 20
87.42260009765624
 10
75.27891357421876
 20
86.78306396484373
 10
68.1374267578125
 20
87.7423681640625
 10
60.78276123046875
 20
91.04663818359374
  0
LWPOLYLINE
  5
195
330
17
100
AcDbEntity
  8
RASTER_TRACE
100
AcDbPolyline
 90
8
 70
1
 10
42.87574951171875
 20
99.78696533203124
 10
43.8350537109375
 20
100.10673339843748
 10
58.01143798828125
 20
98.18812499999999
 10
86.15102783203125
 20
95.62998046874999
 10
86.25761718750002
 20
95.31021240234374
 10
86.0444384765625
 20
95.09703369140624
 10
59.71686767578125
 20
97.54858886718749
 10
46.60637695312501
 20
99.14742919921875
  0
LWPOLYLINE
  5
196
330
17
100
AcDbEntity
  8
RASTER_TRACE
100
AcDbPolyline
 90
21
 70
1
 10
37.866049804687506
 20
91.36640624999998
 10
38.7187646484375
 20
90.51369140624999
 10
73.893251953125
 20
86.2501171875
 10
93.7188720703125
 20
81.24041748046874
 10
143.92245849609375
 20
76.55048583984374
 10
147.226728515625
 20
77.08343261718748
 10
189.64929199218753
 20
72.60667968749999
 10
190.71518554687503
 20
72.92644775390625
 10
193.6996875
 20
83.58538330078125
 10
192.84697265625002
 20
87.10283203124999
 10
189.54270263671876
 20
88.70167236328123
 10
174.40701416015628
 20
89.8741552734375
 10
165.24032958984378
 20
86.2501171875
 10
161.08334472656253
 20
85.82375976562498
 10
134.96895263671877
 20
92.96524658203124
 10
90.84095947265627
 20
96.4826953125
 10
85.40490234375
 20
95.84315917968749
 10
44.368000488281254
 20
100.21332275390624
 10
42.342802734375
 20
99.57378662109375
 10
40.31760498046875
 20
94.03114013671873
 10
38.2924072265625
 20
92.64547851562499
  0
LWPOLYLINE
  5
197
330
17
100
AcDbEntity
  8
RASTER_TRACE
100
AcDbPolyline
 90
4
 70
1
 10
115.67627929687501
 20
107.46139892578124
 10
115.56968994140627
 20
107.35480957031248
 10
115.56968994140627
 20
106.39550537109375
 10
115.67627929687501
 20
106.28891601562499
  0
LWPOLYLINE
  5
198
330
17
100
AcDbEntity
  8
RASTER_TRACE
100
AcDbPolyline
 90
5
 70
1
 10
224.61060058593753
 20
108.31411376953125
 10
224.71718994140628
 20
108.20752441406249
 10
224.71718994140628
 20
107.7811669921875
 10
224.61060058593753
 20
107.67457763671874
 10
224.18424316406254
 20
107.99434570312499
  0
LWPOLYLINE
  5
199
330
17
100
AcDbEntity
  8
RASTER_TRACE
100
AcDbPolyline
 90
8
 70
1
 10
225.03695800781253
 20
108.52729248046873
 10
225.46331542968753
 20
108.52729248046873
 10
225.56990478515627
 20
108.42070312499999
 10
225.56990478515627
 20
107.99434570312499
 10
225.25013671875
 20
107.67457763671874
 10
225.03695800781253
 20
107.67457763671874
 10
224.93036865234376
 20
107.7811669921875
 10
224.93036865234376
 20
108.42070312499999
  0
LWPOLYLINE
  5
19A
330
17
100
AcDbEntity
  8
RASTER_TRACE
100
AcDbPolyline
 90
4
 70
1
 10
94.89135498046875
 20
109.27341796874998
 10
95.10453369140626
 20
109.38000732421874
 10
95.53089111328126
 20
109.38000732421874
 10
94.89135498046875
 20
109.38000732421874
  0
LWPOLYLINE
  5
19B
330
17
100
AcDbEntity
  8
RASTER_TRACE
100
AcDbPolyline
 90
4
 70
1
 10
94.25181884765627
 20
109.38000732421874
 10
94.03864013671875
 20
109.27341796874998
 10
93.61228271484376
 20
109.27341796874998
 10
94.25181884765627
 20
109.27341796874998
  0
LWPOLYLINE
  5
19C
330
17
100
AcDbEntity
  8
RASTER_TRACE
100
AcDbPolyline
 90
5
 70
1
 10
97.34291015625001
 20
109.4865966796875
 10
97.34291015625001
 20
109.38000732421874
 10
97.5560888671875
 20
109.27341796874998
 10
97.5560888671875
 20
108.52729248046873
 10
97.5560888671875
 20
109.4865966796875
  0
LWPOLYLINE
  5
19D
330
17
100
AcDbEntity
  8
RASTER_TRACE
100
AcDbPolyline
 90
4
 70
1
 10
96.80996337890625
 20
109.38000732421874
 10
96.7033740234375
 20
109.4865966796875
 10
96.59678466796876
 20
109.38000732421874
 10
96.063837890625
 20
109.38000732421874
  0
LWPOLYLINE
  5
19E
330
17
100
AcDbEntity
  8
RASTER_TRACE
100
AcDbPolyline
 90
6
 70
1
 10
90.94754882812501
 20
109.4865966796875
 10
90.94754882812501
 20
109.16682861328124
 10
91.05413818359375
 20
108.95364990234374
 10
91.48049560546875
 20
108.74047119140624
 10
91.05413818359375
 20
109.0602392578125
 10
91.05413818359375
 20
109.4865966796875
  0
LWPOLYLINE
  5
19F
330
17
100
AcDbEntity
  8
RASTER_TRACE
100
AcDbPolyline
 90
9
 70
1
 10
93.07933593750002
 20
109.27341796874998
 10
92.652978515625
 20
109.27341796874998
 10
92.54638916015625
 20
109.38000732421874
 10
92.652978515625
 20
109.59318603515624
 10
92.43979980468751
 20
109.16682861328124
 10
92.12003173828126
 20
108.84706054687499
 10
91.90685302734374
 20
108.74047119140624
 10
92.22662109375
 20
108.84706054687499
 10
92.652978515625
 20
109.27341796874998
  0
LWPOLYLINE
  5
1A0
330
17
100
AcDbEntity
  8
RASTER_TRACE
100
AcDbPolyline
 90
2
 70
1
 10
223.97106445312502
 20
110.23272216796875
 10
223.97106445312502
 20
109.59318603515624
  0
LWPOLYLINE
  5
1A1
330
17
100
AcDbEntity
  8
RASTER_TRACE
100
AcDbPolyline
 90
5
 70
1
 10
156.60659179687502
 20
110.23272216796875
 10
156.3934130859375
 20
110.23272216796875
 10
156.28682373046877
 20
110.12613281249999
 10
155.86046630859377
 20
110.12613281249999
 10
156.3934130859375
 20
110.12613281249999
  0
LWPOLYLINE
  5
1A2
330
17
100
AcDbEntity
  8
RASTER_TRACE
100
AcDbPolyline
 90
4
 70
1
 10
144.34881591796878
 20
110.33931152343749
 10
144.34881591796878
 20
109.69977539062499
 10
144.45540527343752
 20
109.69977539062499
 10
144.45540527343752
 20
110.33931152343749
  0
LWPOLYLINE
  5
1A3
330
17
100
AcDbEntity
  8
RASTER_TRACE
100
AcDbPolyline
 90
4
 70
1
 10
91.16072753906252
 20
110.33931152343749
 10
91.05413818359375
 20
110.33931152343749
 10
91.05413818359375
 20
109.80636474609375
 10
91.05413818359375
 20
110.12613281249999
  0
LWPOLYLINE
  5
1A4
330
17
100
AcDbEntity
  8
RASTER_TRACE
100
AcDbPolyline
 90
4
 70
1
 10
157.13953857421876
 20
110.33931152343749
 10
157.8856640625
 20
110.44590087890624
 10
157.45930664062502
 20
110.44590087890624
 10
157.35271728515627
 20
110.33931152343749
  0
LWPOLYLINE
  5
1A5
330
17
100
AcDbEntity
  8
RASTER_TRACE
100
AcDbPolyline
 90
5
 70
1
 10
154.58139404296878
 20
110.44590087890624
 10
154.68798339843752
 20
110.23272216796875
 10
155.11434082031252
 20
110.01954345703123
 10
155.32751953125
 20
110.01954345703123
 10
154.79457275390627
 20
110.23272216796875
  0
LWPOLYLINE
  5
1A6
330
17
100
AcDbEntity
  8
RASTER_TRACE
100
AcDbPolyline
 90
4
 70
1
 10
93.07933593750002
 20
110.44590087890624
 10
92.97274658203125
 20
110.44590087890624
 10
92.75956787109376
 20
110.01954345703123
 10
92.8661572265625
 20
110.01954345703123
  0
LWPOLYLINE
  5
1A7
330
17
100
AcDbEntity
  8
RASTER_TRACE
100
AcDbPolyline
 90
6
 70
1
 10
90.7343701171875
 20
110.44590087890624
 10
90.52119140625001
 20
110.01954345703123
 10
90.52119140625001
 20
109.59318603515624
 10
90.52119140625001
 20
109.91295410156249
 10
90.62778076171875
 20
110.01954345703123
 10
90.62778076171875
 20
110.23272216796875
  0
LWPOLYLINE
  5
1A8
330
17
100
AcDbEntity
  8
RASTER_TRACE
100
AcDbPolyline
 90
19
 70
1
 10
207.12994628906253
 20
110.65907958984374
 10
206.70358886718753
 20
109.38000732421874
 10
205.95746337890628
 20
108.52729248046873
 10
205.53110595703126
 20
108.20752441406249
 10
204.358623046875
 20
107.67457763671874
 10
203.932265625
 20
107.7811669921875
 10
203.932265625
 20
108.31411376953125
 10
203.932265625
 20
107.7811669921875
 10
203.71908691406253
 20
107.56798828125
 10
192.63379394531253
 20
107.56798828125
 10
192.52720458984376
 20
107.46139892578124
 10
183.25393066406252
 20
107.46139892578124
 10
183.14734130859378
 20
107.56798828125
 10
183.36052001953126
 20
108.42070312499999
 10
203.932265625
 20
108.52729248046873
 10
204.78498046875004
 20
108.74047119140624
 10
205.42451660156252
 20
109.0602392578125
 10
206.81017822265628
 20
110.33931152343749
 10
207.02335693359376
 20
110.76566894531248
  0
LWPOLYLINE
  5
1A9
330
17
100
AcDbEntity
  8
RASTER_TRACE
100
AcDbPolyline
 90
7
 70
1
 10
159.16473632812503
 20
110.76566894531248
 10
158.95155761718752
 20
110.65907958984374
 10
158.52520019531252
 20
110.65907958984374
 10
158.41861083984378
 20
110.552490234375
 10
158.63178955078126
 20
110.552490234375
 10
158.73837890625
 20
110.65907958984374
 10
159.16473632812503
 20
110.65907958984374
  0
LWPOLYLINE
  5
1AA
330
17
100
AcDbEntity
  8
RASTER_TRACE
100
AcDbPolyline
 90
2
 70
1
 10
97.5560888671875
 20
110.76566894531248
 10
97.5560888671875
 20
109.69977539062499
  0
LWPOLYLINE
  5
1AB
330
17
100
AcDbEntity
  8
RASTER_TRACE
100
AcDbPolyline
 90
29
 70
1
 10
79.86225585937501
 20
110.87225830078124
 10
79.96884521484375
 20
110.97884765625
 10
80.39520263671875
 20
110.97884765625
 10
80.50179199218749
 20
110.87225830078124
 10
81.46109619140626
 20
110.87225830078124
 10
81.567685546875
 20
110.76566894531248
 10
82.31381103515625
 20
110.76566894531248
 10
82.42040039062502
 20
110.65907958984374
 10
82.95334716796876
 20
110.65907958984374
 10
83.0599365234375
 20
110.552490234375
 10
83.4862939453125
 20
110.552490234375
 10
83.59288330078127
 20
110.44590087890624
 10
83.9126513671875
 20
110.44590087890624
 10
84.01924072265626
 20
110.33931152343749
 10
84.23241943359375
 20
110.33931152343749
 10
84.44559814453126
 20
110.12613281249999
 10
84.44559814453126
 20
109.69977539062499
 10
84.33900878906252
 20
109.59318603515624
 10
83.9126513671875
 20
109.80636474609375
 10
83.59288330078127
 20
109.80636474609375
 10
83.4862939453125
 20
109.91295410156249
 10
82.95334716796876
 20
109.91295410156249
 10
82.84675781250002
 20
110.01954345703123
 10
82.31381103515625
 20
110.01954345703123
 10
82.2072216796875
 20
110.12613281249999
 10
81.141328125
 20
110.12613281249999
 10
81.03473876953126
 20
110.23272216796875
 10
80.0754345703125
 20
110.23272216796875
 10
79.86225585937501
 20
110.44590087890624
  0
LWPOLYLINE
  5
1AC
330
17
100
AcDbEntity
  8
RASTER_TRACE
100
AcDbPolyline
 90
56
 70
1
 10
173.98065673828128
 20
110.97884765625
 10
174.08724609375003
 20
111.08543701171874
 10
174.40701416015628
 20
111.08543701171874
 10
174.51360351562502
 20
110.97884765625
 10
174.7267822265625
 20
110.97884765625
 10
175.15313964843753
 20
110.76566894531248
 10
175.47290771484376
 20
110.76566894531248
 10
175.57949707031253
 20
110.65907958984374
 10
175.79267578125
 20
110.65907958984374
 10
175.89926513671878
 20
110.552490234375
 10
176.11244384765627
 20
110.552490234375
 10
176.219033203125
 20
110.44590087890624
 10
176.75197998046878
 20
110.33931152343749
 10
177.07174804687503
 20
110.12613281249999
 10
177.2849267578125
 20
110.12613281249999
 10
177.39151611328126
 20
110.01954345703123
 10
177.92446289062502
 20
109.91295410156249
 10
178.24423095703128
 20
109.69977539062499
 10
178.45740966796876
 20
109.69977539062499
 10
178.77717773437502
 20
109.4865966796875
 10
178.99035644531253
 20
109.4865966796875
 10
179.31012451171878
 20
109.27341796874998
 10
179.52330322265627
 20
109.27341796874998
 10
179.629892578125
 20
109.16682861328124
 10
179.84307128906252
 20
109.16682861328124
 10
179.94966064453126
 20
109.0602392578125
 10
180.16283935546878
 20
109.0602392578125
 10
180.58919677734377
 20
108.84706054687499
 10
180.90896484375003
 20
108.84706054687499
 10
181.01555419921877
 20
108.74047119140624
 10
181.33532226562502
 20
108.74047119140624
 10
181.44191162109377
 20
108.6338818359375
 10
181.76167968750002
 20
108.6338818359375
 10
181.86826904296876
 20
108.52729248046873
 10
182.50780517578127
 20
108.52729248046873
 10
182.61439453125
 20
108.42070312499999
 10
183.14734130859378
 20
108.42070312499999
 10
183.25393066406252
 20
108.31411376953125
 10
183.14734130859378
 20
108.20752441406249
 10
183.14734130859378
 20
107.56798828125
 10
183.040751953125
 20
107.46139892578124
 10
182.50780517578127
 20
107.46139892578124
 10
182.40121582031253
 20
107.56798828125
 10
181.76167968750002
 20
107.56798828125
 10
181.65509033203128
 20
107.67457763671874
 10
181.1221435546875
 20
107.67457763671874
 10
180.69578613281251
 20
107.88775634765625
 10
180.37601806640626
 20
107.88775634765625
 10
180.26942871093752
 20
107.99434570312499
 10
180.05625
 20
107.99434570312499
 10
179.73648193359378
 20
108.20752441406249
 10
179.52330322265627
 20
108.20752441406249
 10
177.17833740234377
 20
109.38000732421874
 10
176.96515869140626
 20
109.59318603515624
 10
175.04655029296876
 20
110.552490234375
 10
174.83337158203128
 20
110.552490234375
  0
LWPOLYLINE
  5
1AD
330
17
100
AcDbEntity
  8
RASTER_TRACE
100
AcDbPolyline
 90
5
 70
1
 10
160.44380859375002
 20
110.97884765625
 10
160.2306298828125
 20
110.97884765625
 10
160.12404052734377
 20
110.87225830078124
 10
159.8042724609375
 20
110.87225830078124
 10
160.2306298828125
 20
110.87225830078124
  0
LWPOLYLINE
  5
1AE
330
17
100
AcDbEntity
  8
RASTER_TRACE
100
AcDbPolyline
 90
7
 70
1
 10
85.72467041015625
 20
110.97884765625
 10
85.72467041015625
 20
110.87225830078124
 10
86.0444384765625
 20
110.44590087890624
 10
86.0444384765625
 20
110.23272216796875
 10
86.15102783203125
 20
110.23272216796875
 10
86.0444384765625
 20
110.33931152343749
 10
86.0444384765625
 20
110.552490234375
  0
LWPOLYLINE
  5
1AF
330
17
100
AcDbEntity
  8
RASTER_TRACE
100
AcDbPolyline
 90
4
 70
1
 10
29.978437500000002
 20
110.97884765625
 10
79.6490771484375
 20
110.97884765625
 10
79.86225585937501
 20
110.33931152343749
 10
30.191616210937504
 20
110.23272216796875
  0
LWPOLYLINE
  5
1B0
330
17
100
AcDbEntity
  8
RASTER_TRACE
100
AcDbPolyline
 90
4
 70
1
 10
160.97675537109376
 20
111.08543701171874
 10
161.722880859375
 20
111.1920263671875
 10
161.2965234375
 20
111.1920263671875
 10
161.18993408203127
 20
111.08543701171874
  0
LWPOLYLINE
  5
1B1
330
17
100
AcDbEntity
  8
RASTER_TRACE
100
AcDbPolyline
 90
11
 70
1
 10
29.445490722656253
 20
111.29861572265625
 10
29.552080078125
 20
111.1920263671875
 10
29.7652587890625
 20
111.1920263671875
 10
29.978437500000002
 20
110.97884765625
 10
29.978437500000002
 20
110.76566894531248
 10
30.08502685546875
 20
110.65907958984374
 10
30.08502685546875
 20
110.33931152343749
 10
29.978437500000002
 20
110.23272216796875
 10
29.65866943359375
 20
110.23272216796875
 10
29.338901367187503
 20
110.552490234375
 10
29.338901367187503
 20
111.1920263671875
  0
LWPOLYLINE
  5
1B2
330
17
100
AcDbEntity
  8
RASTER_TRACE
100
AcDbPolyline
 90
4
 70
1
 10
153.30232177734376
 20
111.29861572265625
 10
153.30232177734376
 20
110.76566894531248
 10
153.4089111328125
 20
110.552490234375
 10
153.4089111328125
 20
111.08543701171874
  0
LWPOLYLINE
  5
1B3
330
17
100
AcDbEntity
  8
RASTER_TRACE
100
AcDbPolyline
 90
8
 70
1
 10
222.90517089843752
 20
111.08543701171874
 10
222.90517089843752
 20
111.29861572265625
 10
223.22493896484377
 20
111.51179443359374
 10
223.65129638671877
 20
111.51179443359374
 10
223.7578857421875
 20
111.405205078125
 10
223.43811767578129
 20
111.08543701171874
 10
223.22493896484377
 20
111.08543701171874
 10
223.11834960937503
 20
110.97884765625
  0
LWPOLYLINE
  5
1B4
330
17
100
AcDbEntity
  8
RASTER_TRACE
100
AcDbPolyline
 90
7
 70
1
 10
163.00195312500003
 20
111.51179443359374
 10
162.78877441406252
 20
111.405205078125
 10
162.36241699218752
 20
111.405205078125
 10
162.25582763671878
 20
111.29861572265625
 10
162.46900634765626
 20
111.29861572265625
 10
162.57559570312503
 20
111.405205078125
 10
163.00195312500003
 20
111.405205078125
  0
LWPOLYLINE
  5
1B5
330
17
100
AcDbEntity
  8
RASTER_TRACE
100
AcDbPolyline
 90
5
 70
1
 10
153.94185791015627
 20
111.51179443359374
 10
154.04844726562501
 20
111.29861572265625
 10
154.04844726562501
 20
111.08543701171874
 10
154.15503662109376
 20
110.87225830078124
 10
154.26162597656253
 20
110.87225830078124
  0
LWPOLYLINE
  5
1B6
330
17
100
AcDbEntity
  8
RASTER_TRACE
100
AcDbPolyline
 90
5
 70
1
 10
93.82546142578127
 20
111.51179443359374
 10
93.61228271484376
 20
111.29861572265625
 10
93.39910400390625
 20
110.87225830078124
 10
93.50569335937502
 20
111.08543701171874
 10
93.82546142578127
 20
111.405205078125
  0
LWPOLYLINE
  5
1B7
330
17
100
AcDbEntity
  8
RASTER_TRACE
100
AcDbPolyline
 90
5
 70
1
 10
164.28102539062502
 20
111.72497314453125
 10
164.0678466796875
 20
111.72497314453125
 10
163.96125732421876
 20
111.61838378906249
 10
163.6414892578125
 20
111.61838378906249
 10
164.17443603515628
 20
111.61838378906249
  0
LWPOLYLINE
  5
1B8
330
17
100
AcDbEntity
  8
RASTER_TRACE
100
AcDbPolyline
 90
4
 70
1
 10
144.45540527343752
 20
111.83156249999999
 10
144.34881591796878
 20
111.72497314453125
 10
144.34881591796878
 20
111.08543701171874
 10
144.45540527343752
 20
111.08543701171874
  0
LWPOLYLINE
  5
1B9
330
17
100
AcDbEntity
  8
RASTER_TRACE
100
AcDbPolyline
 90
16
 70
1
 10
85.19172363281251
 20
111.83156249999999
 10
84.87195556640626
 20
111.83156249999999
 10
84.76536621093751
 20
111.72497314453125
 10
84.125830078125
 20
111.72497314453125
 10
84.33900878906252
 20
111.72497314453125
 10
84.44559814453126
 20
111.61838378906249
 10
84.33900878906252
 20
111.405205078125
 10
84.33900878906252
 20
110.97884765625
 10
84.44559814453126
 20
111.08543701171874
 10
84.44559814453126
 20
111.61838378906249
 10
84.5521875
 20
111.72497314453125
 10
84.76536621093751
 20
111.72497314453125
 10
84.978544921875
 20
111.51179443359374
 10
85.40490234375
 20
111.29861572265625
 10
84.87195556640626
 20
111.72497314453125
 10
84.978544921875
 20
111.83156249999999
  0
LWPOLYLINE
  5
1BA
330
17
100
AcDbEntity
  8
RASTER_TRACE
100
AcDbPolyline
 90
5
 70
1
 10
164.92056152343753
 20
111.83156249999999
 10
165.24032958984378
 20
111.83156249999999
 10
165.34691894531252
 20
111.93815185546873
 10
165.56009765625
 20
111.93815185546873
 10
165.133740234375
 20
111.93815185546873
  0
LWPOLYLINE
  5
1BB
330
17
100
AcDbEntity
  8
RASTER_TRACE
100
AcDbPolyline
 90
15
 70
1
 10
90.7343701171875
 20
111.93815185546873
 10
90.7343701171875
 20
111.83156249999999
 10
91.05413818359375
 20
111.83156249999999
 10
91.26731689453126
 20
111.61838378906249
 10
91.26731689453126
 20
111.405205078125
 10
90.94754882812501
 20
111.08543701171874
 10
90.84095947265627
 20
110.87225830078124
 10
90.94754882812501
 20
110.87225830078124
 10
91.16072753906252
 20
111.29861572265625
 10
91.26731689453126
 20
111.1920263671875
 10
91.26731689453126
 20
110.87225830078124
 10
91.37390625
 20
111.08543701171874
 10
91.37390625
 20
111.61838378906249
 10
91.16072753906252
 20
111.83156249999999
 10
90.94754882812501
 20
111.83156249999999
  0
LWPOLYLINE
  5
1BC
330
17
100
AcDbEntity
  8
RASTER_TRACE
100
AcDbPolyline
 90
5
 70
1
 10
85.72467041015625
 20
111.83156249999999
 10
85.93784912109376
 20
111.83156249999999
 10
86.0444384765625
 20
111.93815185546873
 10
86.36420654296876
 20
111.93815185546873
 10
85.72467041015625
 20
111.93815185546873
  0
LWPOLYLINE
  5
1BD
330
17
100
AcDbEntity
  8
RASTER_TRACE
100
AcDbPolyline
 90
4
 70
1
 10
83.37970458984375
 20
111.93815185546873
 10
83.37970458984375
 20
111.83156249999999
 10
83.9126513671875
 20
111.83156249999999
 10
83.4862939453125
 20
111.83156249999999
  0
LWPOLYLINE
  5
1BE
330
17
100
AcDbEntity
  8
RASTER_TRACE
100
AcDbPolyline
 90
4
 70
1
 10
146.37401367187502
 20
111.93815185546873
 10
147.226728515625
 20
111.93815185546873
 10
147.226728515625
 20
112.04474121093749
 10
146.48060302734376
 20
112.04474121093749
  0
LWPOLYLINE
  5
1BF
330
17
100
AcDbEntity
  8
RASTER_TRACE
100
AcDbPolyline
 90
4
 70
1
 10
89.4552978515625
 20
112.04474121093749
 10
89.4552978515625
 20
111.93815185546873
 10
90.20142333984376
 20
111.93815185546873
 10
90.09483398437501
 20
112.04474121093749
  0
LWPOLYLINE
  5
1C0
330
17
100
AcDbEntity
  8
RASTER_TRACE
100
AcDbPolyline
 90
2
 70
1
 10
88.17622558593752
 20
112.04474121093749
 10
88.92235107421877
 20
112.04474121093749
  0
LWPOLYLINE
  5
1C1
330
17
100
AcDbEntity
  8
RASTER_TRACE
100
AcDbPolyline
 90
4
 70
1
 10
86.8971533203125
 20
111.93815185546873
 10
87.536689453125
 20
111.93815185546873
 10
87.64327880859375
 20
112.04474121093749
 10
86.8971533203125
 20
112.04474121093749
  0
LWPOLYLINE
  5
1C2
330
17
100
AcDbEntity
  8
RASTER_TRACE
100
AcDbPolyline
 90
4
 70
1
 10
82.10063232421876
 20
112.04474121093749
 10
82.52698974609376
 20
112.04474121093749
 10
82.74016845703125
 20
111.93815185546873
 10
82.74016845703125
 20
112.04474121093749
  0
LWPOLYLINE
  5
1C3
330
17
100
AcDbEntity
  8
RASTER_TRACE
100
AcDbPolyline
 90
4
 70
1
 10
147.86626464843752
 20
112.04474121093749
 10
148.61239013671877
 20
112.04474121093749
 10
148.61239013671877
 20
112.15133056640624
 10
148.079443359375
 20
112.15133056640624
  0
LWPOLYLINE
  5
1C4
330
17
100
AcDbEntity
  8
RASTER_TRACE
100
AcDbPolyline
 90
6
 70
1
 10
223.86447509765628
 20
112.36450927734374
 10
223.97106445312502
 20
112.25791992187499
 10
223.86447509765628
 20
111.72497314453125
 10
223.7578857421875
 20
111.61838378906249
 10
223.43811767578129
 20
111.61838378906249
 10
223.33152832031251
 20
111.83156249999999
  0
LWPOLYLINE
  5
1C5
330
17
100
AcDbEntity
  8
RASTER_TRACE
100
AcDbPolyline
 90
7
 70
1
 10
166.83916992187503
 20
112.25791992187499
 10
166.73258056640626
 20
112.15133056640624
 10
166.30622314453126
 20
112.15133056640624
 10
166.09304443359378
 20
112.04474121093749
 10
166.30622314453126
 20
112.04474121093749
 10
166.41281250000003
 20
112.15133056640624
 10
166.83916992187503
 20
112.15133056640624
  0
LWPOLYLINE
  5
1C6
330
17
100
AcDbEntity
  8
RASTER_TRACE
100
AcDbPolyline
 90
4
 70
1
 10
149.1453369140625
 20
112.15133056640624
 10
149.89146240234376
 20
112.15133056640624
 10
149.9980517578125
 20
112.25791992187499
 10
149.25192626953128
 20
112.25791992187499
  0
LWPOLYLINE
  5
1C7
330
17
100
AcDbEntity
  8
RASTER_TRACE
100
AcDbPolyline
 90
5
 70
1
 10
80.82156005859375
 20
112.25791992187499
 10
80.82156005859375
 20
112.15133056640624
 10
81.46109619140626
 20
112.15133056640624
 10
81.141328125
 20
112.15133056640624
 10
81.03473876953126
 20
112.25791992187499
  0
LWPOLYLINE
  5
1C8
330
17
100
AcDbEntity
  8
RASTER_TRACE
100
AcDbPolyline
 90
3
 70
1
 10
150.637587890625
 20
112.25791992187499
 10
151.38371337890626
 20
112.36450927734374
 10
150.637587890625
 20
112.36450927734374
  0
LWPOLYLINE
  5
1C9
330
17
100
AcDbEntity
  8
RASTER_TRACE
100
AcDbPolyline
 90
2
 70
1
 10
97.5560888671875
 20
112.36450927734374
 10
97.5560888671875
 20
111.405205078125
  0
LWPOLYLINE
  5
1CA
330
17
100
AcDbEntity
  8
RASTER_TRACE
100
AcDbPolyline
 90
22
 70
1
 10
224.61060058593753
 20
112.57768798828124
 10
224.71718994140628
 20
112.4710986328125
 10
224.71718994140628
 20
108.42070312499999
 10
224.29083251953128
 20
108.20752441406249
 10
224.18424316406254
 20
107.99434570312499
 10
223.97106445312502
 20
108.20752441406249
 10
223.97106445312502
 20
109.27341796874998
 10
223.97106445312502
 20
108.20752441406249
 10
223.86447509765628
 20
108.10093505859373
 10
223.22493896484377
 20
108.42070312499999
 10
223.01176025390626
 20
108.6338818359375
 10
223.01176025390626
 20
108.74047119140624
 10
222.79858154296878
 20
108.84706054687499
 10
222.79858154296878
 20
110.87225830078124
 10
222.90517089843752
 20
110.97884765625
 10
223.33152832031251
 20
110.97884765625
 10
223.54470703125003
 20
111.08543701171874
 10
223.86447509765628
 20
111.51179443359374
 10
223.97106445312502
 20
111.405205078125
 10
223.97106445312502
 20
110.65907958984374
 10
223.97106445312502
 20
111.51179443359374
 10
224.18424316406254
 20
111.72497314453125
  0
LWPOLYLINE
  5
1CB
330
17
100
AcDbEntity
  8
RASTER_TRACE
100
AcDbPolyline
 90
7
 70
1
 10
168.11824218750002
 20
112.4710986328125
 10
167.90506347656253
 20
112.4710986328125
 10
167.79847412109376
 20
112.36450927734374
 10
167.4787060546875
 20
112.36450927734374
 10
167.4787060546875
 20
112.25791992187499
 10
167.58529541015628
 20
112.36450927734374
 10
168.01165283203127
 20
112.36450927734374
  0
LWPOLYLINE
  5
1CC
330
17
100
AcDbEntity
  8
RASTER_TRACE
100
AcDbPolyline
 90
5
 70
1
 10
78.68977294921876
 20
112.4710986328125
 10
78.68977294921876
 20
112.36450927734374
 10
79.43589843750001
 20
112.36450927734374
 10
79.009541015625
 20
112.36450927734374
 10
78.90295166015625
 20
112.4710986328125
  0
LWPOLYLINE
  5
1CD
330
17
100
AcDbEntity
  8
RASTER_TRACE
100
AcDbPolyline
 90
5
 70
1
 10
151.91666015625003
 20
112.4710986328125
 10
152.5561962890625
 20
112.4710986328125
 10
152.76937500000003
 20
112.57768798828124
 10
152.23642822265626
 20
112.57768798828124
 10
152.12983886718752
 20
112.4710986328125
  0
LWPOLYLINE
  5
1CE
330
17
100
AcDbEntity
  8
RASTER_TRACE
100
AcDbPolyline
 90
4
 70
1
 10
77.304111328125
 20
112.4710986328125
 10
78.156826171875
 20
112.4710986328125
 10
77.51729003906252
 20
112.4710986328125
 10
77.41070068359375
 20
112.57768798828124
  0
LWPOLYLINE
  5
1CF
330
17
100
AcDbEntity
  8
RASTER_TRACE
100
AcDbPolyline
 90
2
 70
1
 10
76.02503906250001
 20
112.57768798828124
 10
76.77116455078126
 20
112.57768798828124
  0
LWPOLYLINE
  5
1D0
330
17
100
AcDbEntity
  8
RASTER_TRACE
100
AcDbPolyline
 90
5
 70
1
 10
94.35840820312501
 20
112.68427734374998
 10
94.25181884765627
 20
112.68427734374998
 10
94.25181884765627
 20
112.15133056640624
 10
94.1452294921875
 20
111.93815185546873
 10
94.35840820312501
 20
112.36450927734374
  0
LWPOLYLINE
  5
1D1
330
17
100
AcDbEntity
  8
RASTER_TRACE
100
AcDbPolyline
 90
4
 70
1
 10
74.745966796875
 20
112.68427734374998
 10
75.17232421875
 20
112.68427734374998
 10
75.27891357421876
 20
112.57768798828124
 10
75.49209228515625
 20
112.68427734374998
  0
LWPOLYLINE
  5
1D2
330
17
100
AcDbEntity
  8
RASTER_TRACE
100
AcDbPolyline
 90
18
 70
1
 10
154.15503662109376
 20
112.79086669921874
 10
153.72867919921876
 20
112.79086669921874
 10
153.62208984375002
 20
112.68427734374998
 10
153.30232177734376
 20
112.68427734374998
 10
153.51550048828128
 20
112.68427734374998
 10
153.62208984375002
 20
112.57768798828124
 10
153.51550048828128
 20
112.36450927734374
 10
153.51550048828128
 20
112.15133056640624
 10
153.4089111328125
 20
112.04474121093749
 10
153.4089111328125
 20
111.72497314453125
 10
153.4089111328125
 20
111.93815185546873
 10
153.51550048828128
 20
112.04474121093749
 10
153.51550048828128
 20
112.25791992187499
 10
153.72867919921876
 20
112.57768798828124
 10
153.83526855468753
 20
112.4710986328125
 10
153.83526855468753
 20
112.04474121093749
 10
153.83526855468753
 20
112.68427734374998
 10
153.94185791015627
 20
112.79086669921874
  0
LWPOLYLINE
  5
1D3
330
17
100
AcDbEntity
  8
RASTER_TRACE
100
AcDbPolyline
 90
2
 70
1
 10
121.64528320312502
 20
112.79086669921874
 10
122.39140869140627
 20
112.79086669921874
  0
LWPOLYLINE
  5
1D4
330
17
100
AcDbEntity
  8
RASTER_TRACE
100
AcDbPolyline
 90
2
 70
1
 10
73.46689453125
 20
112.79086669921874
 10
74.10643066406251
 20
112.79086669921874
  0
LWPOLYLINE
  5
1D5
330
17
100
AcDbEntity
  8
RASTER_TRACE
100
AcDbPolyline
 90
6
 70
1
 10
170.4632080078125
 20
112.8974560546875
 10
170.35661865234377
 20
112.79086669921874
 10
169.82367187500003
 20
112.68427734374998
 10
169.82367187500003
 20
112.57768798828124
 10
169.93026123046877
 20
112.68427734374998
 10
170.4632080078125
 20
112.79086669921874
  0
LWPOLYLINE
  5
1D6
330
17
100
AcDbEntity
  8
RASTER_TRACE
100
AcDbPolyline
 90
4
 70
1
 10
120.15303222656252
 20
112.8974560546875
 10
120.25962158203126
 20
112.79086669921874
 10
121.00574707031251
 20
112.79086669921874
 10
120.3662109375
 20
112.79086669921874
  0
LWPOLYLINE
  5
1D7
330
17
100
AcDbEntity
  8
RASTER_TRACE
100
AcDbPolyline
 90
2
 70
1
 10
225.03695800781253
 20
113.00404541015624
 10
225.03695800781253
 20
112.4710986328125
  0
LWPOLYLINE
  5
1D8
330
17
100
AcDbEntity
  8
RASTER_TRACE
100
AcDbPolyline
 90
9
 70
1
 10
224.29083251953128
 20
113.110634765625
 10
224.50401123046876
 20
112.8974560546875
 10
224.50401123046876
 20
112.57768798828124
 10
224.39742187500002
 20
112.4710986328125
 10
224.39742187500002
 20
112.25791992187499
 10
224.07765380859377
 20
111.93815185546873
 10
223.97106445312502
 20
112.04474121093749
 10
224.07765380859377
 20
112.25791992187499
 10
224.07765380859377
 20
112.8974560546875
  0
LWPOLYLINE
  5
1D9
330
17
100
AcDbEntity
  8
RASTER_TRACE
100
AcDbPolyline
 90
8
 70
1
 10
169.29072509765626
 20
112.57768798828124
 10
168.86436767578127
 20
112.57768798828124
 10
168.75777832031253
 20
112.68427734374998
 10
168.97095703125
 20
113.00404541015624
 10
168.544599609375
 20
112.57768798828124
 10
168.43801025390627
 20
112.57768798828124
 10
168.43801025390627
 20
112.4710986328125
 10
168.544599609375
 20
112.57768798828124
  0
LWPOLYLINE
  5
1DA
330
17
100
AcDbEntity
  8
RASTER_TRACE
100
AcDbPolyline
 90
6
 70
1
 10
122.81776611328127
 20
112.8974560546875
 10
123.24412353515626
 20
112.8974560546875
 10
123.350712890625
 20
113.00404541015624
 10
123.56389160156252
 20
113.00404541015624
 10
123.13753417968752
 20
113.00404541015624
 10
123.03094482421875
 20
112.8974560546875
  0
LWPOLYLINE
  5
1DB
330
17
100
AcDbEntity
  8
RASTER_TRACE
100
AcDbPolyline
 90
5
 70
1
 10
79.75566650390626
 20
113.00404541015624
 10
79.75566650390626
 20
112.25791992187499
 10
80.28861328125001
 20
112.25791992187499
 10
79.86225585937501
 20
112.4710986328125
 10
79.86225585937501
 20
113.00404541015624
  0
LWPOLYLINE
  5
1DC
330
17
100
AcDbEntity
  8
RASTER_TRACE
100
AcDbPolyline
 90
4
 70
1
 10
72.187822265625
 20
113.00404541015624
 10
72.187822265625
 20
112.8974560546875
 10
72.8273583984375
 20
112.8974560546875
 10
72.29441162109376
 20
112.8974560546875
  0
LWPOLYLINE
  5
1DD
330
17
100
AcDbEntity
  8
RASTER_TRACE
100
AcDbPolyline
 90
8
 70
1
 10
154.68798339843752
 20
112.8974560546875
 10
154.79457275390627
 20
113.00404541015624
 10
155.11434082031252
 20
113.00404541015624
 10
155.22093017578126
 20
113.110634765625
 10
155.43410888671878
 20
113.110634765625
 10
155.00775146484378
 20
113.110634765625
 10
154.901162109375
 20
113.00404541015624
 10
154.68798339843752
 20
113.00404541015624
  0
LWPOLYLINE
  5
1DE
330
17
100
AcDbEntity
  8
RASTER_TRACE
100
AcDbPolyline
 90
7
 70
1
 10
119.08713867187501
 20
113.110634765625
 10
119.19372802734375
 20
113.00404541015624
 10
119.51349609375
 20
113.00404541015624
 10
119.72667480468752
 20
112.8974560546875
 10
119.72667480468752
 20
113.00404541015624
 10
119.40690673828126
 20
113.00404541015624
 10
119.3003173828125
 20
113.110634765625
  0
LWPOLYLINE
  5
1DF
330
17
100
AcDbEntity
  8
RASTER_TRACE
100
AcDbPolyline
 90
2
 70
1
 10
115.67627929687501
 20
113.110634765625
 10
115.67627929687501
 20
110.97884765625
  0
LWPOLYLINE
  5
1E0
330
17
100
AcDbEntity
  8
RASTER_TRACE
100
AcDbPolyline
 90
4
 70
1
 10
70.90875
 20
113.110634765625
 10
70.90875
 20
113.00404541015624
 10
71.5482861328125
 20
113.00404541015624
 10
71.01533935546875
 20
113.00404541015624
  0
LWPOLYLINE
  5
1E1
330
17
100
AcDbEntity
  8
RASTER_TRACE
100
AcDbPolyline
 90
4
 70
1
 10
69.52308837890625
 20
113.21722412109375
 10
69.52308837890625
 20
113.110634765625
 10
70.2692138671875
 20
113.110634765625
 10
69.73626708984375
 20
113.110634765625
  0
LWPOLYLINE
  5
1E2
330
17
100
AcDbEntity
  8
RASTER_TRACE
100
AcDbPolyline
 90
4
 70
1
 10
144.45540527343752
 20
113.32381347656249
 10
144.34881591796878
 20
113.21722412109375
 10
144.34881591796878
 20
112.57768798828124
 10
144.45540527343752
 20
112.4710986328125
  0
LWPOLYLINE
  5
1E3
330
17
100
AcDbEntity
  8
RASTER_TRACE
100
AcDbPolyline
 90
4
 70
1
 10
68.24401611328125
 20
113.32381347656249
 10
68.24401611328125
 20
113.21722412109375
 10
68.9901416015625
 20
113.21722412109375
 10
68.45719482421876
 20
113.21722412109375
  0
LWPOLYLINE
  5
1E4
330
17
100
AcDbEntity
  8
RASTER_TRACE
100
AcDbPolyline
 90
7
 70
1
 10
156.60659179687502
 20
113.43040283203123
 10
156.28682373046877
 20
113.43040283203123
 10
156.18023437500003
 20
113.32381347656249
 10
155.9670556640625
 20
113.32381347656249
 10
155.9670556640625
 20
113.21722412109375
 10
156.07364501953126
 20
113.32381347656249
 10
156.3934130859375
 20
113.32381347656249
  0
LWPOLYLINE
  5
1E5
330
17
100
AcDbEntity
  8
RASTER_TRACE
100
AcDbPolyline
 90
3
 70
1
 10
124.62978515625002
 20
113.43040283203123
 10
123.99024902343751
 20
113.21722412109375
 10
124.203427734375
 20
113.21722412109375
  0
LWPOLYLINE
  5
1E6
330
17
100
AcDbEntity
  8
RASTER_TRACE
100
AcDbPolyline
 90
4
 70
1
 10
66.8583544921875
 20
113.32381347656249
 10
67.60447998046875
 20
113.32381347656249
 10
67.071533203125
 20
113.32381347656249
 10
66.96494384765626
 20
113.43040283203123
  0
LWPOLYLINE
  5
1E7
330
17
100
AcDbEntity
  8
RASTER_TRACE
100
AcDbPolyline
 90
6
 70
1
 10
171.52910156250002
 20
113.53699218749999
 10
171.42251220703128
 20
113.53699218749999
 10
171.10274414062502
 20
113.21722412109375
 10
170.99615478515628
 20
113.21722412109375
 10
170.99615478515628
 20
113.110634765625
 10
171.20933349609376
 20
113.21722412109375
  0
LWPOLYLINE
  5
1E8
330
17
100
AcDbEntity
  8
RASTER_TRACE
100
AcDbPolyline
 90
5
 70
1
 10
117.91465576171876
 20
113.53699218749999
 10
118.34101318359376
 20
113.32381347656249
 10
118.55419189453127
 20
113.32381347656249
 10
118.66078125000001
 20
113.21722412109375
 10
118.12783447265625
 20
113.53699218749999
  0
LWPOLYLINE
  5
1E9
330
17
100
AcDbEntity
  8
RASTER_TRACE
100
AcDbPolyline
 90
4
 70
1
 10
65.5792822265625
 20
113.53699218749999
 10
65.5792822265625
 20
113.43040283203123
 10
66.32540771484375
 20
113.43040283203123
 10
65.79246093750001
 20
113.43040283203123
  0
LWPOLYLINE
  5
1EA
330
17
100
AcDbEntity
  8
RASTER_TRACE
100
AcDbPolyline
 90
5
 70
1
 10
64.08703125
 20
113.64358154296875
 10
64.08703125
 20
113.53699218749999
 10
64.93974609375
 20
113.53699218749999
 10
64.513388671875
 20
113.53699218749999
 10
64.40679931640625
 20
113.64358154296875
  0
LWPOLYLINE
  5
1EB
330
17
100
AcDbEntity
  8
RASTER_TRACE
100
AcDbPolyline
 90
7
 70
1
 10
157.8856640625
 20
113.75017089843749
 10
157.56589599609376
 20
113.75017089843749
 10
157.45930664062502
 20
113.64358154296875
 10
157.24612792968753
 20
113.64358154296875
 10
157.24612792968753
 20
113.53699218749999
 10
157.35271728515627
 20
113.64358154296875
 10
157.67248535156253
 20
113.64358154296875
  0
LWPOLYLINE
  5
1EC
330
17
100
AcDbEntity
  8
RASTER_TRACE
100
AcDbPolyline
 90
5
 70
1
 10
62.70136962890626
 20
113.75017089843749
 10
62.70136962890626
 20
113.64358154296875
 10
63.44749511718751
 20
113.64358154296875
 10
63.23431640625
 20
113.64358154296875
 10
63.12772705078125
 20
113.75017089843749
  0
LWPOLYLINE
  5
1ED
330
17
100
AcDbEntity
  8
RASTER_TRACE
100
AcDbPolyline
 90
2
 70
1
 10
97.5560888671875
 20
113.85676025390624
 10
97.5560888671875
 20
113.00404541015624
  0
LWPOLYLINE
  5
1EE
330
17
100
AcDbEntity
  8
RASTER_TRACE
100
AcDbPolyline
 90
7
 70
1
 10
93.39910400390625
 20
113.85676025390624
 10
93.39910400390625
 20
113.75017089843749
 10
93.82546142578127
 20
113.53699218749999
 10
94.03864013671875
 20
113.32381347656249
 10
94.03864013671875
 20
113.21722412109375
 10
94.1452294921875
 20
113.21722412109375
 10
93.61228271484376
 20
113.75017089843749
  0
LWPOLYLINE
  5
1EF
330
17
100
AcDbEntity
  8
RASTER_TRACE
100
AcDbPolyline
 90
5
 70
1
 10
61.209118652343754
 20
113.85676025390624
 10
61.209118652343754
 20
113.75017089843749
 10
62.061833496093755
 20
113.75017089843749
 10
61.74206542968751
 20
113.75017089843749
 10
61.63547607421875
 20
113.85676025390624
  0
LWPOLYLINE
  5
1F0
330
17
100
AcDbEntity
  8
RASTER_TRACE
100
AcDbPolyline
 90
6
 70
1
 10
125.80226806640627
 20
113.963349609375
 10
125.58908935546876
 20
113.85676025390624
 10
125.37591064453125
 20
113.85676025390624
 10
125.05614257812502
 20
113.64358154296875
 10
125.48250000000002
 20
113.85676025390624
 10
125.6956787109375
 20
113.85676025390624
  0
LWPOLYLINE
  5
1F1
330
17
100
AcDbEntity
  8
RASTER_TRACE
100
AcDbPolyline
 90
10
 70
1
 10
116.528994140625
 20
113.963349609375
 10
116.74217285156251
 20
113.85676025390624
 10
116.9553515625
 20
113.85676025390624
 10
117.06194091796877
 20
113.75017089843749
 10
117.381708984375
 20
113.75017089843749
 10
117.48829833984377
 20
113.64358154296875
 10
117.48829833984377
 20
113.75017089843749
 10
117.27511962890625
 20
113.75017089843749
 10
117.16853027343751
 20
113.85676025390624
 10
116.74217285156251
 20
113.85676025390624
  0
LWPOLYLINE
  5
1F2
330
17
100
AcDbEntity
  8
RASTER_TRACE
100
AcDbPolyline
 90
4
 70
1
 10
59.82345703125
 20
113.963349609375
 10
59.82345703125
 20
113.85676025390624
 10
60.56958251953125
 20
113.85676025390624
 10
59.93004638671876
 20
113.85676025390624
  0
LWPOLYLINE
  5
1F3
330
17
100
AcDbEntity
  8
RASTER_TRACE
100
AcDbPolyline
 90
4
 70
1
 10
58.437795410156255
 20
113.963349609375
 10
58.9707421875
 20
113.963349609375
 10
59.183920898437506
 20
113.85676025390624
 10
59.183920898437506
 20
113.963349609375
  0
LWPOLYLINE
  5
1F4
330
17
100
AcDbEntity
  8
RASTER_TRACE
100
AcDbPolyline
 90
4
 70
1
 10
223.33152832031251
 20
114.06993896484374
 10
223.43811767578129
 20
113.75017089843749
 10
223.65129638671877
 20
113.53699218749999
 10
223.65129638671877
 20
113.64358154296875
  0
LWPOLYLINE
  5
1F5
330
17
100
AcDbEntity
  8
RASTER_TRACE
100
AcDbPolyline
 90
4
 70
1
 10
184.9593603515625
 20
114.06993896484374
 10
184.9593603515625
 20
113.963349609375
 10
185.70548583984376
 20
113.963349609375
 10
185.70548583984376
 20
114.06993896484374
  0
LWPOLYLINE
  5
1F6
330
17
100
AcDbEntity
  8
RASTER_TRACE
100
AcDbPolyline
 90
4
 70
1
 10
169.71708251953126
 20
114.06993896484374
 10
169.61049316406252
 20
113.85676025390624
 10
169.29072509765626
 20
113.53699218749999
 10
169.50390380859378
 20
113.64358154296875
  0
LWPOLYLINE
  5
1F7
330
17
100
AcDbEntity
  8
RASTER_TRACE
100
AcDbPolyline
 90
7
 70
1
 10
159.16473632812503
 20
114.06993896484374
 10
158.84496826171878
 20
114.06993896484374
 10
158.73837890625
 20
113.963349609375
 10
158.52520019531252
 20
113.963349609375
 10
158.52520019531252
 20
113.85676025390624
 10
158.63178955078126
 20
113.963349609375
 10
158.95155761718752
 20
113.963349609375
  0
LWPOLYLINE
  5
1F8
330
17
100
AcDbEntity
  8
RASTER_TRACE
100
AcDbPolyline
 90
5
 70
1
 10
92.01344238281251
 20
114.06993896484374
 10
92.43979980468751
 20
114.06993896484374
 10
92.54638916015625
 20
113.963349609375
 10
92.75956787109376
 20
113.963349609375
 10
92.652978515625
 20
114.06993896484374
  0
LWPOLYLINE
  5
1F9
330
17
100
AcDbEntity
  8
RASTER_TRACE
100
AcDbPolyline
 90
4
 70
1
 10
57.0521337890625
 20
114.06993896484374
 10
57.2653125
 20
113.963349609375
 10
57.79825927734375
 20
113.963349609375
 10
57.79825927734375
 20
114.06993896484374
  0
LWPOLYLINE
  5
1FA
330
17
100
AcDbEntity
  8
RASTER_TRACE
100
AcDbPolyline
 90
5
 70
1
 10
187.09114746093752
 20
114.17652832031249
 10
186.87796875
 20
114.17652832031249
 10
186.77137939453127
 20
114.06993896484374
 10
186.34502197265627
 20
114.06993896484374
 10
187.09114746093752
 20
114.06993896484374
  0
LWPOLYLINE
  5
1FB
330
17
100
AcDbEntity
  8
RASTER_TRACE
100
AcDbPolyline
 90
4
 70
1
 10
55.773061523437505
 20
114.17652832031249
 10
55.773061523437505
 20
114.06993896484374
 10
56.519187011718756
 20
114.06993896484374
 10
56.30600830078125
 20
114.17652832031249
  0
LWPOLYLINE
  5
1FC
330
17
100
AcDbEntity
  8
RASTER_TRACE
100
AcDbPolyline
 90
2
 70
1
 10
54.38739990234375
 20
114.17652832031249
 10
55.133525390625
 20
114.17652832031249
  0
LWPOLYLINE
  5
1FD
330
17
100
AcDbEntity
  8
RASTER_TRACE
100
AcDbPolyline
 90
7
 70
1
 10
183.467109375
 20
114.28311767578124
 10
183.467109375
 20
114.17652832031249
 10
183.78687744140626
 20
114.17652832031249
 10
183.89346679687503
 20
114.06993896484374
 10
184.31982421875003
 20
114.06993896484374
 10
184.21323486328126
 20
114.17652832031249
 10
183.68028808593752
 20
114.17652832031249
  0
LWPOLYLINE
  5
1FE
330
17
100
AcDbEntity
  8
RASTER_TRACE
100
AcDbPolyline
 90
6
 70
1
 10
90.62778076171875
 20
114.28311767578124
 10
90.62778076171875
 20
114.17652832031249
 10
91.26731689453126
 20
114.17652832031249
 10
91.37390625
 20
114.06993896484374
 10
91.48049560546875
 20
114.17652832031249
 10
90.7343701171875
 20
114.17652832031249
  0
LWPOLYLINE
  5
1FF
330
17
100
AcDbEntity
  8
RASTER_TRACE
100
AcDbPolyline
 90
5
 70
1
 10
89.13552978515625
 20
114.28311767578124
 10
89.34870849609376
 20
114.28311767578124
 10
89.4552978515625
 20
114.17652832031249
 10
89.98824462890624
 20
114.17652832031249
 10
89.98824462890624
 20
114.28311767578124
  0
LWPOLYLINE
  5
200
330
17
100
AcDbEntity
  8
RASTER_TRACE
100
AcDbPolyline
 90
2
 70
1
 10
87.64327880859375
 20
114.28311767578124
 10
88.60258300781251
 20
114.28311767578124
  0
LWPOLYLINE
  5
201
330
17
100
AcDbEntity
  8
RASTER_TRACE
100
AcDbPolyline
 90
3
 70
1
 10
53.108327636718755
 20
114.28311767578124
 10
53.854453125000006
 20
114.17652832031249
 10
53.854453125000006
 20
114.28311767578124
  0
LWPOLYLINE
  5
202
330
17
100
AcDbEntity
  8
RASTER_TRACE
100
AcDbPolyline
 90
7
 70
1
 10
160.44380859375002
 20
114.38970703125
 10
160.12404052734377
 20
114.38970703125
 10
160.01745117187502
 20
114.28311767578124
 10
159.8042724609375
 20
114.28311767578124
 10
159.8042724609375
 20
114.17652832031249
 10
159.91086181640628
 20
114.28311767578124
 10
160.33721923828128
 20
114.28311767578124
  0
LWPOLYLINE
  5
203
330
17
100
AcDbEntity
  8
RASTER_TRACE
100
AcDbPolyline
 90
12
 70
1
 10
123.45730224609375
 20
114.28311767578124
 10
123.45730224609375
 20
114.17652832031249
 10
123.24412353515626
 20
113.963349609375
 10
122.7111767578125
 20
113.963349609375
 10
122.60458740234375
 20
113.85676025390624
 10
121.53869384765625
 20
113.85676025390624
 10
121.4321044921875
 20
113.963349609375
 10
121.4321044921875
 20
114.28311767578124
 10
121.53869384765625
 20
114.38970703125
 10
122.92435546875001
 20
114.38970703125
 10
123.03094482421875
 20
114.49629638671874
 10
123.24412353515626
 20
114.49629638671874
  0
LWPOLYLINE
  5
204
330
17
100
AcDbEntity
  8
RASTER_TRACE
100
AcDbPolyline
 90
4
 70
1
 10
86.15102783203125
 20
114.28311767578124
 10
87.00374267578127
 20
114.28311767578124
 10
86.8971533203125
 20
114.38970703125
 10
86.25761718750002
 20
114.38970703125
  0
LWPOLYLINE
  5
205
330
17
100
AcDbEntity
  8
RASTER_TRACE
100
AcDbPolyline
 90
4
 70
1
 10
84.76536621093751
 20
114.38970703125
 10
84.76536621093751
 20
114.28311767578124
 10
85.51149169921877
 20
114.28311767578124
 10
85.51149169921877
 20
114.38970703125
  0
LWPOLYLINE
  5
206
330
17
100
AcDbEntity
  8
RASTER_TRACE
100
AcDbPolyline
 90
4
 70
1
 10
83.37970458984375
 20
114.38970703125
 10
83.37970458984375
 20
114.28311767578124
 10
84.125830078125
 20
114.28311767578124
 10
84.125830078125
 20
114.38970703125
  0
LWPOLYLINE
  5
207
330
17
100
AcDbEntity
  8
RASTER_TRACE
100
AcDbPolyline
 90
4
 70
1
 10
82.10063232421876
 20
114.38970703125
 10
82.10063232421876
 20
114.28311767578124
 10
82.74016845703125
 20
114.28311767578124
 10
82.74016845703125
 20
114.38970703125
  0
LWPOLYLINE
  5
208
330
17
100
AcDbEntity
  8
RASTER_TRACE
100
AcDbPolyline
 90
4
 70
1
 10
80.714970703125
 20
114.38970703125
 10
80.714970703125
 20
114.28311767578124
 10
81.35450683593751
 20
114.28311767578124
 10
81.35450683593751
 20
114.38970703125
  0
LWPOLYLINE
  5
209
330
17
100
AcDbEntity
  8
RASTER_TRACE
100
AcDbPolyline
 90
9
 70
1
 10
79.009541015625
 20
114.38970703125
 10
79.009541015625
 20
114.28311767578124
 10
79.6490771484375
 20
114.28311767578124
 10
79.75566650390626
 20
114.17652832031249
 10
79.75566650390626
 20
113.53699218749999
 10
79.86225585937501
 20
113.53699218749999
 10
79.86225585937501
 20
114.17652832031249
 10
80.0754345703125
 20
114.28311767578124
 10
80.0754345703125
 20
114.38970703125
  0
LWPOLYLINE
  5
20A
330
17
100
AcDbEntity
  8
RASTER_TRACE
100
AcDbPolyline
 90
4
 70
1
 10
77.62387939453126
 20
114.38970703125
 10
77.73046875
 20
114.28311767578124
 10
78.37000488281251
 20
114.28311767578124
 10
78.37000488281251
 20
114.38970703125
  0
LWPOLYLINE
  5
20B
330
17
100
AcDbEntity
  8
RASTER_TRACE
100
AcDbPolyline
 90
4
 70
1
 10
76.34480712890625
 20
114.38970703125
 10
76.34480712890625
 20
114.28311767578124
 10
77.0909326171875
 20
114.28311767578124
 10
77.0909326171875
 20
114.38970703125
  0
LWPOLYLINE
  5
20C
330
17
100
AcDbEntity
  8
RASTER_TRACE
100
AcDbPolyline
 90
2
 70
1
 10
74.95914550781251
 20
114.38970703125
 10
75.70527099609376
 20
114.38970703125
  0
LWPOLYLINE
  5
20D
330
17
100
AcDbEntity
  8
RASTER_TRACE
100
AcDbPolyline
 90
5
 70
1
 10
221.19974121093753
 20
114.49629638671874
 10
221.19974121093753
 20
113.75017089843749
 10
221.19974121093753
 20
113.963349609375
 10
221.30633056640627
 20
114.06993896484374
 10
221.19974121093753
 20
114.17652832031249
  0
LWPOLYLINE
  5
20E
330
17
100
AcDbEntity
  8
RASTER_TRACE
100
AcDbPolyline
 90
6
 70
1
 10
188.3702197265625
 20
114.49629638671874
 10
188.15704101562503
 20
114.38970703125
 10
187.9438623046875
 20
114.38970703125
 10
187.83727294921877
 20
114.28311767578124
 10
187.62409423828126
 20
114.28311767578124
 10
187.9438623046875
 20
114.28311767578124
  0
LWPOLYLINE
  5
20F
330
17
100
AcDbEntity
  8
RASTER_TRACE
100
AcDbPolyline
 90
5
 70
1
 10
182.08144775390628
 20
114.49629638671874
 10
182.18803710937502
 20
114.38970703125
 10
182.61439453125
 20
114.38970703125
 10
182.82757324218753
 20
114.28311767578124
 10
182.82757324218753
 20
114.38970703125
  0
LWPOLYLINE
  5
210
330
17
100
AcDbEntity
  8
RASTER_TRACE
100
AcDbPolyline
 90
7
 70
1
 10
174.40701416015628
 20
114.38970703125
 10
174.3004248046875
 20
114.49629638671874
 10
174.19383544921877
 20
114.38970703125
 10
173.55429931640626
 20
114.38970703125
 10
173.55429931640626
 20
114.28311767578124
 10
173.76747802734377
 20
114.28311767578124
 10
173.8740673828125
 20
114.38970703125
  0
LWPOLYLINE
  5
211
330
17
100
AcDbEntity
  8
RASTER_TRACE
100
AcDbPolyline
 90
3
 70
1
 10
126.97475097656252
 20
114.49629638671874
 10
126.22862548828127
 20
114.17652832031249
 10
126.44180419921875
 20
114.17652832031249
  0
LWPOLYLINE
  5
212
330
17
100
AcDbEntity
  8
RASTER_TRACE
100
AcDbPolyline
 90
13
 70
1
 10
119.08713867187501
 20
114.28311767578124
 10
119.3003173828125
 20
114.60288574218748
 10
119.51349609375
 20
114.60288574218748
 10
119.62008544921875
 20
114.49629638671874
 10
119.939853515625
 20
114.49629638671874
 10
120.04644287109375
 20
114.38970703125
 10
121.21892578125002
 20
114.38970703125
 10
121.32551513671876
 20
114.28311767578124
 10
121.32551513671876
 20
113.963349609375
 10
121.21892578125002
 20
113.85676025390624
 10
120.3662109375
 20
113.85676025390624
 10
120.25962158203126
 20
113.963349609375
 10
119.72667480468752
 20
113.963349609375
  0
LWPOLYLINE
  5
213
330
17
100
AcDbEntity
  8
RASTER_TRACE
100
AcDbPolyline
 90
5
 70
1
 10
73.6800732421875
 20
114.49629638671874
 10
73.6800732421875
 20
114.38970703125
 10
74.42619873046876
 20
114.38970703125
 10
73.99984130859376
 20
114.38970703125
 10
73.893251953125
 20
114.49629638671874
  0
LWPOLYLINE
  5
214
330
17
100
AcDbEntity
  8
RASTER_TRACE
100
AcDbPolyline
 90
5
 70
1
 10
72.4010009765625
 20
114.49629638671874
 10
72.72076904296875
 20
114.49629638671874
 10
72.8273583984375
 20
114.38970703125
 10
73.04053710937501
 20
114.38970703125
 10
73.04053710937501
 20
114.49629638671874
  0
LWPOLYLINE
  5
215
330
17
100
AcDbEntity
  8
RASTER_TRACE
100
AcDbPolyline
 90
5
 70
1
 10
51.82925537109375
 20
114.49629638671874
 10
51.9358447265625
 20
114.38970703125
 10
52.575380859375
 20
114.38970703125
 10
52.149023437500006
 20
114.38970703125
 10
52.04243408203126
 20
114.49629638671874
  0
LWPOLYLINE
  5
216
330
17
100
AcDbEntity
  8
RASTER_TRACE
100
AcDbPolyline
 90
5
 70
1
 10
174.93996093750002
 20
114.49629638671874
 10
175.79267578125
 20
114.49629638671874
 10
175.79267578125
 20
114.60288574218748
 10
175.25972900390627
 20
114.60288574218748
 10
175.15313964843753
 20
114.49629638671874
  0
LWPOLYLINE
  5
217
330
17
100
AcDbEntity
  8
RASTER_TRACE
100
AcDbPolyline
 90
4
 70
1
 10
71.12192871093751
 20
114.60288574218748
 10
71.12192871093751
 20
114.49629638671874
 10
71.76146484375
 20
114.49629638671874
 10
71.5482861328125
 20
114.60288574218748
  0
LWPOLYLINE
  5
218
330
17
100
AcDbEntity
  8
RASTER_TRACE
100
AcDbPolyline
 90
4
 70
1
 10
69.73626708984375
 20
114.60288574218748
 10
70.2692138671875
 20
114.60288574218748
 10
70.482392578125
 20
114.49629638671874
 10
70.482392578125
 20
114.60288574218748
  0
LWPOLYLINE
  5
219
330
17
100
AcDbEntity
  8
RASTER_TRACE
100
AcDbPolyline
 90
5
 70
1
 10
180.58919677734377
 20
114.70947509765625
 10
180.58919677734377
 20
114.60288574218748
 10
181.44191162109377
 20
114.60288574218748
 10
181.01555419921877
 20
114.60288574218748
 10
180.90896484375003
 20
114.70947509765625
  0
LWPOLYLINE
  5
21A
330
17
100
AcDbEntity
  8
RASTER_TRACE
100
AcDbPolyline
 90
4
 70
1
 10
179.41671386718753
 20
114.70947509765625
 10
180.05625
 20
114.70947509765625
 10
180.16283935546878
 20
114.60288574218748
 10
180.16283935546878
 20
114.70947509765625
  0
LWPOLYLINE
  5
21B
330
17
100
AcDbEntity
  8
RASTER_TRACE
100
AcDbPolyline
 90
2
 70
1
 10
178.03105224609376
 20
114.70947509765625
 10
178.88376708984376
 20
114.70947509765625
  0
LWPOLYLINE
  5
21C
330
17
100
AcDbEntity
  8
RASTER_TRACE
100
AcDbPolyline
 90
4
 70
1
 10
176.43221191406252
 20
114.60288574218748
 10
177.39151611328126
 20
114.60288574218748
 10
177.39151611328126
 20
114.70947509765625
 10
176.53880126953126
 20
114.70947509765625
  0
LWPOLYLINE
  5
21D
330
17
100
AcDbEntity
  8
RASTER_TRACE
100
AcDbPolyline
 90
7
 70
1
 10
161.722880859375
 20
114.70947509765625
 10
161.50970214843753
 20
114.70947509765625
 10
161.40311279296876
 20
114.60288574218748
 10
161.08334472656253
 20
114.60288574218748
 10
161.08334472656253
 20
114.49629638671874
 10
161.2965234375
 20
114.60288574218748
 10
161.61629150390627
 20
114.60288574218748
  0
LWPOLYLINE
  5
21E
330
17
100
AcDbEntity
  8
RASTER_TRACE
100
AcDbPolyline
 90
5
 70
1
 10
68.45719482421876
 20
114.70947509765625
 10
68.45719482421876
 20
114.60288574218748
 10
69.20332031250001
 20
114.60288574218748
 10
68.77696289062501
 20
114.60288574218748
 10
68.67037353515624
 20
114.70947509765625
  0
LWPOLYLINE
  5
21F
330
17
100
AcDbEntity
  8
RASTER_TRACE
100
AcDbPolyline
 90
4
 70
1
 10
67.17812255859376
 20
114.70947509765625
 10
67.71106933593751
 20
114.70947509765625
 10
67.81765869140625
 20
114.60288574218748
 10
67.92424804687501
 20
114.70947509765625
  0
LWPOLYLINE
  5
220
330
17
100
AcDbEntity
  8
RASTER_TRACE
100
AcDbPolyline
 90
6
 70
1
 10
50.550183105468754
 20
114.70947509765625
 10
50.76336181640625
 20
114.70947509765625
 10
50.869951171875
 20
114.60288574218748
 10
51.296308593750005
 20
114.60288574218748
 10
51.0831298828125
 20
114.60288574218748
 10
50.97654052734375
 20
114.70947509765625
  0
LWPOLYLINE
  5
221
330
17
100
AcDbEntity
  8
RASTER_TRACE
100
AcDbPolyline
 90
4
 70
1
 10
225.03695800781253
 20
114.816064453125
 10
224.93036865234376
 20
114.70947509765625
 10
224.93036865234376
 20
114.06993896484374
 10
225.03695800781253
 20
114.06993896484374
  0
LWPOLYLINE
  5
222
330
17
100
AcDbEntity
  8
RASTER_TRACE
100
AcDbPolyline
 90
4
 70
1
 10
144.45540527343752
 20
114.816064453125
 10
144.34881591796878
 20
114.70947509765625
 10
144.34881591796878
 20
114.06993896484374
 10
144.45540527343752
 20
113.963349609375
  0
LWPOLYLINE
  5
223
330
17
100
AcDbEntity
  8
RASTER_TRACE
100
AcDbPolyline
 90
5
 70
1
 10
65.89905029296875
 20
114.70947509765625
 10
66.64517578125
 20
114.70947509765625
 10
66.4319970703125
 20
114.70947509765625
 10
66.32540771484375
 20
114.816064453125
 10
66.0056396484375
 20
114.816064453125
  0
LWPOLYLINE
  5
224
330
17
100
AcDbEntity
  8
RASTER_TRACE
100
AcDbPolyline
 90
2
 70
1
 10
64.61997802734376
 20
114.816064453125
 10
65.36610351562501
 20
114.816064453125
  0
LWPOLYLINE
  5
225
330
17
100
AcDbEntity
  8
RASTER_TRACE
100
AcDbPolyline
 90
10
 70
1
 10
172.48840576171878
 20
114.92265380859374
 10
172.48840576171878
 20
114.28311767578124
 10
171.955458984375
 20
113.85676025390624
 10
172.27522705078127
 20
113.963349609375
 10
172.48840576171878
 20
114.17652832031249
 10
173.02135253906252
 20
114.17652832031249
 10
173.02135253906252
 20
114.28311767578124
 10
172.808173828125
 20
114.28311767578124
 10
172.70158447265626
 20
114.17652832031249
 10
172.48840576171878
 20
114.28311767578124
  0
LWPOLYLINE
  5
226
330
17
100
AcDbEntity
  8
RASTER_TRACE
100
AcDbPolyline
 90
2
 70
1
 10
170.56979736328128
 20
114.92265380859374
 10
170.14343994140626
 20
114.49629638671874
  0
LWPOLYLINE
  5
227
330
17
100
AcDbEntity
  8
RASTER_TRACE
100
AcDbPolyline
 90
10
 70
1
 10
115.67627929687501
 20
114.92265380859374
 10
115.67627929687501
 20
114.38970703125
 10
115.4631005859375
 20
114.28311767578124
 10
115.67627929687501
 20
114.06993896484374
 10
115.67627929687501
 20
113.53699218749999
 10
115.67627929687501
 20
114.06993896484374
 10
115.78286865234375
 20
114.17652832031249
 10
115.88945800781252
 20
114.06993896484374
 10
116.10263671875
 20
114.06993896484374
 10
115.67627929687501
 20
114.28311767578124
  0
LWPOLYLINE
  5
228
330
17
100
AcDbEntity
  8
RASTER_TRACE
100
AcDbPolyline
 90
4
 70
1
 10
63.34090576171875
 20
114.92265380859374
 10
63.44749511718751
 20
114.816064453125
 10
64.08703125
 20
114.816064453125
 10
63.98044189453125
 20
114.92265380859374
  0
LWPOLYLINE
  5
229
330
17
100
AcDbEntity
  8
RASTER_TRACE
100
AcDbPolyline
 90
2
 70
1
 10
222.05245605468753
 20
115.02924316406249
 10
222.05245605468753
 20
114.49629638671874
  0
LWPOLYLINE
  5
22A
330
17
100
AcDbEntity
  8
RASTER_TRACE
100
AcDbPolyline
 90
3
 70
1
 10
163.00195312500003
 20
115.02924316406249
 10
162.25582763671878
 20
114.816064453125
 10
163.00195312500003
 20
114.92265380859374
  0
LWPOLYLINE
  5
22B
330
17
100
AcDbEntity
  8
RASTER_TRACE
100
AcDbPolyline
 90
4
 70
1
 10
62.168422851562504
 20
115.02924316406249
 10
62.168422851562504
 20
114.92265380859374
 10
62.807958984375006
 20
114.92265380859374
 10
62.27501220703125
 20
114.92265380859374
  0
LWPOLYLINE
  5
22C
330
17
100
AcDbEntity
  8
RASTER_TRACE
100
AcDbPolyline
 90
4
 70
1
 10
60.88935058593751
 20
115.02924316406249
 10
61.42229736328125
 20
115.02924316406249
 10
61.52888671875
 20
114.92265380859374
 10
61.52888671875
 20
115.02924316406249
  0
LWPOLYLINE
  5
22D
330
17
100
AcDbEntity
  8
RASTER_TRACE
100
AcDbPolyline
 90
4
 70
1
 10
189.54270263671876
 20
115.13583251953125
 10
188.90316650390628
 20
114.816064453125
 10
188.90316650390628
 20
114.70947509765625
 10
189.00975585937502
 20
114.70947509765625
  0
LWPOLYLINE
  5
22E
330
17
100
AcDbEntity
  8
RASTER_TRACE
100
AcDbPolyline
 90
4
 70
1
 10
114.50379638671876
 20
115.13583251953125
 10
114.6103857421875
 20
114.92265380859374
 10
114.93015380859376
 20
114.60288574218748
 10
115.0367431640625
 20
114.60288574218748
  0
LWPOLYLINE
  5
22F
330
17
100
AcDbEntity
  8
RASTER_TRACE
100
AcDbPolyline
 90
5
 70
1
 10
59.6102783203125
 20
115.13583251953125
 10
59.82345703125
 20
115.13583251953125
 10
59.93004638671876
 20
115.02924316406249
 10
60.356403808593754
 20
115.02924316406249
 10
60.249814453125005
 20
115.13583251953125
  0
LWPOLYLINE
  5
230
330
17
100
AcDbEntity
  8
RASTER_TRACE
100
AcDbPolyline
 90
5
 70
1
 10
163.53489990234377
 20
115.13583251953125
 10
164.0678466796875
 20
115.13583251953125
 10
164.28102539062502
 20
115.24242187499999
 10
163.85466796875002
 20
115.24242187499999
 10
163.74807861328128
 20
115.13583251953125
  0
LWPOLYLINE
  5
231
330
17
100
AcDbEntity
  8
RASTER_TRACE
100
AcDbPolyline
 90
5
 70
1
 10
58.331206054687506
 20
115.24242187499999
 10
58.544384765625004
 20
115.24242187499999
 10
58.65097412109375
 20
115.13583251953125
 10
59.07733154296876
 20
115.13583251953125
 10
58.9707421875
 20
115.24242187499999
  0
LWPOLYLINE
  5
232
330
17
100
AcDbEntity
  8
RASTER_TRACE
100
AcDbPolyline
 90
3
 70
1
 10
49.37770019531251
 20
115.24242187499999
 10
49.37770019531251
 20
115.13583251953125
 10
50.017236328125
 20
114.92265380859374
  0
LWPOLYLINE
  5
233
330
17
100
AcDbEntity
  8
RASTER_TRACE
100
AcDbPolyline
 90
2
 70
1
 10
97.5560888671875
 20
115.34901123046873
 10
97.5560888671875
 20
114.49629638671874
  0
LWPOLYLINE
  5
234
330
17
100
AcDbEntity
  8
RASTER_TRACE
100
AcDbPolyline
 90
3
 70
1
 10
57.0521337890625
 20
115.34901123046873
 10
57.79825927734375
 20
115.24242187499999
 10
57.691669921875004
 20
115.34901123046873
  0
LWPOLYLINE
  5
235
330
17
100
AcDbEntity
  8
RASTER_TRACE
100
AcDbPolyline
 90
6
 70
1
 10
127.93405517578125
 20
115.45560058593749
 10
127.82746582031251
 20
115.24242187499999
 10
127.50769775390626
 20
114.92265380859374
 10
127.29451904296877
 20
114.816064453125
 10
127.50769775390626
 20
114.816064453125
 10
127.72087646484377
 20
115.02924316406249
  0
LWPOLYLINE
  5
236
330
17
100
AcDbEntity
  8
RASTER_TRACE
100
AcDbPolyline
 90
8
 70
1
 10
118.0212451171875
 20
115.34901123046873
 10
118.23442382812502
 20
115.56218994140625
 10
118.34101318359376
 20
115.56218994140625
 10
119.3003173828125
 20
114.60288574218748
 10
118.98054931640627
 20
114.28311767578124
 10
118.76737060546876
 20
114.49629638671874
 10
118.66078125000001
 20
114.49629638671874
 10
118.0212451171875
 20
115.13583251953125
  0
LWPOLYLINE
  5
237
330
17
100
AcDbEntity
  8
RASTER_TRACE
100
AcDbPolyline
 90
4
 70
1
 10
55.773061523437505
 20
115.45560058593749
 10
56.30600830078125
 20
115.45560058593749
 10
56.41259765625001
 20
115.34901123046873
 10
56.519187011718756
 20
115.45560058593749
  0
LWPOLYLINE
  5
238
330
17
100
AcDbEntity
  8
RASTER_TRACE
100
AcDbPolyline
 90
7
 70
1
 10
165.56009765625
 20
115.56218994140625
 10
165.34691894531252
 20
115.56218994140625
 10
165.24032958984378
 20
115.45560058593749
 10
164.92056152343753
 20
115.45560058593749
 10
164.81397216796876
 20
115.34901123046873
 10
165.02715087890627
 20
115.45560058593749
 10
165.45350830078127
 20
115.45560058593749
  0
LWPOLYLINE
  5
239
330
17
100
AcDbEntity
  8
RASTER_TRACE
100
AcDbPolyline
 90
10
 70
1
 10
124.73637451171876
 20
115.66877929687499
 10
124.94955322265625
 20
115.45560058593749
 10
124.73637451171876
 20
115.02924316406249
 10
124.203427734375
 20
114.49629638671874
 10
123.56389160156252
 20
114.17652832031249
 10
123.350712890625
 20
114.49629638671874
 10
123.7770703125
 20
114.70947509765625
 10
124.203427734375
 20
115.13583251953125
 10
124.31001708984377
 20
115.13583251953125
 10
124.41660644531251
 20
115.34901123046873
  0
LWPOLYLINE
  5
23A
330
17
100
AcDbEntity
  8
RASTER_TRACE
100
AcDbPolyline
 90
5
 70
1
 10
54.38739990234375
 20
115.66877929687499
 10
54.4939892578125
 20
115.56218994140625
 10
55.133525390625
 20
115.56218994140625
 10
54.920346679687505
 20
115.56218994140625
 10
54.813757324218756
 20
115.66877929687499
  0
LWPOLYLINE
  5
23B
330
17
100
AcDbEntity
  8
RASTER_TRACE
100
AcDbPolyline
 90
5
 70
1
 10
171.74228027343753
 20
115.77536865234374
 10
171.63569091796876
 20
115.77536865234374
 10
171.10274414062502
 20
115.34901123046873
 10
171.20933349609376
 20
115.34901123046873
 10
171.52910156250002
 20
115.66877929687499
  0
LWPOLYLINE
  5
23C
330
17
100
AcDbEntity
  8
RASTER_TRACE
100
AcDbPolyline
 90
4
 70
1
 10
166.09304443359378
 20
115.66877929687499
 10
166.51940185546877
 20
115.66877929687499
 10
166.73258056640626
 20
115.77536865234374
 10
166.30622314453126
 20
115.77536865234374
  0
LWPOLYLINE
  5
23D
330
17
100
AcDbEntity
  8
RASTER_TRACE
100
AcDbPolyline
 90
5
 70
1
 10
184.10664550781252
 20
115.8819580078125
 10
184.31982421875003
 20
115.8819580078125
 10
184.42641357421877
 20
115.77536865234374
 10
184.9593603515625
 20
115.77536865234374
 10
184.9593603515625
 20
115.8819580078125
  0
LWPOLYLINE
  5
23E
330
17
100
AcDbEntity
  8
RASTER_TRACE
100
AcDbPolyline
 90
14
 70
1
 10
115.88945800781252
 20
115.8819580078125
 10
115.99604736328126
 20
115.98854736328124
 10
116.20922607421875
 20
115.8819580078125
 10
117.27511962890625
 20
115.8819580078125
 10
117.381708984375
 20
115.77536865234374
 10
118.0212451171875
 20
115.77536865234374
 10
118.12783447265625
 20
115.56218994140625
 10
117.91465576171876
 20
115.24242187499999
 10
117.80806640625002
 20
115.34901123046873
 10
116.84876220703126
 20
115.34901123046873
 10
116.74217285156251
 20
115.45560058593749
 10
116.10263671875
 20
115.45560058593749
 10
115.88945800781252
 20
115.66877929687499
 10
115.99604736328126
 20
115.77536865234374
  0
LWPOLYLINE
  5
23F
330
17
100
AcDbEntity
  8
RASTER_TRACE
100
AcDbPolyline
 90
5
 70
1
 10
53.108327636718755
 20
115.8819580078125
 10
53.32150634765625
 20
115.77536865234374
 10
53.74786376953126
 20
115.77536865234374
 10
53.854453125000006
 20
115.66877929687499
 10
53.854453125000006
 20
115.77536865234374
  0
LWPOLYLINE
  5
240
330
17
100
AcDbEntity
  8
RASTER_TRACE
100
AcDbPolyline
 90
4
 70
1
 10
48.20521728515625
 20
115.8819580078125
 10
48.20521728515625
 20
115.77536865234374
 10
48.844753417968754
 20
115.45560058593749
 10
48.631574707031255
 20
115.66877929687499
  0
LWPOLYLINE
  5
241
330
17
100
AcDbEntity
  8
RASTER_TRACE
100
AcDbPolyline
 90
2
 70
1
 10
221.19974121093753
 20
116.09513671874998
 10
221.19974121093753
 20
115.02924316406249
  0
LWPOLYLINE
  5
242
330
17
100
AcDbEntity
  8
RASTER_TRACE
100
AcDbPolyline
 90
6
 70
1
 10
190.39541748046878
 20
116.09513671874998
 10
190.288828125
 20
116.09513671874998
 10
190.18223876953127
 20
115.8819580078125
 10
189.862470703125
 20
115.56218994140625
 10
189.96906005859378
 20
115.56218994140625
 10
190.288828125
 20
115.8819580078125
  0
LWPOLYLINE
  5
243
330
17
100
AcDbEntity
  8
RASTER_TRACE
100
AcDbPolyline
 90
6
 70
1
 10
186.34502197265627
 20
116.09513671874998
 10
186.13184326171876
 20
116.09513671874998
 10
186.02525390625001
 20
115.98854736328124
 10
185.70548583984376
 20
115.98854736328124
 10
185.49230712890628
 20
115.8819580078125
 10
185.91866455078127
 20
115.8819580078125
  0
LWPOLYLINE
  5
244
330
17
100
AcDbEntity
  8
RASTER_TRACE
100
AcDbPolyline
 90
7
 70
1
 10
168.01165283203127
 20
116.09513671874998
 10
167.79847412109376
 20
116.09513671874998
 10
167.69188476562502
 20
115.98854736328124
 10
167.37211669921876
 20
115.98854736328124
 10
167.37211669921876
 20
115.8819580078125
 10
167.58529541015628
 20
115.98854736328124
 10
168.01165283203127
 20
115.98854736328124
  0
LWPOLYLINE
  5
245
330
17
100
AcDbEntity
  8
RASTER_TRACE
100
AcDbPolyline
 90
4
 70
1
 10
144.34881591796878
 20
116.20172607421874
 10
144.34881591796878
 20
115.56218994140625
 10
144.45540527343752
 20
115.45560058593749
 10
144.45540527343752
 20
116.20172607421874
  0
LWPOLYLINE
  5
246
330
17
100
AcDbEntity
  8
RASTER_TRACE
100
AcDbPolyline
 90
5
 70
1
 10
51.9358447265625
 20
116.20172607421874
 10
52.04243408203126
 20
116.09513671874998
 10
52.362202148437504
 20
116.09513671874998
 10
52.575380859375
 20
115.98854736328124
 10
52.46879150390625
 20
116.09513671874998
  0
LWPOLYLINE
  5
247
330
17
100
AcDbEntity
  8
RASTER_TRACE
100
AcDbPolyline
 90
8
 70
1
 10
182.72098388671878
 20
116.3083154296875
 10
182.72098388671878
 20
116.20172607421874
 10
182.93416259765627
 20
116.09513671874998
 10
183.25393066406252
 20
116.09513671874998
 10
183.36052001953126
 20
115.98854736328124
 10
183.57369873046878
 20
115.98854736328124
 10
183.467109375
 20
116.09513671874998
 10
183.14734130859378
 20
116.09513671874998
  0
LWPOLYLINE
  5
248
330
17
100
AcDbEntity
  8
RASTER_TRACE
100
AcDbPolyline
 90
5
 70
1
 10
168.544599609375
 20
116.20172607421874
 10
168.97095703125
 20
116.20172607421874
 10
169.07754638671878
 20
116.3083154296875
 10
169.29072509765626
 20
116.3083154296875
 10
168.75777832031253
 20
116.3083154296875
  0
LWPOLYLINE
  5
249
330
17
100
AcDbEntity
  8
RASTER_TRACE
100
AcDbPolyline
 90
11
 70
1
 10
173.23453125000003
 20
116.41490478515624
 10
173.02135253906252
 20
116.3083154296875
 10
172.808173828125
 20
116.3083154296875
 10
172.48840576171878
 20
116.09513671874998
 10
172.59499511718752
 20
115.98854736328124
 10
172.59499511718752
 20
115.66877929687499
 10
172.48840576171878
 20
115.56218994140625
 10
172.48840576171878
 20
115.34901123046873
 10
172.59499511718752
 20
115.34901123046873
 10
172.59499511718752
 20
115.98854736328124
 10
172.808173828125
 20
116.20172607421874
  0
LWPOLYLINE
  5
24A
330
17
100
AcDbEntity
  8
RASTER_TRACE
100
AcDbPolyline
 90
13
 70
1
 10
127.40110839843751
 20
116.41490478515624
 10
127.29451904296877
 20
116.09513671874998
 10
126.86816162109375
 20
115.66877929687499
 10
126.44180419921875
 20
115.45560058593749
 10
125.37591064453125
 20
115.45560058593749
 10
125.2693212890625
 20
115.34901123046873
 10
125.05614257812502
 20
115.34901123046873
 10
124.8429638671875
 20
115.56218994140625
 10
124.8429638671875
 20
115.66877929687499
 10
125.05614257812502
 20
115.8819580078125
 10
126.65498291015626
 20
115.8819580078125
 10
126.65498291015626
 20
115.98854736328124
 10
127.1879296875
 20
116.521494140625
  0
LWPOLYLINE
  5
24B
330
17
100
AcDbEntity
  8
RASTER_TRACE
100
AcDbPolyline
 90
33
 70
1
 10
224.82377929687502
 20
116.62808349609375
 10
224.93036865234376
 20
116.521494140625
 10
224.93036865234376
 20
116.09513671874998
 10
224.93036865234376
 20
116.41490478515624
 10
225.14354736328127
 20
116.62808349609375
 10
225.35672607421878
 20
116.62808349609375
 10
225.46331542968753
 20
116.521494140625
 10
225.46331542968753
 20
113.75017089843749
 10
225.56990478515627
 20
113.64358154296875
 10
225.56990478515627
 20
112.8974560546875
 10
225.46331542968753
 20
112.79086669921874
 10
225.46331542968753
 20
112.57768798828124
 10
225.56990478515627
 20
112.4710986328125
 10
225.56990478515627
 20
109.38000732421874
 10
225.46331542968753
 20
109.27341796874998
 10
225.46331542968753
 20
108.84706054687499
 10
225.56990478515627
 20
108.74047119140624
 10
225.35672607421878
 20
108.52729248046873
 10
225.14354736328127
 20
108.52729248046873
 10
225.03695800781253
 20
108.6338818359375
 10
225.03695800781253
 20
108.95364990234374
 10
224.93036865234376
 20
109.0602392578125
 10
224.93036865234376
 20
110.01954345703123
 10
225.03695800781253
 20
110.23272216796875
 10
224.82377929687502
 20
110.33931152343749
 10
224.82377929687502
 20
110.97884765625
 10
225.03695800781253
 20
111.08543701171874
 10
225.03695800781253
 20
111.72497314453125
 10
224.93036865234376
 20
111.61838378906249
 10
224.82377929687502
 20
111.72497314453125
 10
224.82377929687502
 20
113.43040283203123
 10
224.71718994140628
 20
113.53699218749999
 10
224.71718994140628
 20
116.521494140625
  0
LWPOLYLINE
  5
24C
330
17
100
AcDbEntity
  8
RASTER_TRACE
100
AcDbPolyline
 90
8
 70
1
 10
224.07765380859377
 20
116.62808349609375
 10
224.50401123046876
 20
116.62808349609375
 10
224.71718994140628
 20
116.41490478515624
 10
224.71718994140628
 20
115.24242187499999
 10
224.61060058593753
 20
115.13583251953125
 10
224.39742187500002
 20
115.45560058593749
 10
224.29083251953128
 20
115.98854736328124
 10
223.97106445312502
 20
116.521494140625
  0
LWPOLYLINE
  5
24D
330
17
100
AcDbEntity
  8
RASTER_TRACE
100
AcDbPolyline
 90
4
 70
1
 10
121.4321044921875
 20
116.521494140625
 10
121.32551513671876
 20
116.41490478515624
 10
121.32551513671876
 20
115.24242187499999
 10
121.4321044921875
 20
115.13583251953125
  0
LWPOLYLINE
  5
24E
330
17
100
AcDbEntity
  8
RASTER_TRACE
100
AcDbPolyline
 90
8
 70
1
 10
112.90495605468752
 20
116.521494140625
 10
112.79836669921875
 20
116.521494140625
 10
112.58518798828126
 20
116.3083154296875
 10
112.0522412109375
 20
116.20172607421874
 10
112.0522412109375
 20
116.09513671874998
 10
112.15883056640627
 20
116.20172607421874
 10
112.47859863281252
 20
116.20172607421874
 10
112.90495605468752
 20
116.41490478515624
  0
LWPOLYLINE
  5
24F
330
17
100
AcDbEntity
  8
RASTER_TRACE
100
AcDbPolyline
 90
33
 70
1
 10
222.58540283203126
 20
116.7346728515625
 10
222.79858154296878
 20
116.521494140625
 10
223.01176025390626
 20
115.98854736328124
 10
223.22493896484377
 20
115.77536865234374
 10
223.22493896484377
 20
115.66877929687499
 10
223.54470703125003
 20
115.24242187499999
 10
223.54470703125003
 20
115.02924316406249
 10
223.43811767578129
 20
114.816064453125
 10
223.97106445312502
 20
113.75017089843749
 10
223.97106445312502
 20
112.57768798828124
 10
223.7578857421875
 20
112.36450927734374
 10
223.7578857421875
 20
112.25791992187499
 10
223.01176025390626
 20
111.51179443359374
 10
222.90517089843752
 20
111.51179443359374
 10
222.90517089843752
 20
111.405205078125
 10
222.69199218750003
 20
111.1920263671875
 10
222.58540283203126
 20
111.29861572265625
 10
222.58540283203126
 20
113.963349609375
 10
222.47881347656252
 20
114.06993896484374
 10
222.47881347656252
 20
115.24242187499999
 10
222.58540283203126
 20
115.34901123046873
 10
223.01176025390626
 20
114.816064453125
 10
223.11834960937503
 20
114.60288574218748
 10
223.11834960937503
 20
114.38970703125
 10
223.22493896484377
 20
114.28311767578124
 10
223.22493896484377
 20
114.49629638671874
 10
223.01176025390626
 20
114.70947509765625
 10
222.90517089843752
 20
114.92265380859374
 10
222.90517089843752
 20
115.13583251953125
 10
222.58540283203126
 20
115.66877929687499
 10
222.58540283203126
 20
115.98854736328124
 10
222.47881347656252
 20
116.09513671874998
 10
222.47881347656252
 20
116.62808349609375
  0
LWPOLYLINE
  5
250
330
17
100
AcDbEntity
  8
RASTER_TRACE
100
AcDbPolyline
 90
8
 70
1
 10
181.33532226562502
 20
116.62808349609375
 10
181.5485009765625
 20
116.521494140625
 10
181.76167968750002
 20
116.521494140625
 10
181.86826904296876
 20
116.41490478515624
 10
182.18803710937502
 20
116.41490478515624
 10
181.97485839843753
 20
116.521494140625
 10
181.76167968750002
 20
116.521494140625
 10
181.65509033203128
 20
116.62808349609375
  0
LWPOLYLINE
  5
251
330
17
100
AcDbEntity
  8
RASTER_TRACE
100
AcDbPolyline
 90
7
 70
1
 10
170.4632080078125
 20
116.62808349609375
 10
170.35661865234377
 20
116.521494140625
 10
169.93026123046877
 20
116.521494140625
 10
169.82367187500003
 20
116.41490478515624
 10
170.03685058593751
 20
116.41490478515624
 10
170.14343994140626
 20
116.521494140625
 10
170.4632080078125
 20
116.521494140625
  0
LWPOLYLINE
  5
252
330
17
100
AcDbEntity
  8
RASTER_TRACE
100
AcDbPolyline
 90
5
 70
1
 10
128.46700195312502
 20
116.62808349609375
 10
128.36041259765625
 20
116.521494140625
 10
128.36041259765625
 20
116.20172607421874
 10
128.14723388671877
 20
115.77536865234374
 10
128.36041259765625
 20
116.09513671874998
  0
LWPOLYLINE
  5
253
330
17
100
AcDbEntity
  8
RASTER_TRACE
100
AcDbPolyline
 90
6
 70
1
 10
174.51360351562502
 20
116.7346728515625
 10
173.76747802734377
 20
116.62808349609375
 10
173.76747802734377
 20
116.521494140625
 10
173.98065673828128
 20
116.62808349609375
 10
174.19383544921877
 20
116.62808349609375
 10
174.3004248046875
 20
116.7346728515625
  0
LWPOLYLINE
  5
254
330
17
100
AcDbEntity
  8
RASTER_TRACE
100
AcDbPolyline
 90
3
 70
1
 10
50.76336181640625
 20
116.7346728515625
 10
51.296308593750005
 20
116.41490478515624
 10
51.296308593750005
 20
116.521494140625
  0
LWPOLYLINE
  5
255
330
17
100
AcDbEntity
  8
RASTER_TRACE
100
AcDbPolyline
 90
6
 70
1
 10
187.30432617187503
 20
116.84126220703124
 10
186.87796875
 20
116.41490478515624
 10
186.77137939453127
 20
116.41490478515624
 10
186.77137939453127
 20
116.3083154296875
 10
186.98455810546878
 20
116.41490478515624
 10
187.30432617187503
 20
116.7346728515625
  0
LWPOLYLINE
  5
256
330
17
100
AcDbEntity
  8
RASTER_TRACE
100
AcDbPolyline
 90
6
 70
1
 10
171.74228027343753
 20
116.84126220703124
 10
171.52910156250002
 20
116.7346728515625
 10
171.10274414062502
 20
116.7346728515625
 10
171.10274414062502
 20
116.62808349609375
 10
171.31592285156253
 20
116.7346728515625
 10
171.74228027343753
 20
116.7346728515625
  0
LWPOLYLINE
  5
257
330
17
100
AcDbEntity
  8
RASTER_TRACE
100
AcDbPolyline
 90
5
 70
1
 10
47.35250244140625
 20
116.84126220703124
 10
47.35250244140625
 20
116.62808349609375
 10
47.778859863281255
 20
116.20172607421874
 10
47.778859863281255
 20
116.3083154296875
 10
47.459091796875
 20
116.62808349609375
  0
LWPOLYLINE
  5
258
330
17
100
AcDbEntity
  8
RASTER_TRACE
100
AcDbPolyline
 90
5
 70
1
 10
180.16283935546878
 20
116.94785156249999
 10
180.16283935546878
 20
116.84126220703124
 10
180.90896484375003
 20
116.7346728515625
 10
180.80237548828126
 20
116.84126220703124
 10
180.26942871093752
 20
116.84126220703124
  0
LWPOLYLINE
  5
259
330
17
100
AcDbEntity
  8
RASTER_TRACE
100
AcDbPolyline
 90
7
 70
1
 10
113.970849609375
 20
116.94785156249999
 10
114.07743896484376
 20
115.98854736328124
 10
114.29061767578125
 20
115.56218994140625
 10
114.1840283203125
 20
115.77536865234374
 10
114.1840283203125
 20
116.09513671874998
 10
114.07743896484376
 20
116.20172607421874
 10
114.07743896484376
 20
116.84126220703124
  0
LWPOLYLINE
  5
25A
330
17
100
AcDbEntity
  8
RASTER_TRACE
100
AcDbPolyline
 90
2
 70
1
 10
97.5560888671875
 20
116.94785156249999
 10
97.5560888671875
 20
116.09513671874998
  0
LWPOLYLINE
  5
25B
330
17
100
AcDbEntity
  8
RASTER_TRACE
100
AcDbPolyline
 90
4
 70
1
 10
178.88376708984376
 20
117.05444091796875
 10
178.88376708984376
 20
116.94785156249999
 10
179.629892578125
 20
116.94785156249999
 10
179.41671386718753
 20
117.05444091796875
  0
LWPOLYLINE
  5
25C
330
17
100
AcDbEntity
  8
RASTER_TRACE
100
AcDbPolyline
 90
2
 70
1
 10
177.39151611328126
 20
117.05444091796875
 10
178.24423095703128
 20
117.05444091796875
  0
LWPOLYLINE
  5
25D
330
17
100
AcDbEntity
  8
RASTER_TRACE
100
AcDbPolyline
 90
5
 70
1
 10
176.11244384765627
 20
116.94785156249999
 10
176.53880126953126
 20
116.94785156249999
 10
176.64539062500003
 20
117.05444091796875
 10
176.85856933593752
 20
117.05444091796875
 10
176.11244384765627
 20
117.05444091796875
  0
LWPOLYLINE
  5
25E
330
17
100
AcDbEntity
  8
RASTER_TRACE
100
AcDbPolyline
 90
7
 70
1
 10
174.83337158203128
 20
117.05444091796875
 10
175.04655029296876
 20
117.05444091796875
 10
175.15313964843753
 20
116.94785156249999
 10
174.93996093750002
 20
116.84126220703124
 10
175.36631835937501
 20
116.84126220703124
 10
175.57949707031253
 20
116.94785156249999
 10
175.47290771484376
 20
117.05444091796875
  0
LWPOLYLINE
  5
25F
330
17
100
AcDbEntity
  8
RASTER_TRACE
100
AcDbPolyline
 90
2
 70
1
 10
173.76747802734377
 20
117.05444091796875
 10
174.51360351562502
 20
117.05444091796875
  0
LWPOLYLINE
  5
260
330
17
100
AcDbEntity
  8
RASTER_TRACE
100
AcDbPolyline
 90
6
 70
1
 10
173.12794189453126
 20
117.05444091796875
 10
173.02135253906252
 20
116.94785156249999
 10
172.38181640625
 20
116.94785156249999
 10
172.38181640625
 20
116.84126220703124
 10
172.59499511718752
 20
116.94785156249999
 10
173.12794189453126
 20
116.94785156249999
  0
LWPOLYLINE
  5
261
330
17
100
AcDbEntity
  8
RASTER_TRACE
100
AcDbPolyline
 90
2
 70
1
 10
221.19974121093753
 20
117.16103027343749
 10
221.19974121093753
 20
116.521494140625
  0
LWPOLYLINE
  5
262
330
17
100
AcDbEntity
  8
RASTER_TRACE
100
AcDbPolyline
 90
6
 70
1
 10
190.71518554687503
 20
117.48079833984374
 10
190.60859619140626
 20
117.48079833984374
 10
190.71518554687503
 20
117.374208984375
 10
190.60859619140626
 20
117.26761962890623
 10
190.60859619140626
 20
116.62808349609375
 10
190.71518554687503
 20
116.84126220703124
  0
LWPOLYLINE
  5
263
330
17
100
AcDbEntity
  8
RASTER_TRACE
100
AcDbPolyline
 90
4
 70
1
 10
144.45540527343752
 20
117.69397705078124
 10
144.34881591796878
 20
117.58738769531249
 10
144.34881591796878
 20
116.94785156249999
 10
144.45540527343752
 20
116.94785156249999
  0
LWPOLYLINE
  5
264
330
17
100
AcDbEntity
  8
RASTER_TRACE
100
AcDbPolyline
 90
5
 70
1
 10
49.8040576171875
 20
117.80056640625
 10
49.8040576171875
 20
117.58738769531249
 10
50.017236328125
 20
117.374208984375
 10
50.017236328125
 20
117.26761962890623
 10
50.23041503906251
 20
117.16103027343749
  0
LWPOLYLINE
  5
265
330
17
100
AcDbEntity
  8
RASTER_TRACE
100
AcDbPolyline
 90
46
 70
1
 10
220.77338378906254
 20
118.12033447265624
 10
221.09315185546876
 20
118.12033447265624
 10
221.19974121093753
 20
118.01374511718748
 10
221.19974121093753
 20
117.48079833984374
 10
221.19974121093753
 20
118.01374511718748
 10
221.30633056640627
 20
118.12033447265624
 10
221.73268798828127
 20
118.12033447265624
 10
221.94586669921878
 20
117.80056640625
 10
221.73268798828127
 20
117.374208984375
 10
221.73268798828127
 20
117.05444091796875
 10
221.83927734375
 20
116.94785156249999
 10
221.83927734375
 20
116.7346728515625
 10
222.05245605468753
 20
116.3083154296875
 10
222.05245605468753
 20
115.98854736328124
 10
222.05245605468753
 20
116.3083154296875
 10
221.94586669921878
 20
116.41490478515624
 10
221.94586669921878
 20
116.94785156249999
 10
221.83927734375
 20
117.05444091796875
 10
221.83927734375
 20
117.58738769531249
 10
221.94586669921878
 20
117.69397705078124
 10
222.15904541015627
 20
117.26761962890623
 10
222.37222412109378
 20
117.05444091796875
 10
222.37222412109378
 20
115.13583251953125
 10
222.47881347656252
 20
115.02924316406249
 10
222.37222412109378
 20
114.92265380859374
 10
222.47881347656252
 20
114.816064453125
 10
222.37222412109378
 20
114.70947509765625
 10
222.37222412109378
 20
114.49629638671874
 10
222.47881347656252
 20
114.38970703125
 10
222.47881347656252
 20
111.83156249999999
 10
222.37222412109378
 20
111.72497314453125
 10
222.15904541015627
 20
112.15133056640624
 10
222.15904541015627
 20
112.25791992187499
 10
222.15904541015627
 20
112.04474121093749
 10
222.47881347656252
 20
111.61838378906249
 10
222.47881347656252
 20
111.29861572265625
 10
222.37222412109378
 20
111.1920263671875
 10
221.09315185546876
 20
112.4710986328125
 10
221.09315185546876
 20
112.68427734374998
 10
221.30633056640627
 20
112.8974560546875
 10
221.30633056640627
 20
113.00404541015624
 10
221.19974121093753
 20
113.110634765625
 10
221.19974121093753
 20
112.8974560546875
 10
220.98656250000002
 20
112.68427734374998
 10
220.66679443359376
 20
113.32381347656249
 10
220.66679443359376
 20
118.01374511718748
  0
LWPOLYLINE
  5
266
330
17
100
AcDbEntity
  8
RASTER_TRACE
100
AcDbPolyline
 90
4
 70
1
 10
208.94196533203126
 20
118.01374511718748
 10
208.94196533203126
 20
117.90715576171874
 10
210.11444824218754
 20
117.90715576171874
 10
210.00785888671876
 20
118.01374511718748
  0
LWPOLYLINE
  5
267
330
17
100
AcDbEntity
  8
RASTER_TRACE
100
AcDbPolyline
 90
4
 70
1
 10
202.75978271484377
 20
118.01374511718748
 10
202.75978271484377
 20
117.90715576171874
 10
204.67839111328126
 20
117.90715576171874
 10
204.67839111328126
 20
118.01374511718748
  0
LWPOLYLINE
  5
268
330
17
100
AcDbEntity
  8
RASTER_TRACE
100
AcDbPolyline
 90
4
 70
1
 10
199.45551269531254
 20
118.01374511718748
 10
199.45551269531254
 20
117.90715576171874
 10
201.26753173828126
 20
117.90715576171874
 10
201.16094238281252
 20
118.01374511718748
  0
LWPOLYLINE
  5
269
330
17
100
AcDbEntity
  8
RASTER_TRACE
100
AcDbPolyline
 90
4
 70
1
 10
196.15124267578128
 20
118.01374511718748
 10
196.15124267578128
 20
117.90715576171874
 10
198.06985107421878
 20
117.90715576171874
 10
197.96326171875003
 20
118.01374511718748
  0
LWPOLYLINE
  5
26A
330
17
100
AcDbEntity
  8
RASTER_TRACE
100
AcDbPolyline
 90
4
 70
1
 10
192.84697265625002
 20
118.01374511718748
 10
192.84697265625002
 20
117.90715576171874
 10
194.76558105468752
 20
117.90715576171874
 10
194.65899169921877
 20
118.01374511718748
  0
LWPOLYLINE
  5
26B
330
17
100
AcDbEntity
  8
RASTER_TRACE
100
AcDbPolyline
 90
11
 70
1
 10
186.77137939453127
 20
118.01374511718748
 10
186.77137939453127
 20
117.90715576171874
 10
187.41091552734378
 20
117.90715576171874
 10
187.51750488281252
 20
117.80056640625
 10
187.51750488281252
 20
117.26761962890623
 10
187.62409423828126
 20
117.374208984375
 10
187.62409423828126
 20
117.69397705078124
 10
187.51750488281252
 20
117.80056640625
 10
187.62409423828126
 20
117.90715576171874
 10
188.58339843750002
 20
117.90715576171874
 10
188.58339843750002
 20
118.01374511718748
  0
LWPOLYLINE
  5
26C
330
17
100
AcDbEntity
  8
RASTER_TRACE
100
AcDbPolyline
 90
4
 70
1
 10
183.36052001953126
 20
117.90715576171874
 10
185.38571777343753
 20
117.90715576171874
 10
185.38571777343753
 20
118.01374511718748
 10
183.467109375
 20
118.01374511718748
  0
LWPOLYLINE
  5
26D
330
17
100
AcDbEntity
  8
RASTER_TRACE
100
AcDbPolyline
 90
4
 70
1
 10
179.84307128906252
 20
118.01374511718748
 10
179.84307128906252
 20
117.90715576171874
 10
181.86826904296876
 20
117.90715576171874
 10
181.86826904296876
 20
118.01374511718748
  0
LWPOLYLINE
  5
26E
330
17
100
AcDbEntity
  8
RASTER_TRACE
100
AcDbPolyline
 90
4
 70
1
 10
177.49810546875003
 20
118.01374511718748
 10
177.49810546875003
 20
117.90715576171874
 10
178.24423095703128
 20
117.90715576171874
 10
178.24423095703128
 20
118.01374511718748
  0
LWPOLYLINE
  5
26F
330
17
100
AcDbEntity
  8
RASTER_TRACE
100
AcDbPolyline
 90
4
 70
1
 10
176.00585449218752
 20
117.90715576171874
 10
176.96515869140626
 20
117.90715576171874
 10
176.96515869140626
 20
118.01374511718748
 10
176.11244384765627
 20
118.01374511718748
  0
LWPOLYLINE
  5
270
330
17
100
AcDbEntity
  8
RASTER_TRACE
100
AcDbPolyline
 90
4
 70
1
 10
172.27522705078127
 20
118.01374511718748
 10
172.27522705078127
 20
117.90715576171874
 10
174.40701416015628
 20
117.90715576171874
 10
174.40701416015628
 20
118.01374511718748
  0
LWPOLYLINE
  5
271
330
17
100
AcDbEntity
  8
RASTER_TRACE
100
AcDbPolyline
 90
4
 70
1
 10
171.31592285156253
 20
118.01374511718748
 10
171.31592285156253
 20
117.90715576171874
 10
171.63569091796876
 20
117.90715576171874
 10
171.63569091796876
 20
118.01374511718748
  0
LWPOLYLINE
  5
272
330
17
100
AcDbEntity
  8
RASTER_TRACE
100
AcDbPolyline
 90
4
 70
1
 10
168.43801025390627
 20
118.01374511718748
 10
168.43801025390627
 20
117.90715576171874
 10
170.67638671875002
 20
117.90715576171874
 10
170.67638671875002
 20
118.01374511718748
  0
LWPOLYLINE
  5
273
330
17
100
AcDbEntity
  8
RASTER_TRACE
100
AcDbPolyline
 90
4
 70
1
 10
164.70738281250001
 20
118.01374511718748
 10
164.70738281250001
 20
117.90715576171874
 10
166.83916992187503
 20
117.90715576171874
 10
166.83916992187503
 20
118.01374511718748
  0
LWPOLYLINE
  5
274
330
17
100
AcDbEntity
  8
RASTER_TRACE
100
AcDbPolyline
 90
4
 70
1
 10
163.74807861328128
 20
118.01374511718748
 10
163.74807861328128
 20
117.90715576171874
 10
164.0678466796875
 20
117.90715576171874
 10
164.0678466796875
 20
118.01374511718748
  0
LWPOLYLINE
  5
275
330
17
100
AcDbEntity
  8
RASTER_TRACE
100
AcDbPolyline
 90
4
 70
1
 10
160.97675537109376
 20
118.01374511718748
 10
160.97675537109376
 20
117.90715576171874
 10
163.10854248046877
 20
117.90715576171874
 10
163.10854248046877
 20
118.01374511718748
  0
LWPOLYLINE
  5
276
330
17
100
AcDbEntity
  8
RASTER_TRACE
100
AcDbPolyline
 90
4
 70
1
 10
160.01745117187502
 20
118.01374511718748
 10
160.01745117187502
 20
117.90715576171874
 10
160.33721923828128
 20
117.90715576171874
 10
160.33721923828128
 20
118.01374511718748
  0
LWPOLYLINE
  5
277
330
17
100
AcDbEntity
  8
RASTER_TRACE
100
AcDbPolyline
 90
4
 70
1
 10
157.13953857421876
 20
118.01374511718748
 10
157.13953857421876
 20
117.90715576171874
 10
159.37791503906251
 20
117.90715576171874
 10
159.37791503906251
 20
118.01374511718748
  0
LWPOLYLINE
  5
278
330
17
100
AcDbEntity
  8
RASTER_TRACE
100
AcDbPolyline
 90
4
 70
1
 10
153.4089111328125
 20
118.01374511718748
 10
153.4089111328125
 20
117.90715576171874
 10
155.64728759765626
 20
117.90715576171874
 10
155.64728759765626
 20
118.01374511718748
  0
LWPOLYLINE
  5
279
330
17
100
AcDbEntity
  8
RASTER_TRACE
100
AcDbPolyline
 90
4
 70
1
 10
152.44960693359377
 20
118.01374511718748
 10
152.44960693359377
 20
117.90715576171874
 10
152.76937500000003
 20
117.90715576171874
 10
152.76937500000003
 20
118.01374511718748
  0
LWPOLYLINE
  5
27A
330
17
100
AcDbEntity
  8
RASTER_TRACE
100
AcDbPolyline
 90
4
 70
1
 10
149.46510498046877
 20
117.90715576171874
 10
151.70348144531252
 20
117.90715576171874
 10
151.81007080078126
 20
118.01374511718748
 10
149.46510498046877
 20
118.01374511718748
  0
LWPOLYLINE
  5
27B
330
17
100
AcDbEntity
  8
RASTER_TRACE
100
AcDbPolyline
 90
4
 70
1
 10
148.50580078125003
 20
118.01374511718748
 10
148.50580078125003
 20
117.90715576171874
 10
148.82556884765626
 20
117.90715576171874
 10
148.82556884765626
 20
118.01374511718748
  0
LWPOLYLINE
  5
27C
330
17
100
AcDbEntity
  8
RASTER_TRACE
100
AcDbPolyline
 90
4
 70
1
 10
145.62788818359377
 20
117.90715576171874
 10
147.75967529296878
 20
117.90715576171874
 10
147.86626464843752
 20
118.01374511718748
 10
145.62788818359377
 20
118.01374511718748
  0
LWPOLYLINE
  5
27D
330
17
100
AcDbEntity
  8
RASTER_TRACE
100
AcDbPolyline
 90
4
 70
1
 10
141.68408203125
 20
118.01374511718748
 10
141.79067138671877
 20
117.90715576171874
 10
143.92245849609375
 20
117.90715576171874
 10
143.92245849609375
 20
118.01374511718748
  0
LWPOLYLINE
  5
27E
330
17
100
AcDbEntity
  8
RASTER_TRACE
100
AcDbPolyline
 90
4
 70
1
 10
137.846865234375
 20
118.01374511718748
 10
137.846865234375
 20
117.90715576171874
 10
140.08524169921876
 20
117.90715576171874
 10
140.08524169921876
 20
118.01374511718748
  0
LWPOLYLINE
  5
27F
330
17
100
AcDbEntity
  8
RASTER_TRACE
100
AcDbPolyline
 90
12
 70
1
 10
115.24992187500001
 20
118.12033447265624
 10
115.4631005859375
 20
118.12033447265624
 10
115.56968994140627
 20
118.01374511718748
 10
115.56968994140627
 20
116.521494140625
 10
115.67627929687501
 20
116.41490478515624
 10
115.67627929687501
 20
115.98854736328124
 10
115.56968994140627
 20
115.8819580078125
 10
115.35651123046875
 20
115.98854736328124
 10
115.14333251953127
 20
116.41490478515624
 10
115.14333251953127
 20
116.94785156249999
 10
115.0367431640625
 20
117.05444091796875
 10
115.0367431640625
 20
117.90715576171874
  0
LWPOLYLINE
  5
280
330
17
100
AcDbEntity
  8
RASTER_TRACE
100
AcDbPolyline
 90
19
 70
1
 10
224.82377929687502
 20
118.226923828125
 10
224.93036865234376
 20
118.12033447265624
 10
224.93036865234376
 20
117.80056640625
 10
225.03695800781253
 20
117.80056640625
 10
225.03695800781253
 20
118.01374511718748
 10
225.14354736328127
 20
118.12033447265624
 10
225.46331542968753
 20
118.12033447265624
 10
225.56990478515627
 20
118.01374511718748
 10
225.56990478515627
 20
116.84126220703124
 10
225.35672607421878
 20
116.62808349609375
 10
225.03695800781253
 20
116.62808349609375
 10
224.93036865234376
 20
116.7346728515625
 10
225.03695800781253
 20
116.84126220703124
 10
225.03695800781253
 20
117.26761962890623
 10
224.93036865234376
 20
117.374208984375
 10
224.93036865234376
 20
116.7346728515625
 10
224.82377929687502
 20
116.62808349609375
 10
224.71718994140628
 20
116.7346728515625
 10
224.71718994140628
 20
118.12033447265624
  0
LWPOLYLINE
  5
281
330
17
100
AcDbEntity
  8
RASTER_TRACE
100
AcDbPolyline
 90
9
 70
1
 10
222.05245605468753
 20
118.226923828125
 10
222.15904541015627
 20
118.226923828125
 10
222.37222412109378
 20
118.01374511718748
 10
222.265634765625
 20
117.90715576171874
 10
222.47881347656252
 20
117.58738769531249
 10
222.37222412109378
 20
117.374208984375
 10
222.15904541015627
 20
117.48079833984374
 10
221.94586669921878
 20
117.90715576171874
 10
221.94586669921878
 20
118.12033447265624
  0
LWPOLYLINE
  5
282
330
17
100
AcDbEntity
  8
RASTER_TRACE
100
AcDbPolyline
 90
4
 70
1
 10
123.99024902343751
 20
118.01374511718748
 10
126.22862548828127
 20
118.01374511718748
 10
124.203427734375
 20
118.01374511718748
 10
124.09683837890626
 20
118.12033447265624
  0
LWPOLYLINE
  5
283
330
17
100
AcDbEntity
  8
RASTER_TRACE
100
AcDbPolyline
 90
4
 70
1
 10
116.31581542968752
 20
118.12033447265624
 10
118.34101318359376
 20
118.12033447265624
 10
118.4476025390625
 20
118.01374511718748
 10
118.4476025390625
 20
118.12033447265624
  0
LWPOLYLINE
  5
284
330
17
100
AcDbEntity
  8
RASTER_TRACE
100
AcDbPolyline
 90
2
 70
1
 10
103.20532470703125
 20
118.12033447265624
 10
105.65687988281252
 20
118.12033447265624
  0
LWPOLYLINE
  5
285
330
17
100
AcDbEntity
  8
RASTER_TRACE
100
AcDbPolyline
 90
2
 70
1
 10
99.04833984375
 20
118.12033447265624
 10
101.60648437500001
 20
118.12033447265624
  0
LWPOLYLINE
  5
286
330
17
100
AcDbEntity
  8
RASTER_TRACE
100
AcDbPolyline
 90
2
 70
1
 10
94.03864013671875
 20
118.12033447265624
 10
95.10453369140626
 20
118.12033447265624
  0
LWPOLYLINE
  5
287
330
17
100
AcDbEntity
  8
RASTER_TRACE
100
AcDbPolyline
 90
2
 70
1
 10
91.48049560546875
 20
118.12033447265624
 10
92.652978515625
 20
118.12033447265624
  0
LWPOLYLINE
  5
288
330
17
100
AcDbEntity
  8
RASTER_TRACE
100
AcDbPolyline
 90
2
 70
1
 10
88.92235107421877
 20
118.12033447265624
 10
90.20142333984376
 20
118.12033447265624
  0
LWPOLYLINE
  5
289
330
17
100
AcDbEntity
  8
RASTER_TRACE
100
AcDbPolyline
 90
4
 70
1
 10
226.31603027343752
 20
118.226923828125
 10
226.31603027343752
 20
118.12033447265624
 10
227.59510253906254
 20
118.12033447265624
 10
227.59510253906254
 20
118.226923828125
  0
LWPOLYLINE
  5
28A
330
17
100
AcDbEntity
  8
RASTER_TRACE
100
AcDbPolyline
 90
4
 70
1
 10
217.46911376953128
 20
118.226923828125
 10
217.46911376953128
 20
118.12033447265624
 10
218.85477539062504
 20
118.12033447265624
 10
218.85477539062504
 20
118.226923828125
  0
LWPOLYLINE
  5
28B
330
17
100
AcDbEntity
  8
RASTER_TRACE
100
AcDbPolyline
 90
7
 70
1
 10
86.15102783203125
 20
118.226923828125
 10
86.15102783203125
 20
118.12033447265624
 10
87.43010009765626
 20
118.12033447265624
 10
87.3235107421875
 20
118.226923828125
 10
87.21692138671875
 20
118.12033447265624
 10
87.00374267578127
 20
118.12033447265624
 10
86.8971533203125
 20
118.226923828125
  0
LWPOLYLINE
  5
28C
330
17
100
AcDbEntity
  8
RASTER_TRACE
100
AcDbPolyline
 90
7
 70
1
 10
83.37970458984375
 20
118.12033447265624
 10
84.65877685546874
 20
118.12033447265624
 10
84.5521875
 20
118.226923828125
 10
84.44559814453126
 20
118.12033447265624
 10
83.80606201171875
 20
118.12033447265624
 10
83.69947265625001
 20
118.226923828125
 10
83.4862939453125
 20
118.226923828125
  0
LWPOLYLINE
  5
28D
330
17
100
AcDbEntity
  8
RASTER_TRACE
100
AcDbPolyline
 90
4
 70
1
 10
82.42040039062502
 20
118.226923828125
 10
82.42040039062502
 20
118.12033447265624
 10
82.84675781250002
 20
118.12033447265624
 10
82.74016845703125
 20
118.226923828125
  0
LWPOLYLINE
  5
28E
330
17
100
AcDbEntity
  8
RASTER_TRACE
100
AcDbPolyline
 90
4
 70
1
 10
80.60838134765626
 20
118.226923828125
 10
80.60838134765626
 20
118.12033447265624
 10
81.88745361328125
 20
118.12033447265624
 10
81.78086425781251
 20
118.226923828125
  0
LWPOLYLINE
  5
28F
330
17
100
AcDbEntity
  8
RASTER_TRACE
100
AcDbPolyline
 90
4
 70
1
 10
77.83705810546876
 20
118.226923828125
 10
77.83705810546876
 20
118.12033447265624
 10
79.11613037109376
 20
118.12033447265624
 10
79.11613037109376
 20
118.226923828125
  0
LWPOLYLINE
  5
290
330
17
100
AcDbEntity
  8
RASTER_TRACE
100
AcDbPolyline
 90
4
 70
1
 10
75.17232421875
 20
118.226923828125
 10
75.17232421875
 20
118.12033447265624
 10
76.34480712890625
 20
118.12033447265624
 10
76.34480712890625
 20
118.226923828125
  0
LWPOLYLINE
  5
291
330
17
100
AcDbEntity
  8
RASTER_TRACE
100
AcDbPolyline
 90
4
 70
1
 10
72.50759033203126
 20
118.226923828125
 10
72.50759033203126
 20
118.12033447265624
 10
73.6800732421875
 20
118.12033447265624
 10
73.6800732421875
 20
118.226923828125
  0
LWPOLYLINE
  5
292
330
17
100
AcDbEntity
  8
RASTER_TRACE
100
AcDbPolyline
 90
4
 70
1
 10
71.5482861328125
 20
118.226923828125
 10
71.5482861328125
 20
118.12033447265624
 10
71.86805419921876
 20
118.12033447265624
 10
71.86805419921876
 20
118.226923828125
  0
LWPOLYLINE
  5
293
330
17
100
AcDbEntity
  8
RASTER_TRACE
100
AcDbPolyline
 90
4
 70
1
 10
69.8428564453125
 20
118.226923828125
 10
69.8428564453125
 20
118.12033447265624
 10
71.01533935546875
 20
118.12033447265624
 10
71.01533935546875
 20
118.226923828125
  0
LWPOLYLINE
  5
294
330
17
100
AcDbEntity
  8
RASTER_TRACE
100
AcDbPolyline
 90
4
 70
1
 10
67.17812255859376
 20
118.226923828125
 10
67.17812255859376
 20
118.12033447265624
 10
68.35060546875
 20
118.12033447265624
 10
68.35060546875
 20
118.226923828125
  0
LWPOLYLINE
  5
295
330
17
100
AcDbEntity
  8
RASTER_TRACE
100
AcDbPolyline
 90
4
 70
1
 10
66.32540771484375
 20
118.226923828125
 10
66.32540771484375
 20
118.12033447265624
 10
66.64517578125
 20
118.12033447265624
 10
66.64517578125
 20
118.226923828125
  0
LWPOLYLINE
  5
296
330
17
100
AcDbEntity
  8
RASTER_TRACE
100
AcDbPolyline
 90
4
 70
1
 10
64.61997802734376
 20
118.226923828125
 10
64.61997802734376
 20
118.12033447265624
 10
65.79246093750001
 20
118.12033447265624
 10
65.79246093750001
 20
118.226923828125
  0
LWPOLYLINE
  5
297
330
17
100
AcDbEntity
  8
RASTER_TRACE
100
AcDbPolyline
 90
4
 70
1
 10
61.955244140625005
 20
118.226923828125
 10
61.955244140625005
 20
118.12033447265624
 10
63.12772705078125
 20
118.12033447265624
 10
63.12772705078125
 20
118.226923828125
  0
LWPOLYLINE
  5
298
330
17
100
AcDbEntity
  8
RASTER_TRACE
100
AcDbPolyline
 90
4
 70
1
 10
59.290510253906255
 20
118.226923828125
 10
59.290510253906255
 20
118.12033447265624
 10
60.4629931640625
 20
118.12033447265624
 10
60.4629931640625
 20
118.226923828125
  0
LWPOLYLINE
  5
299
330
17
100
AcDbEntity
  8
RASTER_TRACE
100
AcDbPolyline
 90
4
 70
1
 10
58.331206054687506
 20
118.226923828125
 10
58.331206054687506
 20
118.12033447265624
 10
58.65097412109375
 20
118.12033447265624
 10
58.65097412109375
 20
118.226923828125
  0
LWPOLYLINE
  5
29A
330
17
100
AcDbEntity
  8
RASTER_TRACE
100
AcDbPolyline
 90
4
 70
1
 10
56.519187011718756
 20
118.226923828125
 10
56.519187011718756
 20
118.12033447265624
 10
57.691669921875004
 20
118.12033447265624
 10
57.691669921875004
 20
118.226923828125
  0
LWPOLYLINE
  5
29B
330
17
100
AcDbEntity
  8
RASTER_TRACE
100
AcDbPolyline
 90
4
 70
1
 10
53.854453125000006
 20
118.226923828125
 10
53.854453125000006
 20
118.12033447265624
 10
55.026936035156254
 20
118.12033447265624
 10
55.026936035156254
 20
118.226923828125
  0
LWPOLYLINE
  5
29C
330
17
100
AcDbEntity
  8
RASTER_TRACE
100
AcDbPolyline
 90
6
 70
1
 10
51.0831298828125
 20
118.226923828125
 10
51.0831298828125
 20
118.12033447265624
 10
51.189719238281256
 20
118.226923828125
 10
51.402897949218755
 20
118.12033447265624
 10
52.362202148437504
 20
118.12033447265624
 10
52.362202148437504
 20
118.226923828125
  0
LWPOLYLINE
  5
29D
330
17
100
AcDbEntity
  8
RASTER_TRACE
100
AcDbPolyline
 90
4
 70
1
 10
48.31180664062501
 20
118.226923828125
 10
48.31180664062501
 20
118.12033447265624
 10
49.484289550781256
 20
118.12033447265624
 10
49.484289550781256
 20
118.226923828125
  0
LWPOLYLINE
  5
29E
330
17
100
AcDbEntity
  8
RASTER_TRACE
100
AcDbPolyline
 90
4
 70
1
 10
45.5404833984375
 20
118.226923828125
 10
45.64707275390626
 20
118.12033447265624
 10
46.60637695312501
 20
118.12033447265624
 10
46.60637695312501
 20
118.226923828125
  0
LWPOLYLINE
  5
29F
330
17
100
AcDbEntity
  8
RASTER_TRACE
100
AcDbPolyline
 90
4
 70
1
 10
42.87574951171875
 20
118.226923828125
 10
42.98233886718751
 20
118.12033447265624
 10
44.048232421875
 20
118.12033447265624
 10
44.154821777343756
 20
118.226923828125
  0
LWPOLYLINE
  5
2A0
330
17
100
AcDbEntity
  8
RASTER_TRACE
100
AcDbPolyline
 90
4
 70
1
 10
40.211015625
 20
118.226923828125
 10
40.31760498046875
 20
118.12033447265624
 10
41.38349853515625
 20
118.12033447265624
 10
41.38349853515625
 20
118.226923828125
  0
LWPOLYLINE
  5
2A1
330
17
100
AcDbEntity
  8
RASTER_TRACE
100
AcDbPolyline
 90
5
 70
1
 10
37.54628173828125
 20
118.226923828125
 10
37.866049804687506
 20
118.226923828125
 10
37.97263916015625
 20
118.12033447265624
 10
38.7187646484375
 20
118.12033447265624
 10
38.7187646484375
 20
118.226923828125
  0
LWPOLYLINE
  5
2A2
330
17
100
AcDbEntity
  8
RASTER_TRACE
100
AcDbPolyline
 90
7
 70
1
 10
34.77495849609375
 20
118.226923828125
 10
34.8815478515625
 20
118.12033447265624
 10
34.98813720703125
 20
118.226923828125
 10
35.0947265625
 20
118.12033447265624
 10
35.3079052734375
 20
118.12033447265624
 10
35.414494628906255
 20
118.226923828125
 10
36.160620117187506
 20
118.226923828125
  0
LWPOLYLINE
  5
2A3
330
17
100
AcDbEntity
  8
RASTER_TRACE
100
AcDbPolyline
 90
5
 70
1
 10
33.92224365234375
 20
118.12033447265624
 10
34.0288330078125
 20
118.226923828125
 10
34.13542236328125
 20
118.12033447265624
 10
34.24201171875001
 20
118.226923828125
 10
33.92224365234375
 20
118.226923828125
  0
LWPOLYLINE
  5
2A4
330
17
100
AcDbEntity
  8
RASTER_TRACE
100
AcDbPolyline
 90
2
 70
1
 10
32.00363525390625
 20
118.226923828125
 10
33.28270751953126
 20
118.226923828125
  0
LWPOLYLINE
  5
2A5
330
17
100
AcDbEntity
  8
RASTER_TRACE
100
AcDbPolyline
 90
5
 70
1
 10
28.0598291015625
 20
118.226923828125
 10
28.166418457031252
 20
118.12033447265624
 10
28.2730078125
 20
118.226923828125
 10
28.379597167968754
 20
118.12033447265624
 10
28.486186523437503
 20
118.226923828125
  0
LWPOLYLINE
  5
2A6
330
17
100
AcDbEntity
  8
RASTER_TRACE
100
AcDbPolyline
 90
4
 70
1
 10
25.714863281250004
 20
118.226923828125
 10
27.313703613281252
 20
118.226923828125
 10
27.42029296875
 20
118.12033447265624
 10
27.526882324218754
 20
118.226923828125
  0
LWPOLYLINE
  5
2A7
330
17
100
AcDbEntity
  8
RASTER_TRACE
100
AcDbPolyline
 90
12
 70
1
 10
189.862470703125
 20
117.90715576171874
 10
190.60859619140626
 20
117.90715576171874
 10
190.71518554687503
 20
117.80056640625
 10
190.82177490234378
 20
117.90715576171874
 10
191.46131103515626
 20
117.90715576171874
 10
191.46131103515626
 20
118.01374511718748
 10
190.71518554687503
 20
118.01374511718748
 10
190.60859619140626
 20
118.226923828125
 10
190.39541748046878
 20
118.33351318359374
 10
190.50200683593752
 20
118.226923828125
 10
190.39541748046878
 20
118.01374511718748
 10
189.96906005859378
 20
118.01374511718748
  0
LWPOLYLINE
  5
2A8
330
17
100
AcDbEntity
  8
RASTER_TRACE
100
AcDbPolyline
 90
14
 70
1
 10
120.04644287109375
 20
118.12033447265624
 10
120.04644287109375
 20
118.01374511718748
 10
121.21892578125002
 20
118.01374511718748
 10
121.32551513671876
 20
117.90715576171874
 10
121.32551513671876
 20
116.94785156249999
 10
121.4321044921875
 20
116.84126220703124
 10
121.4321044921875
 20
117.90715576171874
 10
121.53869384765625
 20
118.01374511718748
 10
122.39140869140627
 20
118.01374511718748
 10
122.39140869140627
 20
118.12033447265624
 10
121.53869384765625
 20
118.12033447265624
 10
121.4321044921875
 20
118.226923828125
 10
121.4321044921875
 20
118.4401025390625
 10
121.21892578125002
 20
118.12033447265624
  0
LWPOLYLINE
  5
2A9
330
17
100
AcDbEntity
  8
RASTER_TRACE
100
AcDbPolyline
 90
10
 70
1
 10
97.76926757812501
 20
118.12033447265624
 10
97.5560888671875
 20
118.33351318359374
 10
97.5560888671875
 20
118.4401025390625
 10
97.5560888671875
 20
118.226923828125
 10
97.44949951171876
 20
118.12033447265624
 10
96.38360595703125
 20
118.12033447265624
 10
97.44949951171876
 20
118.12033447265624
 10
97.5560888671875
 20
118.01374511718748
 10
97.5560888671875
 20
117.58738769531249
 10
97.5560888671875
 20
117.90715576171874
  0
LWPOLYLINE
  5
2AA
330
17
100
AcDbEntity
  8
RASTER_TRACE
100
AcDbPolyline
 90
6
 70
1
 10
47.032734375000004
 20
118.65328124999999
 10
46.926145019531255
 20
118.54669189453125
 10
46.926145019531255
 20
117.58738769531249
 10
47.032734375000004
 20
117.374208984375
 10
47.13932373046875
 20
117.374208984375
 10
47.032734375000004
 20
117.58738769531249
  0
LWPOLYLINE
  5
2AB
330
17
100
AcDbEntity
  8
RASTER_TRACE
100
AcDbPolyline
 90
7
 70
1
 10
186.34502197265627
 20
118.97304931640625
 10
186.34502197265627
 20
118.86645996093749
 10
186.451611328125
 20
118.86645996093749
 10
186.87796875
 20
118.54669189453125
 10
186.87796875
 20
118.65328124999999
 10
186.77137939453127
 20
118.65328124999999
 10
186.451611328125
 20
118.97304931640625
  0
LWPOLYLINE
  5
2AC
330
17
100
AcDbEntity
  8
RASTER_TRACE
100
AcDbPolyline
 90
6
 70
1
 10
50.12382568359375
 20
118.97304931640625
 10
49.8040576171875
 20
118.54669189453125
 10
49.697468261718754
 20
118.01374511718748
 10
49.8040576171875
 20
118.01374511718748
 10
49.8040576171875
 20
118.4401025390625
 10
50.12382568359375
 20
118.86645996093749
  0
LWPOLYLINE
  5
2AD
330
17
100
AcDbEntity
  8
RASTER_TRACE
100
AcDbPolyline
 90
4
 70
1
 10
144.45540527343752
 20
119.07963867187499
 10
144.34881591796878
 20
118.97304931640625
 10
144.34881591796878
 20
118.33351318359374
 10
144.45540527343752
 20
118.33351318359374
  0
LWPOLYLINE
  5
2AE
330
17
100
AcDbEntity
  8
RASTER_TRACE
100
AcDbPolyline
 90
48
 70
1
 10
131.34491455078125
 20
119.2928173828125
 10
131.77127197265625
 20
119.2928173828125
 10
131.87786132812502
 20
119.18622802734374
 10
131.87786132812502
 20
118.75987060546873
 10
131.87786132812502
 20
119.18622802734374
 10
131.98445068359376
 20
119.2928173828125
 10
132.30421875000002
 20
119.2928173828125
 10
132.5173974609375
 20
119.07963867187499
 10
132.62398681640627
 20
119.07963867187499
 10
132.9437548828125
 20
118.75987060546873
 10
133.05034423828127
 20
118.54669189453125
 10
133.05034423828127
 20
118.33351318359374
 10
133.15693359375
 20
118.12033447265624
 10
133.05034423828127
 20
118.01374511718748
 10
132.83716552734376
 20
118.01374511718748
 10
132.9437548828125
 20
118.01374511718748
 10
133.15693359375
 20
117.80056640625
 10
133.05034423828127
 20
117.69397705078124
 10
133.05034423828127
 20
117.48079833984374
 10
132.9437548828125
 20
117.26761962890623
 10
132.5173974609375
 20
116.84126220703124
 10
132.30421875000002
 20
116.7346728515625
 10
131.98445068359376
 20
116.7346728515625
 10
131.87786132812502
 20
116.84126220703124
 10
131.87786132812502
 20
117.16103027343749
 10
131.87786132812502
 20
116.84126220703124
 10
131.77127197265625
 20
116.7346728515625
 10
131.34491455078125
 20
116.7346728515625
 10
131.13173583984377
 20
116.84126220703124
 10
130.5987890625
 20
117.374208984375
 10
130.5987890625
 20
117.58738769531249
 10
130.49219970703126
 20
117.69397705078124
 10
130.49219970703126
 20
117.90715576171874
 10
130.5987890625
 20
118.01374511718748
 10
131.77127197265625
 20
118.01374511718748
 10
131.87786132812502
 20
117.90715576171874
 10
131.98445068359376
 20
118.01374511718748
 10
132.30421875000002
 20
118.01374511718748
 10
131.98445068359376
 20
118.01374511718748
 10
131.87786132812502
 20
118.12033447265624
 10
131.87786132812502
 20
118.33351318359374
 10
131.87786132812502
 20
118.12033447265624
 10
131.77127197265625
 20
118.01374511718748
 10
130.5987890625
 20
118.01374511718748
 10
130.49219970703126
 20
118.12033447265624
 10
130.49219970703126
 20
118.4401025390625
 10
130.5987890625
 20
118.65328124999999
 10
131.13173583984377
 20
119.18622802734374
  0
LWPOLYLINE
  5
2AF
330
17
100
AcDbEntity
  8
RASTER_TRACE
100
AcDbPolyline
 90
36
 70
1
 10
111.6258837890625
 20
119.2928173828125
 10
111.83906250000001
 20
119.18622802734374
 10
111.83906250000001
 20
118.33351318359374
 10
111.83906250000001
 20
119.18622802734374
 10
111.94565185546875
 20
119.2928173828125
 10
112.0522412109375
 20
119.18622802734374
 10
112.26541992187501
 20
119.18622802734374
 10
112.47859863281252
 20
119.07963867187499
 10
112.79836669921875
 20
118.75987060546873
 10
112.90495605468752
 20
118.54669189453125
 10
112.90495605468752
 20
118.33351318359374
 10
113.01154541015626
 20
118.226923828125
 10
112.90495605468752
 20
118.12033447265624
 10
111.94565185546875
 20
118.12033447265624
 10
112.79836669921875
 20
118.12033447265624
 10
112.90495605468752
 20
118.01374511718748
 10
112.90495605468752
 20
117.58738769531249
 10
112.37200927734375
 20
117.05444091796875
 10
112.15883056640627
 20
116.94785156249999
 10
111.94565185546875
 20
116.94785156249999
 10
111.83906250000001
 20
117.05444091796875
 10
111.83906250000001
 20
117.80056640625
 10
111.83906250000001
 20
117.05444091796875
 10
111.73247314453127
 20
116.94785156249999
 10
111.1995263671875
 20
117.05444091796875
 10
110.7731689453125
 20
117.48079833984374
 10
110.66657958984376
 20
117.69397705078124
 10
110.66657958984376
 20
118.01374511718748
 10
110.7731689453125
 20
118.12033447265624
 10
111.6258837890625
 20
118.12033447265624
 10
110.7731689453125
 20
118.12033447265624
 10
110.66657958984376
 20
118.226923828125
 10
110.66657958984376
 20
118.4401025390625
 10
110.7731689453125
 20
118.65328124999999
 10
111.30611572265624
 20
119.18622802734374
 10
111.51929443359376
 20
119.18622802734374
  0
LWPOLYLINE
  5
2B0
330
17
100
AcDbEntity
  8
RASTER_TRACE
100
AcDbPolyline
 90
5
 70
1
 10
189.75588134765627
 20
119.2928173828125
 10
189.75588134765627
 20
119.18622802734374
 10
190.07564941406253
 20
118.86645996093749
 10
190.18223876953127
 20
118.65328124999999
 10
190.07564941406253
 20
118.97304931640625
  0
LWPOLYLINE
  5
2B1
330
17
100
AcDbEntity
  8
RASTER_TRACE
100
AcDbPolyline
 90
13
 70
1
 10
110.34681152343751
 20
119.2928173828125
 10
110.24022216796877
 20
119.2928173828125
 10
110.02704345703125
 20
119.07963867187499
 10
109.92045410156251
 20
118.86645996093749
 10
109.92045410156251
 20
118.65328124999999
 10
109.81386474609377
 20
118.54669189453125
 10
109.81386474609377
 20
118.226923828125
 10
109.707275390625
 20
118.12033447265624
 10
107.25572021484376
 20
118.12033447265624
 10
109.81386474609377
 20
118.12033447265624
 10
109.92045410156251
 20
118.33351318359374
 10
109.92045410156251
 20
118.65328124999999
 10
110.1336328125
 20
119.07963867187499
  0
LWPOLYLINE
  5
2B2
330
17
100
AcDbEntity
  8
RASTER_TRACE
100
AcDbPolyline
 90
6
 70
1
 10
128.46700195312502
 20
119.39940673828124
 10
128.46700195312502
 20
118.97304931640625
 10
128.57359130859376
 20
118.86645996093749
 10
128.57359130859376
 20
118.65328124999999
 10
128.57359130859376
 20
119.07963867187499
 10
128.46700195312502
 20
119.18622802734374
  0
LWPOLYLINE
  5
2B3
330
17
100
AcDbEntity
  8
RASTER_TRACE
100
AcDbPolyline
 90
2
 70
1
 10
62.27501220703125
 20
119.50599609374999
 10
63.021137695312504
 20
119.50599609374999
  0
LWPOLYLINE
  5
2B4
330
17
100
AcDbEntity
  8
RASTER_TRACE
100
AcDbPolyline
 90
4
 70
1
 10
185.17253906250002
 20
119.61258544921874
 10
185.59889648437502
 20
119.39940673828124
 10
185.81207519531253
 20
119.18622802734374
 10
185.70548583984376
 20
119.39940673828124
  0
LWPOLYLINE
  5
2B5
330
17
100
AcDbEntity
  8
RASTER_TRACE
100
AcDbPolyline
 90
4
 70
1
 10
65.04633544921876
 20
119.50599609374999
 10
65.5792822265625
 20
119.50599609374999
 10
65.79246093750001
 20
119.61258544921874
 10
65.04633544921876
 20
119.61258544921874
  0
LWPOLYLINE
  5
2B6
330
17
100
AcDbEntity
  8
RASTER_TRACE
100
AcDbPolyline
 90
5
 70
1
 10
60.995939941406256
 20
119.61258544921874
 10
60.995939941406256
 20
119.50599609374999
 10
61.848654785156256
 20
119.50599609374999
 10
61.63547607421875
 20
119.50599609374999
 10
61.52888671875
 20
119.61258544921874
  0
LWPOLYLINE
  5
2B7
330
17
100
AcDbEntity
  8
RASTER_TRACE
100
AcDbPolyline
 90
3
 70
1
 10
59.71686767578125
 20
119.61258544921874
 10
60.4629931640625
 20
119.50599609374999
 10
60.4629931640625
 20
119.61258544921874
  0
LWPOLYLINE
  5
2B8
330
17
100
AcDbEntity
  8
RASTER_TRACE
100
AcDbPolyline
 90
5
 70
1
 10
66.32540771484375
 20
119.61258544921874
 10
66.53858642578126
 20
119.61258544921874
 10
66.64517578125
 20
119.7191748046875
 10
67.071533203125
 20
119.7191748046875
 10
66.32540771484375
 20
119.7191748046875
  0
LWPOLYLINE
  5
2B9
330
17
100
AcDbEntity
  8
RASTER_TRACE
100
AcDbPolyline
 90
4
 70
1
 10
58.437795410156255
 20
119.7191748046875
 10
58.544384765625004
 20
119.61258544921874
 10
59.183920898437506
 20
119.61258544921874
 10
59.07733154296876
 20
119.7191748046875
  0
LWPOLYLINE
  5
2BA
330
17
100
AcDbEntity
  8
RASTER_TRACE
100
AcDbPolyline
 90
4
 70
1
 10
51.296308593750005
 20
119.7191748046875
 10
51.0831298828125
 20
119.61258544921874
 10
50.869951171875
 20
119.61258544921874
 10
50.6567724609375
 20
119.39940673828124
  0
LWPOLYLINE
  5
2BB
330
17
100
AcDbEntity
  8
RASTER_TRACE
100
AcDbPolyline
 90
4
 70
1
 10
47.56568115234376
 20
119.7191748046875
 10
47.35250244140625
 20
119.50599609374999
 10
47.2459130859375
 20
119.18622802734374
 10
47.56568115234376
 20
119.61258544921874
  0
LWPOLYLINE
  5
2BC
330
17
100
AcDbEntity
  8
RASTER_TRACE
100
AcDbPolyline
 90
5
 70
1
 10
57.15872314453125
 20
119.82576416015624
 10
57.15872314453125
 20
119.7191748046875
 10
57.9048486328125
 20
119.7191748046875
 10
57.691669921875004
 20
119.7191748046875
 10
57.585080566406255
 20
119.82576416015624
  0
LWPOLYLINE
  5
2BD
330
17
100
AcDbEntity
  8
RASTER_TRACE
100
AcDbPolyline
 90
4
 70
1
 10
55.879650878906254
 20
119.93235351562498
 10
55.879650878906254
 20
119.82576416015624
 10
56.625776367187505
 20
119.82576416015624
 10
55.986240234375
 20
119.82576416015624
  0
LWPOLYLINE
  5
2BE
330
17
100
AcDbEntity
  8
RASTER_TRACE
100
AcDbPolyline
 90
5
 70
1
 10
54.4939892578125
 20
119.93235351562498
 10
54.70716796875001
 20
119.93235351562498
 10
54.813757324218756
 20
119.82576416015624
 10
55.24011474609375
 20
119.82576416015624
 10
55.24011474609375
 20
119.93235351562498
  0
LWPOLYLINE
  5
2BF
330
17
100
AcDbEntity
  8
RASTER_TRACE
100
AcDbPolyline
 90
2
 70
1
 10
53.108327636718755
 20
119.93235351562498
 10
53.854453125000006
 20
119.93235351562498
  0
LWPOLYLINE
  5
2C0
330
17
100
AcDbEntity
  8
RASTER_TRACE
100
AcDbPolyline
 90
3
 70
1
 10
51.82925537109375
 20
119.82576416015624
 10
52.575380859375
 20
119.93235351562498
 10
51.9358447265625
 20
119.93235351562498
  0
LWPOLYLINE
  5
2C1
330
17
100
AcDbEntity
  8
RASTER_TRACE
100
AcDbPolyline
 90
4
 70
1
 10
188.90316650390628
 20
120.03894287109375
 10
189.32952392578127
 20
119.61258544921874
 10
189.32952392578127
 20
119.7191748046875
 10
189.00975585937502
 20
120.03894287109375
  0
LWPOLYLINE
  5
2C2
330
17
100
AcDbEntity
  8
RASTER_TRACE
100
AcDbPolyline
 90
6
 70
1
 10
183.89346679687503
 20
120.03894287109375
 10
184.10664550781252
 20
119.93235351562498
 10
184.31982421875003
 20
119.93235351562498
 10
184.42641357421877
 20
119.82576416015624
 10
184.63959228515628
 20
119.82576416015624
 10
184.21323486328126
 20
120.03894287109375
  0
LWPOLYLINE
  5
2C3
330
17
100
AcDbEntity
  8
RASTER_TRACE
100
AcDbPolyline
 90
46
 70
1
 10
132.19762939453125
 20
120.1455322265625
 10
133.26352294921875
 20
119.61258544921874
 10
133.68988037109375
 20
119.07963867187499
 10
133.79646972656252
 20
118.86645996093749
 10
133.79646972656252
 20
118.65328124999999
 10
133.90305908203126
 20
118.54669189453125
 10
133.90305908203126
 20
118.12033447265624
 10
133.79646972656252
 20
118.01374511718748
 10
133.90305908203126
 20
117.90715576171874
 10
133.90305908203126
 20
117.48079833984374
 10
133.583291015625
 20
116.84126220703124
 10
132.9437548828125
 20
116.20172607421874
 10
132.5173974609375
 20
115.98854736328124
 10
132.19762939453125
 20
115.98854736328124
 10
132.0910400390625
 20
115.8819580078125
 10
131.55809326171877
 20
115.8819580078125
 10
131.45150390625
 20
115.98854736328124
 10
131.13173583984377
 20
115.98854736328124
 10
130.49219970703126
 20
116.3083154296875
 10
130.06584228515626
 20
116.7346728515625
 10
129.74607421875
 20
117.374208984375
 10
129.74607421875
 20
117.90715576171874
 10
129.85266357421875
 20
118.01374511718748
 10
130.172431640625
 20
118.01374511718748
 10
130.38561035156252
 20
117.80056640625
 10
130.38561035156252
 20
117.48079833984374
 10
130.70537841796875
 20
117.05444091796875
 10
130.70537841796875
 20
116.94785156249999
 10
131.45150390625
 20
116.521494140625
 10
131.77127197265625
 20
116.521494140625
 10
131.87786132812502
 20
116.41490478515624
 10
131.87786132812502
 20
116.20172607421874
 10
131.87786132812502
 20
116.41490478515624
 10
131.98445068359376
 20
116.521494140625
 10
132.19762939453125
 20
116.521494140625
 10
132.62398681640627
 20
116.7346728515625
 10
133.15693359375
 20
117.26761962890623
 10
133.26352294921875
 20
117.48079833984374
 10
133.26352294921875
 20
118.54669189453125
 10
133.15693359375
 20
118.75987060546873
 10
132.62398681640627
 20
119.2928173828125
 10
132.41080810546876
 20
119.39940673828124
 10
132.19762939453125
 20
119.39940673828124
 10
131.87786132812502
 20
119.61258544921874
 10
131.87786132812502
 20
120.03894287109375
 10
131.98445068359376
 20
120.1455322265625
  0
LWPOLYLINE
  5
2C4
330
17
100
AcDbEntity
  8
RASTER_TRACE
100
AcDbPolyline
 90
21
 70
1
 10
131.77127197265625
 20
120.1455322265625
 10
131.87786132812502
 20
120.03894287109375
 10
131.87786132812502
 20
119.61258544921874
 10
131.77127197265625
 20
119.50599609374999
 10
131.55809326171877
 20
119.50599609374999
 10
131.45150390625
 20
119.39940673828124
 10
131.2383251953125
 20
119.39940673828124
 10
131.025146484375
 20
119.2928173828125
 10
130.49219970703126
 20
118.75987060546873
 10
130.38561035156252
 20
118.54669189453125
 10
130.38561035156252
 20
118.226923828125
 10
130.172431640625
 20
118.01374511718748
 10
129.85266357421875
 20
118.01374511718748
 10
129.74607421875
 20
118.12033447265624
 10
129.74607421875
 20
118.65328124999999
 10
129.95925292968752
 20
119.07963867187499
 10
130.27902099609375
 20
119.39940673828124
 10
130.27902099609375
 20
119.50599609374999
 10
131.13173583984377
 20
120.03894287109375
 10
131.34491455078125
 20
120.03894287109375
 10
131.45150390625
 20
120.1455322265625
  0
LWPOLYLINE
  5
2C5
330
17
100
AcDbEntity
  8
RASTER_TRACE
100
AcDbPolyline
 90
12
 70
1
 10
115.56968994140627
 20
120.1455322265625
 10
115.67627929687501
 20
120.03894287109375
 10
115.67627929687501
 20
119.61258544921874
 10
115.56968994140627
 20
119.50599609374999
 10
115.56968994140627
 20
118.226923828125
 10
115.4631005859375
 20
118.12033447265624
 10
115.14333251953127
 20
118.12033447265624
 10
115.0367431640625
 20
118.226923828125
 10
115.0367431640625
 20
118.65328124999999
 10
115.14333251953127
 20
118.75987060546873
 10
115.14333251953127
 20
119.50599609374999
 10
115.35651123046875
 20
119.93235351562498
  0
LWPOLYLINE
  5
2C6
330
17
100
AcDbEntity
  8
RASTER_TRACE
100
AcDbPolyline
 90
4
 70
1
 10
111.41270507812501
 20
120.03894287109375
 10
111.1995263671875
 20
120.03894287109375
 10
110.55999023437502
 20
119.7191748046875
 10
110.55999023437502
 20
119.61258544921874
  0
LWPOLYLINE
  5
2C7
330
17
100
AcDbEntity
  8
RASTER_TRACE
100
AcDbPolyline
 90
2
 70
1
 10
97.5560888671875
 20
120.03894287109375
 10
97.5560888671875
 20
119.18622802734374
  0
LWPOLYLINE
  5
2C8
330
17
100
AcDbEntity
  8
RASTER_TRACE
100
AcDbPolyline
 90
5
 70
1
 10
68.35060546875
 20
120.03894287109375
 10
68.1374267578125
 20
119.93235351562498
 10
67.71106933593751
 20
119.93235351562498
 10
67.60447998046875
 20
119.82576416015624
 10
68.35060546875
 20
119.93235351562498
  0
LWPOLYLINE
  5
2C9
330
17
100
AcDbEntity
  8
RASTER_TRACE
100
AcDbPolyline
 90
4
 70
1
 10
224.61060058593753
 20
120.1455322265625
 10
224.61060058593753
 20
118.97304931640625
 10
224.71718994140628
 20
118.86645996093749
 10
224.71718994140628
 20
120.1455322265625
  0
LWPOLYLINE
  5
2CA
330
17
100
AcDbEntity
  8
RASTER_TRACE
100
AcDbPolyline
 90
6
 70
1
 10
114.29061767578125
 20
120.1455322265625
 10
114.07743896484376
 20
119.7191748046875
 10
114.07743896484376
 20
119.18622802734374
 10
114.07743896484376
 20
119.61258544921874
 10
114.1840283203125
 20
119.7191748046875
 10
114.1840283203125
 20
119.93235351562498
  0
LWPOLYLINE
  5
2CB
330
17
100
AcDbEntity
  8
RASTER_TRACE
100
AcDbPolyline
 90
8
 70
1
 10
63.55408447265626
 20
119.50599609374999
 10
64.513388671875
 20
119.50599609374999
 10
64.19362060546875
 20
119.50599609374999
 10
64.08703125
 20
119.61258544921874
 10
64.08703125
 20
120.1455322265625
 10
63.98044189453125
 20
120.1455322265625
 10
63.98044189453125
 20
119.61258544921874
 10
63.873852539062504
 20
119.50599609374999
  0
LWPOLYLINE
  5
2CC
330
17
100
AcDbEntity
  8
RASTER_TRACE
100
AcDbPolyline
 90
3
 70
1
 10
69.62967773437501
 20
120.25212158203124
 10
68.88355224609376
 20
120.1455322265625
 10
68.88355224609376
 20
120.03894287109375
  0
LWPOLYLINE
  5
2CD
330
17
100
AcDbEntity
  8
RASTER_TRACE
100
AcDbPolyline
 90
7
 70
1
 10
182.72098388671878
 20
120.35871093749999
 10
182.82757324218753
 20
120.25212158203124
 10
183.25393066406252
 20
120.25212158203124
 10
183.36052001953126
 20
120.1455322265625
 10
183.36052001953126
 20
120.25212158203124
 10
183.040751953125
 20
120.25212158203124
 10
182.93416259765627
 20
120.35871093749999
  0
LWPOLYLINE
  5
2CE
330
17
100
AcDbEntity
  8
RASTER_TRACE
100
AcDbPolyline
 90
4
 70
1
 10
144.45540527343752
 20
120.46530029296875
 10
144.34881591796878
 20
120.35871093749999
 10
144.34881591796878
 20
119.7191748046875
 10
144.45540527343752
 20
119.7191748046875
  0
LWPOLYLINE
  5
2CF
330
17
100
AcDbEntity
  8
RASTER_TRACE
100
AcDbPolyline
 90
4
 70
1
 10
127.93405517578125
 20
120.46530029296875
 10
128.14723388671877
 20
120.25212158203124
 10
128.36041259765625
 20
119.82576416015624
 10
128.14723388671877
 20
120.35871093749999
  0
LWPOLYLINE
  5
2D0
330
17
100
AcDbEntity
  8
RASTER_TRACE
100
AcDbPolyline
 90
4
 70
1
 10
181.44191162109377
 20
120.57188964843749
 10
181.44191162109377
 20
120.46530029296875
 10
182.08144775390628
 20
120.46530029296875
 10
181.86826904296876
 20
120.57188964843749
  0
LWPOLYLINE
  5
2D1
330
17
100
AcDbEntity
  8
RASTER_TRACE
100
AcDbPolyline
 90
22
 70
1
 10
124.8429638671875
 20
120.57188964843749
 10
124.94955322265625
 20
120.67847900390623
 10
125.2693212890625
 20
120.67847900390623
 10
125.37591064453125
 20
120.57188964843749
 10
126.22862548828127
 20
120.57188964843749
 10
126.33521484375001
 20
120.46530029296875
 10
126.86816162109375
 20
120.35871093749999
 10
127.29451904296877
 20
119.93235351562498
 10
127.40110839843751
 20
119.7191748046875
 10
127.40110839843751
 20
119.39940673828124
 10
127.50769775390626
 20
119.2928173828125
 10
127.50769775390626
 20
118.12033447265624
 10
127.29451904296877
 20
118.01374511718748
 10
127.08134033203126
 20
118.226923828125
 10
127.08134033203126
 20
119.2928173828125
 10
127.1879296875
 20
119.39940673828124
 10
127.08134033203126
 20
119.61258544921874
 10
126.65498291015626
 20
120.03894287109375
 10
126.33521484375001
 20
120.03894287109375
 10
126.22862548828127
 20
120.1455322265625
 10
125.05614257812502
 20
120.1455322265625
 10
124.8429638671875
 20
120.35871093749999
  0
LWPOLYLINE
  5
2D2
330
17
100
AcDbEntity
  8
RASTER_TRACE
100
AcDbPolyline
 90
3
 70
1
 10
70.80216064453126
 20
120.57188964843749
 10
70.58898193359376
 20
120.57188964843749
 10
70.16262451171875
 20
120.35871093749999
  0
LWPOLYLINE
  5
2D3
330
17
100
AcDbEntity
  8
RASTER_TRACE
100
AcDbPolyline
 90
7
 70
1
 10
48.524985351562506
 20
120.57188964843749
 10
48.41839599609375
 20
120.57188964843749
 10
48.0986279296875
 20
120.25212158203124
 10
47.885449218750004
 20
120.1455322265625
 10
48.20521728515625
 20
120.25212158203124
 10
48.41839599609375
 20
120.46530029296875
 10
48.524985351562506
 20
120.46530029296875
  0
LWPOLYLINE
  5
2D4
330
17
100
AcDbEntity
  8
RASTER_TRACE
100
AcDbPolyline
 90
4
 70
1
 10
180.05625
 20
120.67847900390623
 10
180.16283935546878
 20
120.57188964843749
 10
180.80237548828126
 20
120.57188964843749
 10
180.69578613281251
 20
120.67847900390623
  0
LWPOLYLINE
  5
2D5
330
17
100
AcDbEntity
  8
RASTER_TRACE
100
AcDbPolyline
 90
6
 70
1
 10
224.93036865234376
 20
120.78506835937499
 10
225.03695800781253
 20
120.57188964843749
 10
224.93036865234376
 20
120.46530029296875
 10
224.93036865234376
 20
119.61258544921874
 10
225.03695800781253
 20
119.61258544921874
 10
225.03695800781253
 20
120.78506835937499
  0
LWPOLYLINE
  5
2D6
330
17
100
AcDbEntity
  8
RASTER_TRACE
100
AcDbPolyline
 90
9
 70
1
 10
221.62609863281253
 20
120.78506835937499
 10
221.62609863281253
 20
119.39940673828124
 10
221.73268798828127
 20
119.2928173828125
 10
221.73268798828127
 20
118.97304931640625
 10
221.83927734375
 20
118.86645996093749
 10
221.83927734375
 20
119.07963867187499
 10
221.73268798828127
 20
119.18622802734374
 10
221.73268798828127
 20
120.03894287109375
 10
221.62609863281253
 20
120.1455322265625
  0
LWPOLYLINE
  5
2D7
330
17
100
AcDbEntity
  8
RASTER_TRACE
100
AcDbPolyline
 90
5
 70
1
 10
178.77717773437502
 20
120.78506835937499
 10
178.77717773437502
 20
120.67847900390623
 10
179.52330322265627
 20
120.67847900390623
 10
179.31012451171878
 20
120.67847900390623
 10
179.20353515625
 20
120.78506835937499
  0
LWPOLYLINE
  5
2D8
330
17
100
AcDbEntity
  8
RASTER_TRACE
100
AcDbPolyline
 90
4
 70
1
 10
177.39151611328126
 20
120.78506835937499
 10
177.39151611328126
 20
120.67847900390623
 10
178.1376416015625
 20
120.67847900390623
 10
178.1376416015625
 20
120.78506835937499
  0
LWPOLYLINE
  5
2D9
330
17
100
AcDbEntity
  8
RASTER_TRACE
100
AcDbPolyline
 90
2
 70
1
 10
176.00585449218752
 20
120.78506835937499
 10
176.75197998046878
 20
120.78506835937499
  0
LWPOLYLINE
  5
2DA
330
17
100
AcDbEntity
  8
RASTER_TRACE
100
AcDbPolyline
 90
2
 70
1
 10
174.7267822265625
 20
120.78506835937499
 10
175.47290771484376
 20
120.78506835937499
  0
LWPOLYLINE
  5
2DB
330
17
100
AcDbEntity
  8
RASTER_TRACE
100
AcDbPolyline
 90
3
 70
1
 10
187.83727294921877
 20
120.89165771484375
 10
187.9438623046875
 20
120.67847900390623
 10
188.3702197265625
 20
120.46530029296875
  0
LWPOLYLINE
  5
2DC
330
17
100
AcDbEntity
  8
RASTER_TRACE
100
AcDbPolyline
 90
5
 70
1
 10
173.34112060546877
 20
120.78506835937499
 10
174.08724609375003
 20
120.78506835937499
 10
173.8740673828125
 20
120.78506835937499
 10
173.76747802734377
 20
120.89165771484375
 10
173.44770996093752
 20
120.89165771484375
  0
LWPOLYLINE
  5
2DD
330
17
100
AcDbEntity
  8
RASTER_TRACE
100
AcDbPolyline
 90
4
 70
1
 10
172.06204833984376
 20
120.89165771484375
 10
172.06204833984376
 20
120.78506835937499
 10
172.808173828125
 20
120.78506835937499
 10
172.70158447265626
 20
120.89165771484375
  0
LWPOLYLINE
  5
2DE
330
17
100
AcDbEntity
  8
RASTER_TRACE
100
AcDbPolyline
 90
4
 70
1
 10
170.67638671875002
 20
120.89165771484375
 10
170.67638671875002
 20
120.78506835937499
 10
171.42251220703128
 20
120.78506835937499
 10
171.31592285156253
 20
120.89165771484375
  0
LWPOLYLINE
  5
2DF
330
17
100
AcDbEntity
  8
RASTER_TRACE
100
AcDbPolyline
 90
4
 70
1
 10
169.29072509765626
 20
120.78506835937499
 10
170.03685058593751
 20
120.78506835937499
 10
170.03685058593751
 20
120.89165771484375
 10
169.397314453125
 20
120.89165771484375
  0
LWPOLYLINE
  5
2E0
330
17
100
AcDbEntity
  8
RASTER_TRACE
100
AcDbPolyline
 90
4
 70
1
 10
168.01165283203127
 20
120.89165771484375
 10
168.01165283203127
 20
120.78506835937499
 10
168.75777832031253
 20
120.78506835937499
 10
168.75777832031253
 20
120.89165771484375
  0
LWPOLYLINE
  5
2E1
330
17
100
AcDbEntity
  8
RASTER_TRACE
100
AcDbPolyline
 90
4
 70
1
 10
166.6259912109375
 20
120.89165771484375
 10
166.6259912109375
 20
120.78506835937499
 10
167.37211669921876
 20
120.78506835937499
 10
167.37211669921876
 20
120.89165771484375
  0
LWPOLYLINE
  5
2E2
330
17
100
AcDbEntity
  8
RASTER_TRACE
100
AcDbPolyline
 90
4
 70
1
 10
165.24032958984378
 20
120.89165771484375
 10
165.24032958984378
 20
120.78506835937499
 10
165.98645507812503
 20
120.78506835937499
 10
165.98645507812503
 20
120.89165771484375
  0
LWPOLYLINE
  5
2E3
330
17
100
AcDbEntity
  8
RASTER_TRACE
100
AcDbPolyline
 90
4
 70
1
 10
163.96125732421876
 20
120.89165771484375
 10
163.96125732421876
 20
120.78506835937499
 10
164.60079345703127
 20
120.78506835937499
 10
164.60079345703127
 20
120.89165771484375
  0
LWPOLYLINE
  5
2E4
330
17
100
AcDbEntity
  8
RASTER_TRACE
100
AcDbPolyline
 90
4
 70
1
 10
162.57559570312503
 20
120.89165771484375
 10
162.57559570312503
 20
120.78506835937499
 10
163.32172119140625
 20
120.78506835937499
 10
163.32172119140625
 20
120.89165771484375
  0
LWPOLYLINE
  5
2E5
330
17
100
AcDbEntity
  8
RASTER_TRACE
100
AcDbPolyline
 90
4
 70
1
 10
161.18993408203127
 20
120.89165771484375
 10
161.18993408203127
 20
120.78506835937499
 10
161.93605957031252
 20
120.78506835937499
 10
161.93605957031252
 20
120.89165771484375
  0
LWPOLYLINE
  5
2E6
330
17
100
AcDbEntity
  8
RASTER_TRACE
100
AcDbPolyline
 90
4
 70
1
 10
159.8042724609375
 20
120.89165771484375
 10
159.8042724609375
 20
120.78506835937499
 10
160.55039794921876
 20
120.78506835937499
 10
160.55039794921876
 20
120.89165771484375
  0
LWPOLYLINE
  5
2E7
330
17
100
AcDbEntity
  8
RASTER_TRACE
100
AcDbPolyline
 90
4
 70
1
 10
158.41861083984378
 20
120.89165771484375
 10
158.41861083984378
 20
120.78506835937499
 10
159.16473632812503
 20
120.78506835937499
 10
159.16473632812503
 20
120.89165771484375
  0
LWPOLYLINE
  5
2E8
330
17
100
AcDbEntity
  8
RASTER_TRACE
100
AcDbPolyline
 90
4
 70
1
 10
157.03294921875002
 20
120.89165771484375
 10
157.03294921875002
 20
120.78506835937499
 10
157.77907470703127
 20
120.78506835937499
 10
157.77907470703127
 20
120.89165771484375
  0
LWPOLYLINE
  5
2E9
330
17
100
AcDbEntity
  8
RASTER_TRACE
100
AcDbPolyline
 90
4
 70
1
 10
155.75387695312503
 20
120.89165771484375
 10
155.75387695312503
 20
120.78506835937499
 10
156.3934130859375
 20
120.78506835937499
 10
156.3934130859375
 20
120.89165771484375
  0
LWPOLYLINE
  5
2EA
330
17
100
AcDbEntity
  8
RASTER_TRACE
100
AcDbPolyline
 90
4
 70
1
 10
154.36821533203127
 20
120.89165771484375
 10
154.36821533203127
 20
120.78506835937499
 10
155.11434082031252
 20
120.78506835937499
 10
155.11434082031252
 20
120.89165771484375
  0
LWPOLYLINE
  5
2EB
330
17
100
AcDbEntity
  8
RASTER_TRACE
100
AcDbPolyline
 90
4
 70
1
 10
152.9825537109375
 20
120.89165771484375
 10
152.9825537109375
 20
120.78506835937499
 10
153.72867919921876
 20
120.78506835937499
 10
153.72867919921876
 20
120.89165771484375
  0
LWPOLYLINE
  5
2EC
330
17
100
AcDbEntity
  8
RASTER_TRACE
100
AcDbPolyline
 90
4
 70
1
 10
151.59689208984378
 20
120.89165771484375
 10
151.59689208984378
 20
120.78506835937499
 10
152.34301757812503
 20
120.78506835937499
 10
152.34301757812503
 20
120.89165771484375
  0
LWPOLYLINE
  5
2ED
330
17
100
AcDbEntity
  8
RASTER_TRACE
100
AcDbPolyline
 90
4
 70
1
 10
150.21123046875002
 20
120.89165771484375
 10
150.42440917968753
 20
120.78506835937499
 10
150.95735595703127
 20
120.78506835937499
 10
150.95735595703127
 20
120.89165771484375
  0
LWPOLYLINE
  5
2EE
330
17
100
AcDbEntity
  8
RASTER_TRACE
100
AcDbPolyline
 90
5
 70
1
 10
148.82556884765626
 20
120.99824707031249
 10
149.03874755859377
 20
120.99824707031249
 10
149.1453369140625
 20
120.89165771484375
 10
149.67828369140628
 20
120.89165771484375
 10
149.5716943359375
 20
120.99824707031249
  0
LWPOLYLINE
  5
2EF
330
17
100
AcDbEntity
  8
RASTER_TRACE
100
AcDbPolyline
 90
7
 70
1
 10
72.08123291015625
 20
120.99824707031249
 10
71.86805419921876
 20
120.89165771484375
 10
71.65487548828125
 20
120.89165771484375
 10
71.44169677734376
 20
120.78506835937499
 10
71.44169677734376
 20
120.67847900390623
 10
71.5482861328125
 20
120.78506835937499
 10
72.08123291015625
 20
120.89165771484375
  0
LWPOLYLINE
  5
2F0
330
17
100
AcDbEntity
  8
RASTER_TRACE
100
AcDbPolyline
 90
4
 70
1
 10
49.697468261718754
 20
121.10483642578124
 10
49.484289550781256
 20
121.10483642578124
 10
49.05793212890625
 20
120.89165771484375
 10
49.05793212890625
 20
120.78506835937499
  0
LWPOLYLINE
  5
2F1
330
17
100
AcDbEntity
  8
RASTER_TRACE
100
AcDbPolyline
 90
88
 70
1
 10
111.83906250000001
 20
121.21142578125
 10
111.83906250000001
 20
120.1455322265625
 10
111.6258837890625
 20
120.03894287109375
 10
111.83906250000001
 20
119.93235351562498
 10
111.83906250000001
 20
119.50599609374999
 10
111.73247314453127
 20
119.39940673828124
 10
111.41270507812501
 20
119.39940673828124
 10
110.98634765625002
 20
119.18622802734374
 10
110.66657958984376
 20
118.86645996093749
 10
110.45340087890625
 20
118.226923828125
 10
110.34681152343751
 20
118.12033447265624
 10
110.02704345703125
 20
118.12033447265624
 10
110.34681152343751
 20
118.12033447265624
 10
110.45340087890625
 20
118.01374511718748
 10
110.55999023437502
 20
117.48079833984374
 10
110.7731689453125
 20
117.26761962890623
 10
110.7731689453125
 20
117.16103027343749
 10
110.87975830078125
 20
117.16103027343749
 10
111.30611572265624
 20
116.84126220703124
 10
111.6258837890625
 20
116.84126220703124
 10
111.83906250000001
 20
116.62808349609375
 10
111.83906250000001
 20
116.3083154296875
 10
111.73247314453127
 20
116.20172607421874
 10
111.30611572265624
 20
116.20172607421874
 10
111.1995263671875
 20
116.3083154296875
 10
110.7731689453125
 20
116.41490478515624
 10
110.02704345703125
 20
117.16103027343749
 10
109.92045410156251
 20
117.58738769531249
 10
109.92045410156251
 20
117.26761962890623
 10
110.66657958984376
 20
116.41490478515624
 10
111.09293701171876
 20
116.20172607421874
 10
111.73247314453127
 20
116.09513671874998
 10
111.83906250000001
 20
115.98854736328124
 10
111.83906250000001
 20
115.77536865234374
 10
111.73247314453127
 20
115.66877929687499
 10
111.73247314453127
 20
115.02924316406249
 10
111.83906250000001
 20
115.02924316406249
 10
111.83906250000001
 20
116.62808349609375
 10
112.0522412109375
 20
116.84126220703124
 10
112.37200927734375
 20
116.84126220703124
 10
112.90495605468752
 20
117.26761962890623
 10
113.118134765625
 20
117.69397705078124
 10
113.118134765625
 20
118.01374511718748
 10
113.22472412109377
 20
118.12033447265624
 10
113.65108154296877
 20
118.12033447265624
 10
113.75767089843751
 20
118.01374511718748
 10
113.65108154296877
 20
117.80056640625
 10
113.65108154296877
 20
117.48079833984374
 10
113.118134765625
 20
116.7346728515625
 10
113.118134765625
 20
116.62808349609375
 10
113.43790283203126
 20
116.94785156249999
 10
113.75767089843751
 20
117.80056640625
 10
113.86426025390625
 20
117.90715576171874
 10
113.970849609375
 20
117.80056640625
 10
113.970849609375
 20
117.58738769531249
 10
113.970849609375
 20
118.01374511718748
 10
114.07743896484376
 20
118.12033447265624
 10
114.39720703125002
 20
118.12033447265624
 10
114.07743896484376
 20
118.12033447265624
 10
113.970849609375
 20
118.226923828125
 10
113.970849609375
 20
118.75987060546873
 10
113.970849609375
 20
118.33351318359374
 10
113.86426025390625
 20
118.226923828125
 10
113.75767089843751
 20
118.33351318359374
 10
113.75767089843751
 20
118.54669189453125
 10
113.65108154296877
 20
118.65328124999999
 10
113.5444921875
 20
119.07963867187499
 10
113.118134765625
 20
119.50599609374999
 10
113.01154541015626
 20
119.7191748046875
 10
112.37200927734375
 20
120.03894287109375
 10
112.0522412109375
 20
120.03894287109375
 10
112.15883056640627
 20
119.93235351562498
 10
112.47859863281252
 20
119.93235351562498
 10
112.90495605468752
 20
119.7191748046875
 10
113.43790283203126
 20
119.18622802734374
 10
113.5444921875
 20
118.75987060546873
 10
113.65108154296877
 20
118.65328124999999
 10
113.65108154296877
 20
118.4401025390625
 10
113.75767089843751
 20
118.33351318359374
 10
113.65108154296877
 20
118.12033447265624
 10
113.22472412109377
 20
118.12033447265624
 10
113.118134765625
 20
118.226923828125
 10
113.118134765625
 20
118.54669189453125
 10
113.01154541015626
 20
118.75987060546873
 10
112.47859863281252
 20
119.2928173828125
 10
112.26541992187501
 20
119.39940673828124
 10
111.94565185546875
 20
119.39940673828124
 10
111.83906250000001
 20
119.50599609374999
  0
LWPOLYLINE
  5
2F2
330
17
100
AcDbEntity
  8
RASTER_TRACE
100
AcDbPolyline
 90
3
 70
1
 10
147.54649658203127
 20
121.31801513671874
 10
147.54649658203127
 20
121.21142578125
 10
148.29262207031252
 20
121.10483642578124
  0
LWPOLYLINE
  5
2F3
330
17
100
AcDbEntity
  8
RASTER_TRACE
100
AcDbPolyline
 90
4
 70
1
 10
127.29451904296877
 20
121.31801513671874
 10
127.29451904296877
 20
121.21142578125
 10
127.614287109375
 20
120.89165771484375
 10
127.72087646484377
 20
120.89165771484375
  0
LWPOLYLINE
  5
2F4
330
17
100
AcDbEntity
  8
RASTER_TRACE
100
AcDbPolyline
 90
6
 70
1
 10
115.0367431640625
 20
121.31801513671874
 10
114.6103857421875
 20
120.89165771484375
 10
114.50379638671876
 20
120.67847900390623
 10
114.6103857421875
 20
120.67847900390623
 10
114.6103857421875
 20
120.78506835937499
 10
114.93015380859376
 20
121.10483642578124
  0
LWPOLYLINE
  5
2F5
330
17
100
AcDbEntity
  8
RASTER_TRACE
100
AcDbPolyline
 90
4
 70
1
 10
186.66479003906252
 20
121.42460449218748
 10
187.30432617187503
 20
121.10483642578124
 10
187.30432617187503
 20
121.21142578125
 10
186.87796875
 20
121.42460449218748
  0
LWPOLYLINE
  5
2F6
330
17
100
AcDbEntity
  8
RASTER_TRACE
100
AcDbPolyline
 90
62
 70
1
 10
131.87786132812502
 20
121.42460449218748
 10
131.87786132812502
 20
120.35871093749999
 10
131.6646826171875
 20
120.1455322265625
 10
131.13173583984377
 20
120.1455322265625
 10
130.49219970703126
 20
119.82576416015624
 10
129.85266357421875
 20
119.07963867187499
 10
129.74607421875
 20
118.86645996093749
 10
129.74607421875
 20
118.65328124999999
 10
129.63948486328127
 20
118.54669189453125
 10
129.63948486328127
 20
118.226923828125
 10
129.42630615234376
 20
118.01374511718748
 10
128.78677001953125
 20
118.01374511718748
 10
128.57359130859376
 20
118.226923828125
 10
128.57359130859376
 20
118.33351318359374
 10
128.57359130859376
 20
118.12033447265624
 10
128.46700195312502
 20
118.01374511718748
 10
128.2538232421875
 20
118.01374511718748
 10
128.46700195312502
 20
118.01374511718748
 10
128.57359130859376
 20
117.90715576171874
 10
128.57359130859376
 20
117.16103027343749
 10
128.46700195312502
 20
116.94785156249999
 10
128.57359130859376
 20
117.05444091796875
 10
128.57359130859376
 20
117.90715576171874
 10
128.6801806640625
 20
118.01374511718748
 10
129.5328955078125
 20
118.01374511718748
 10
129.63948486328127
 20
117.90715576171874
 10
129.63948486328127
 20
117.374208984375
 10
129.95925292968752
 20
116.7346728515625
 10
130.49219970703126
 20
116.20172607421874
 10
130.91855712890626
 20
115.98854736328124
 10
131.13173583984377
 20
115.98854736328124
 10
131.2383251953125
 20
115.8819580078125
 10
131.77127197265625
 20
115.8819580078125
 10
131.87786132812502
 20
115.77536865234374
 10
131.87786132812502
 20
114.49629638671874
 10
131.87786132812502
 20
115.77536865234374
 10
131.98445068359376
 20
115.8819580078125
 10
132.41080810546876
 20
115.8819580078125
 10
132.5173974609375
 20
115.98854736328124
 10
132.73057617187501
 20
115.98854736328124
 10
133.15693359375
 20
116.3083154296875
 10
133.26352294921875
 20
116.3083154296875
 10
133.68988037109375
 20
116.84126220703124
 10
133.90305908203126
 20
117.26761962890623
 10
133.90305908203126
 20
117.48079833984374
 10
134.0096484375
 20
117.58738769531249
 10
134.0096484375
 20
117.90715576171874
 10
134.11623779296875
 20
118.01374511718748
 10
134.436005859375
 20
118.01374511718748
 10
134.54259521484377
 20
117.90715576171874
 10
136.14143554687502
 20
117.90715576171874
 10
136.24802490234376
 20
118.01374511718748
 10
134.11623779296875
 20
118.01374511718748
 10
134.0096484375
 20
118.12033447265624
 10
134.0096484375
 20
118.4401025390625
 10
133.90305908203126
 20
118.54669189453125
 10
133.90305908203126
 20
118.75987060546873
 10
133.583291015625
 20
119.39940673828124
 10
133.15693359375
 20
119.82576416015624
 10
132.5173974609375
 20
120.1455322265625
 10
132.0910400390625
 20
120.1455322265625
 10
131.87786132812502
 20
120.35871093749999
  0
LWPOLYLINE
  5
2F7
330
17
100
AcDbEntity
  8
RASTER_TRACE
100
AcDbPolyline
 90
55
 70
1
 10
115.78286865234375
 20
119.39940673828124
 10
115.99604736328126
 20
119.82576416015624
 10
116.20922607421875
 20
120.03894287109375
 10
118.0212451171875
 20
120.03894287109375
 10
119.40690673828126
 20
121.21142578125
 10
119.83326416015626
 20
121.42460449218748
 10
121.32551513671876
 20
121.53119384765624
 10
121.4321044921875
 20
121.42460449218748
 10
121.4321044921875
 20
118.75987060546873
 10
121.4321044921875
 20
121.42460449218748
 10
121.53869384765625
 20
121.53119384765624
 10
122.07164062500001
 20
121.53119384765624
 10
122.17822998046876
 20
121.42460449218748
 10
123.03094482421875
 20
121.42460449218748
 10
123.13753417968752
 20
121.31801513671874
 10
123.56389160156252
 20
121.21142578125
 10
123.88365966796877
 20
120.89165771484375
 10
123.99024902343751
 20
120.89165771484375
 10
124.52319580078125
 20
120.35871093749999
 10
124.62978515625002
 20
120.1455322265625
 10
125.05614257812502
 20
119.93235351562498
 10
126.54839355468752
 20
119.93235351562498
 10
126.86816162109375
 20
119.61258544921874
 10
126.97475097656252
 20
119.39940673828124
 10
126.97475097656252
 20
118.12033447265624
 10
126.761572265625
 20
118.01374511718748
 10
126.97475097656252
 20
117.90715576171874
 10
126.97475097656252
 20
116.62808349609375
 10
126.86816162109375
 20
116.41490478515624
 10
126.44180419921875
 20
116.09513671874998
 10
125.16273193359376
 20
116.09513671874998
 10
125.05614257812502
 20
115.98854736328124
 10
124.8429638671875
 20
115.98854736328124
 10
123.99024902343751
 20
115.13583251953125
 10
123.88365966796877
 20
115.13583251953125
 10
123.56389160156252
 20
114.816064453125
 10
123.13753417968752
 20
114.70947509765625
 10
123.03094482421875
 20
114.60288574218748
 10
122.60458740234375
 20
114.60288574218748
 10
122.49799804687501
 20
114.49629638671874
 10
121.53869384765625
 20
114.49629638671874
 10
121.4321044921875
 20
114.60288574218748
 10
121.4321044921875
 20
114.816064453125
 10
121.21892578125002
 20
114.49629638671874
 10
120.792568359375
 20
114.49629638671874
 10
120.68597900390625
 20
114.60288574218748
 10
119.83326416015626
 20
114.60288574218748
 10
119.72667480468752
 20
114.70947509765625
 10
119.51349609375
 20
114.70947509765625
 10
119.19372802734375
 20
115.02924316406249
 10
119.08713867187501
 20
115.02924316406249
 10
118.23442382812502
 20
115.8819580078125
 10
118.0212451171875
 20
115.98854736328124
 10
116.42240478515626
 20
115.98854736328124
 10
115.78286865234375
 20
116.521494140625
  0
LWPOLYLINE
  5
2F8
330
17
100
AcDbEntity
  8
RASTER_TRACE
100
AcDbPolyline
 90
4
 70
1
 10
63.98044189453125
 20
121.42460449218748
 10
63.98044189453125
 20
120.67847900390623
 10
64.08703125
 20
120.67847900390623
 10
64.08703125
 20
121.42460449218748
  0
LWPOLYLINE
  5
2F9
330
17
100
AcDbEntity
  8
RASTER_TRACE
100
AcDbPolyline
 90
4
 70
1
 10
56.838955078125004
 20
121.53119384765624
 10
56.838955078125004
 20
121.42460449218748
 10
57.478491210937506
 20
121.42460449218748
 10
57.478491210937506
 20
121.53119384765624
  0
LWPOLYLINE
  5
2FA
330
17
100
AcDbEntity
  8
RASTER_TRACE
100
AcDbPolyline
 90
2
 70
1
 10
55.45329345703125
 20
121.53119384765624
 10
56.1994189453125
 20
121.53119384765624
  0
LWPOLYLINE
  5
2FB
330
17
100
AcDbEntity
  8
RASTER_TRACE
100
AcDbPolyline
 90
6
 70
1
 10
50.869951171875
 20
121.53119384765624
 10
50.76336181640625
 20
121.42460449218748
 10
50.23041503906251
 20
121.31801513671874
 10
50.23041503906251
 20
121.21142578125
 10
50.337004394531256
 20
121.31801513671874
 10
50.869951171875
 20
121.42460449218748
  0
LWPOLYLINE
  5
2FC
330
17
100
AcDbEntity
  8
RASTER_TRACE
100
AcDbPolyline
 90
2
 70
1
 10
97.5560888671875
 20
121.637783203125
 10
97.5560888671875
 20
120.78506835937499
  0
LWPOLYLINE
  5
2FD
330
17
100
AcDbEntity
  8
RASTER_TRACE
100
AcDbPolyline
 90
6
 70
1
 10
74.10643066406251
 20
121.42460449218748
 10
74.21302001953126
 20
121.53119384765624
 10
74.53278808593751
 20
121.53119384765624
 10
74.745966796875
 20
121.637783203125
 10
74.319609375
 20
121.637783203125
 10
74.10643066406251
 20
121.53119384765624
  0
LWPOLYLINE
  5
2FE
330
17
100
AcDbEntity
  8
RASTER_TRACE
100
AcDbPolyline
 90
5
 70
1
 10
58.7575634765625
 20
121.637783203125
 10
58.437795410156255
 20
121.637783203125
 10
58.331206054687506
 20
121.53119384765624
 10
58.11802734375
 20
121.53119384765624
 10
58.7575634765625
 20
121.53119384765624
  0
LWPOLYLINE
  5
2FF
330
17
100
AcDbEntity
  8
RASTER_TRACE
100
AcDbPolyline
 90
4
 70
1
 10
54.174221191406254
 20
121.637783203125
 10
54.174221191406254
 20
121.53119384765624
 10
54.813757324218756
 20
121.53119384765624
 10
54.813757324218756
 20
121.637783203125
  0
LWPOLYLINE
  5
300
330
17
100
AcDbEntity
  8
RASTER_TRACE
100
AcDbPolyline
 90
5
 70
1
 10
52.7885595703125
 20
121.637783203125
 10
53.214916992187504
 20
121.637783203125
 10
53.32150634765625
 20
121.53119384765624
 10
53.53468505859375
 20
121.53119384765624
 10
53.53468505859375
 20
121.637783203125
  0
LWPOLYLINE
  5
301
330
17
100
AcDbEntity
  8
RASTER_TRACE
100
AcDbPolyline
 90
5
 70
1
 10
51.402897949218755
 20
121.53119384765624
 10
52.149023437500006
 20
121.53119384765624
 10
52.255612792968755
 20
121.637783203125
 10
51.722666015625
 20
121.637783203125
 10
51.61607666015625
 20
121.53119384765624
  0
LWPOLYLINE
  5
302
330
17
100
AcDbEntity
  8
RASTER_TRACE
100
AcDbPolyline
 90
3
 70
1
 10
126.33521484375001
 20
121.74437255859374
 10
126.86816162109375
 20
121.53119384765624
 10
126.54839355468752
 20
121.74437255859374
  0
LWPOLYLINE
  5
303
330
17
100
AcDbEntity
  8
RASTER_TRACE
100
AcDbPolyline
 90
4
 70
1
 10
146.37401367187502
 20
121.8509619140625
 10
146.5871923828125
 20
121.637783203125
 10
146.80037109375002
 20
121.53119384765624
 10
147.01354980468753
 20
121.53119384765624
  0
LWPOLYLINE
  5
304
330
17
100
AcDbEntity
  8
RASTER_TRACE
100
AcDbPolyline
 90
4
 70
1
 10
144.34881591796878
 20
121.8509619140625
 10
144.34881591796878
 20
121.21142578125
 10
144.45540527343752
 20
121.10483642578124
 10
144.45540527343752
 20
121.8509619140625
  0
LWPOLYLINE
  5
305
330
17
100
AcDbEntity
  8
RASTER_TRACE
100
AcDbPolyline
 90
8
 70
1
 10
60.03663574218751
 20
121.8509619140625
 10
59.82345703125
 20
121.8509619140625
 10
59.71686767578125
 20
121.74437255859374
 10
59.397099609375005
 20
121.74437255859374
 10
59.290510253906255
 20
121.637783203125
 10
59.503688964843754
 20
121.637783203125
 10
59.6102783203125
 20
121.74437255859374
 10
59.93004638671876
 20
121.74437255859374
  0
LWPOLYLINE
  5
306
330
17
100
AcDbEntity
  8
RASTER_TRACE
100
AcDbPolyline
 90
4
 70
1
 10
224.61060058593753
 20
121.95755126953125
 10
224.61060058593753
 20
120.89165771484375
 10
224.71718994140628
 20
120.78506835937499
 10
224.71718994140628
 20
121.95755126953125
  0
LWPOLYLINE
  5
307
330
17
100
AcDbEntity
  8
RASTER_TRACE
100
AcDbPolyline
 90
3
 70
1
 10
185.49230712890628
 20
121.95755126953125
 10
186.13184326171876
 20
121.637783203125
 10
186.13184326171876
 20
121.74437255859374
  0
LWPOLYLINE
  5
308
330
17
100
AcDbEntity
  8
RASTER_TRACE
100
AcDbPolyline
 90
3
 70
1
 10
76.02503906250001
 20
121.95755126953125
 10
75.70527099609376
 20
121.95755126953125
 10
75.27891357421876
 20
121.74437255859374
  0
LWPOLYLINE
  5
309
330
17
100
AcDbEntity
  8
RASTER_TRACE
100
AcDbPolyline
 90
4
 70
1
 10
224.93036865234376
 20
122.064140625
 10
224.93036865234376
 20
121.21142578125
 10
225.03695800781253
 20
121.21142578125
 10
225.03695800781253
 20
122.064140625
  0
LWPOLYLINE
  5
30A
330
17
100
AcDbEntity
  8
RASTER_TRACE
100
AcDbPolyline
 90
19
 70
1
 10
121.4321044921875
 20
122.064140625
 10
121.53869384765625
 20
122.17072998046874
 10
122.49799804687501
 20
122.17072998046874
 10
122.60458740234375
 20
122.064140625
 10
123.24412353515626
 20
122.064140625
 10
124.09683837890626
 20
121.637783203125
 10
124.94955322265625
 20
120.78506835937499
 10
124.8429638671875
 20
120.57188964843749
 10
124.62978515625002
 20
120.46530029296875
 10
123.88365966796877
 20
121.21142578125
 10
123.7770703125
 20
121.21142578125
 10
123.56389160156252
 20
121.42460449218748
 10
123.56389160156252
 20
121.637783203125
 10
123.45730224609375
 20
121.42460449218748
 10
123.24412353515626
 20
121.53119384765624
 10
122.92435546875001
 20
121.53119384765624
 10
122.81776611328127
 20
121.637783203125
 10
121.53869384765625
 20
121.637783203125
 10
121.4321044921875
 20
121.74437255859374
  0
LWPOLYLINE
  5
30B
330
17
100
AcDbEntity
  8
RASTER_TRACE
100
AcDbPolyline
 90
35
 70
1
 10
121.4321044921875
 20
122.064140625
 10
121.4321044921875
 20
121.8509619140625
 10
121.21892578125002
 20
121.637783203125
 10
120.04644287109375
 20
121.637783203125
 10
119.939853515625
 20
121.53119384765624
 10
119.62008544921875
 20
121.53119384765624
 10
119.3003173828125
 20
121.31801513671874
 10
119.08713867187501
 20
121.42460449218748
 10
119.19372802734375
 20
121.31801513671874
 10
118.34101318359376
 20
120.46530029296875
 10
118.23442382812502
 20
120.46530029296875
 10
118.12783447265625
 20
120.67847900390623
 10
118.23442382812502
 20
120.46530029296875
 10
117.91465576171876
 20
120.25212158203124
 10
116.31581542968752
 20
120.25212158203124
 10
116.10263671875
 20
120.1455322265625
 10
115.78286865234375
 20
119.82576416015624
 10
115.67627929687501
 20
119.93235351562498
 10
115.67627929687501
 20
120.25212158203124
 10
115.88945800781252
 20
120.46530029296875
 10
116.10263671875
 20
120.57188964843749
 10
116.42240478515626
 20
120.57188964843749
 10
116.528994140625
 20
120.67847900390623
 10
117.70147705078125
 20
120.67847900390623
 10
117.91465576171876
 20
120.78506835937499
 10
118.23442382812502
 20
121.10483642578124
 10
118.34101318359376
 20
121.10483642578124
 10
118.8739599609375
 20
121.637783203125
 10
119.19372802734375
 20
121.74437255859374
 10
119.40690673828126
 20
121.95755126953125
 10
119.62008544921875
 20
121.95755126953125
 10
119.72667480468752
 20
122.064140625
 10
120.15303222656252
 20
122.064140625
 10
120.25962158203126
 20
122.17072998046874
 10
121.32551513671876
 20
122.17072998046874
  0
LWPOLYLINE
  5
30C
330
17
100
AcDbEntity
  8
RASTER_TRACE
100
AcDbPolyline
 90
12
 70
1
 10
115.35651123046875
 20
121.53119384765624
 10
115.4631005859375
 20
121.637783203125
 10
115.67627929687501
 20
121.53119384765624
 10
115.67627929687501
 20
121.637783203125
 10
115.88945800781252
 20
121.8509619140625
 10
116.10263671875
 20
121.8509619140625
 10
116.31581542968752
 20
121.95755126953125
 10
116.31581542968752
 20
122.064140625
 10
115.88945800781252
 20
121.8509619140625
 10
115.78286865234375
 20
121.8509619140625
 10
115.67627929687501
 20
122.064140625
 10
115.67627929687501
 20
121.8509619140625
  0
LWPOLYLINE
  5
30D
330
17
100
AcDbEntity
  8
RASTER_TRACE
100
AcDbPolyline
 90
2
 70
1
 10
125.2693212890625
 20
122.27731933593749
 10
125.90885742187501
 20
121.95755126953125
  0
LWPOLYLINE
  5
30E
330
17
100
AcDbEntity
  8
RASTER_TRACE
100
AcDbPolyline
 90
7
 70
1
 10
117.48829833984377
 20
122.27731933593749
 10
117.16853027343751
 20
122.27731933593749
 10
117.06194091796877
 20
122.17072998046874
 10
116.84876220703126
 20
122.17072998046874
 10
116.84876220703126
 20
122.064140625
 10
116.9553515625
 20
122.17072998046874
 10
117.27511962890625
 20
122.17072998046874
  0
LWPOLYLINE
  5
30F
330
17
100
AcDbEntity
  8
RASTER_TRACE
100
AcDbPolyline
 90
7
 70
1
 10
77.19752197265626
 20
122.27731933593749
 10
76.98434326171875
 20
122.17072998046874
 10
76.66457519531251
 20
122.17072998046874
 10
76.55798583984375
 20
122.064140625
 10
76.77116455078126
 20
122.064140625
 10
76.87775390625
 20
122.17072998046874
 10
77.19752197265626
 20
122.17072998046874
  0
LWPOLYLINE
  5
310
330
17
100
AcDbEntity
  8
RASTER_TRACE
100
AcDbPolyline
 90
8
 70
1
 10
73.36030517578126
 20
122.27731933593749
 10
73.25371582031251
 20
122.27731933593749
 10
73.25371582031251
 20
121.42460449218748
 10
73.04053710937501
 20
121.21142578125
 10
72.8273583984375
 20
121.21142578125
 10
72.61417968750001
 20
121.10483642578124
 10
73.57348388671875
 20
121.31801513671874
 10
73.36030517578126
 20
121.42460449218748
  0
LWPOLYLINE
  5
311
330
17
100
AcDbEntity
  8
RASTER_TRACE
100
AcDbPolyline
 90
6
 70
1
 10
61.209118652343754
 20
122.27731933593749
 10
60.78276123046875
 20
122.064140625
 10
60.56958251953125
 20
122.064140625
 10
60.4629931640625
 20
121.95755126953125
 10
60.995939941406256
 20
122.064140625
 10
61.209118652343754
 20
122.17072998046874
  0
LWPOLYLINE
  5
312
330
17
100
AcDbEntity
  8
RASTER_TRACE
100
AcDbPolyline
 90
6
 70
1
 10
184.10664550781252
 20
122.38390869140625
 10
184.21323486328126
 20
122.27731933593749
 10
184.5330029296875
 20
122.27731933593749
 10
184.63959228515628
 20
122.17072998046874
 10
184.85277099609377
 20
122.17072998046874
 10
184.42641357421877
 20
122.38390869140625
  0
LWPOLYLINE
  5
313
330
17
100
AcDbEntity
  8
RASTER_TRACE
100
AcDbPolyline
 90
7
 70
1
 10
78.47659423828125
 20
122.59708740234373
 10
78.26341552734375
 20
122.49049804687499
 10
77.94364746093751
 20
122.49049804687499
 10
77.83705810546876
 20
122.38390869140625
 10
78.156826171875
 20
122.38390869140625
 10
78.26341552734375
 20
122.49049804687499
 10
78.47659423828125
 20
122.49049804687499
  0
LWPOLYLINE
  5
314
330
17
100
AcDbEntity
  8
RASTER_TRACE
100
AcDbPolyline
 90
7
 70
1
 10
182.82757324218753
 20
122.7036767578125
 10
182.82757324218753
 20
122.59708740234373
 10
183.25393066406252
 20
122.59708740234373
 10
183.36052001953126
 20
122.49049804687499
 10
183.57369873046878
 20
122.49049804687499
 10
183.467109375
 20
122.59708740234373
 10
183.040751953125
 20
122.59708740234373
  0
LWPOLYLINE
  5
315
330
17
100
AcDbEntity
  8
RASTER_TRACE
100
AcDbPolyline
 90
3
 70
1
 10
124.203427734375
 20
122.7036767578125
 10
124.8429638671875
 20
122.38390869140625
 10
124.8429638671875
 20
122.49049804687499
  0
LWPOLYLINE
  5
316
330
17
100
AcDbEntity
  8
RASTER_TRACE
100
AcDbPolyline
 90
6
 70
1
 10
118.8739599609375
 20
122.81026611328124
 10
118.76737060546876
 20
122.7036767578125
 10
118.55419189453127
 20
122.7036767578125
 10
117.91465576171876
 20
122.38390869140625
 10
118.12783447265625
 20
122.49049804687499
 10
118.34101318359376
 20
122.49049804687499
  0
LWPOLYLINE
  5
317
330
17
100
AcDbEntity
  8
RASTER_TRACE
100
AcDbPolyline
 90
6
 70
1
 10
79.009541015625
 20
122.7036767578125
 10
79.11613037109376
 20
122.59708740234373
 10
79.2227197265625
 20
122.7036767578125
 10
79.75566650390626
 20
122.81026611328124
 10
79.32930908203126
 20
122.81026611328124
 10
79.2227197265625
 20
122.7036767578125
  0
LWPOLYLINE
  5
318
330
17
100
AcDbEntity
  8
RASTER_TRACE
100
AcDbPolyline
 90
4
 70
1
 10
63.98044189453125
 20
122.81026611328124
 10
63.98044189453125
 20
121.95755126953125
 10
64.08703125
 20
121.95755126953125
 10
64.08703125
 20
122.81026611328124
  0
LWPOLYLINE
  5
319
330
17
100
AcDbEntity
  8
RASTER_TRACE
100
AcDbPolyline
 90
6
 70
1
 10
181.44191162109377
 20
122.91685546874999
 10
181.44191162109377
 20
122.81026611328124
 10
181.97485839843753
 20
122.81026611328124
 10
182.18803710937502
 20
122.7036767578125
 10
182.18803710937502
 20
122.81026611328124
 10
181.65509033203128
 20
122.81026611328124
  0
LWPOLYLINE
  5
31A
330
17
100
AcDbEntity
  8
RASTER_TRACE
100
AcDbPolyline
 90
6
 70
1
 10
62.3816015625
 20
122.91685546874999
 10
61.955244140625005
 20
122.7036767578125
 10
61.74206542968751
 20
122.49049804687499
 10
62.061833496093755
 20
122.59708740234373
 10
62.27501220703125
 20
122.81026611328124
 10
62.3816015625
 20
122.81026611328124
  0
LWPOLYLINE
  5
31B
330
17
100
AcDbEntity
  8
RASTER_TRACE
100
AcDbPolyline
 90
5
 70
1
 10
180.05625
 20
123.02344482421874
 10
180.26942871093752
 20
123.02344482421874
 10
180.37601806640626
 20
122.91685546874999
 10
180.90896484375003
 20
122.91685546874999
 10
180.69578613281251
 20
123.02344482421874
  0
LWPOLYLINE
  5
31C
330
17
100
AcDbEntity
  8
RASTER_TRACE
100
AcDbPolyline
 90
7
 70
1
 10
123.03094482421875
 20
123.1300341796875
 10
123.03094482421875
 20
123.02344482421874
 10
123.350712890625
 20
123.02344482421874
 10
123.45730224609375
 20
122.91685546874999
 10
123.67048095703126
 20
122.91685546874999
 10
123.45730224609375
 20
123.02344482421874
 10
123.13753417968752
 20
123.02344482421874
  0
LWPOLYLINE
  5
31D
330
17
100
AcDbEntity
  8
RASTER_TRACE
100
AcDbPolyline
 90
7
 70
1
 10
120.04644287109375
 20
123.1300341796875
 10
119.83326416015626
 20
123.1300341796875
 10
119.72667480468752
 20
123.02344482421874
 10
119.40690673828126
 20
123.02344482421874
 10
119.3003173828125
 20
122.91685546874999
 10
119.51349609375
 20
123.02344482421874
 10
119.939853515625
 20
123.02344482421874
  0
LWPOLYLINE
  5
31E
330
17
100
AcDbEntity
  8
RASTER_TRACE
100
AcDbPolyline
 90
2
 70
1
 10
97.5560888671875
 20
123.1300341796875
 10
97.5560888671875
 20
122.27731933593749
  0
LWPOLYLINE
  5
31F
330
17
100
AcDbEntity
  8
RASTER_TRACE
100
AcDbPolyline
 90
3
 70
1
 10
81.03473876953126
 20
123.1300341796875
 10
80.28861328125001
 20
123.02344482421874
 10
80.28861328125001
 20
122.91685546874999
  0
LWPOLYLINE
  5
320
330
17
100
AcDbEntity
  8
RASTER_TRACE
100
AcDbPolyline
 90
6
 70
1
 10
178.77717773437502
 20
123.23662353515624
 10
178.77717773437502
 20
123.1300341796875
 10
179.31012451171878
 20
123.1300341796875
 10
179.41671386718753
 20
123.02344482421874
 10
179.52330322265627
 20
123.1300341796875
 10
178.99035644531253
 20
123.1300341796875
  0
LWPOLYLINE
  5
321
330
17
100
AcDbEntity
  8
RASTER_TRACE
100
AcDbPolyline
 90
6
 70
1
 10
146.05424560546876
 20
123.23662353515624
 10
145.94765625000002
 20
123.1300341796875
 10
145.94765625000002
 20
122.49049804687499
 10
146.05424560546876
 20
122.49049804687499
 10
145.94765625000002
 20
122.59708740234373
 10
145.94765625000002
 20
123.02344482421874
  0
LWPOLYLINE
  5
322
330
17
100
AcDbEntity
  8
RASTER_TRACE
100
AcDbPolyline
 90
4
 70
1
 10
144.34881591796878
 20
123.23662353515624
 10
144.34881591796878
 20
122.59708740234373
 10
144.45540527343752
 20
122.49049804687499
 10
144.45540527343752
 20
123.23662353515624
  0
LWPOLYLINE
  5
323
330
17
100
AcDbEntity
  8
RASTER_TRACE
100
AcDbPolyline
 90
6
 70
1
 10
121.64528320312502
 20
123.23662353515624
 10
121.96505126953127
 20
123.23662353515624
 10
122.07164062500001
 20
123.1300341796875
 10
122.60458740234375
 20
123.1300341796875
 10
122.39140869140627
 20
123.1300341796875
 10
122.2848193359375
 20
123.23662353515624
  0
LWPOLYLINE
  5
324
330
17
100
AcDbEntity
  8
RASTER_TRACE
100
AcDbPolyline
 90
4
 70
1
 10
68.77696289062501
 20
123.23662353515624
 10
68.88355224609376
 20
123.1300341796875
 10
69.52308837890625
 20
123.1300341796875
 10
69.52308837890625
 20
123.23662353515624
  0
LWPOLYLINE
  5
325
330
17
100
AcDbEntity
  8
RASTER_TRACE
100
AcDbPolyline
 90
87
 70
1
 10
220.98656250000002
 20
123.44980224609374
 10
221.09315185546876
 20
123.34321289062498
 10
221.09315185546876
 20
122.7036767578125
 10
221.19974121093753
 20
122.7036767578125
 10
221.19974121093753
 20
122.91685546874999
 10
221.30633056640627
 20
123.02344482421874
 10
221.5195092773438
 20
123.02344482421874
 10
221.62609863281253
 20
122.91685546874999
 10
221.62609863281253
 20
120.99824707031249
 10
221.62609863281253
 20
121.8509619140625
 10
221.73268798828127
 20
121.95755126953125
 10
221.83927734375
 20
121.8509619140625
 10
221.83927734375
 20
121.10483642578124
 10
221.94586669921878
 20
120.99824707031249
 10
222.15904541015627
 20
119.82576416015624
 10
222.47881347656252
 20
119.18622802734374
 10
222.47881347656252
 20
118.97304931640625
 10
222.79858154296878
 20
118.4401025390625
 10
222.79858154296878
 20
118.33351318359374
 10
222.58540283203126
 20
118.226923828125
 10
222.58540283203126
 20
118.12033447265624
 10
222.69199218750003
 20
118.226923828125
 10
223.01176025390626
 20
118.01374511718748
 10
223.43811767578129
 20
117.05444091796875
 10
223.86447509765628
 20
116.521494140625
 10
224.39742187500002
 20
115.24242187499999
 10
224.50401123046876
 20
114.38970703125
 10
224.39742187500002
 20
114.28311767578124
 10
223.97106445312502
 20
114.38970703125
 10
224.39742187500002
 20
114.17652832031249
 10
224.29083251953128
 20
113.85676025390624
 10
224.50401123046876
 20
113.75017089843749
 10
224.50401123046876
 20
113.43040283203123
 10
224.61060058593753
 20
113.32381347656249
 10
224.39742187500002
 20
113.00404541015624
 10
224.29083251953128
 20
113.110634765625
 10
224.18424316406254
 20
113.00404541015624
 10
224.07765380859377
 20
113.110634765625
 10
224.07765380859377
 20
113.64358154296875
 10
223.65129638671877
 20
114.49629638671874
 10
223.65129638671877
 20
114.60288574218748
 10
223.7578857421875
 20
114.70947509765625
 10
223.86447509765628
 20
114.60288574218748
 10
223.86447509765628
 20
114.70947509765625
 10
223.54470703125003
 20
115.13583251953125
 10
223.54470703125003
 20
115.34901123046873
 10
223.33152832031251
 20
115.56218994140625
 10
223.11834960937503
 20
116.09513671874998
 10
222.90517089843752
 20
116.3083154296875
 10
222.79858154296878
 20
116.7346728515625
 10
222.58540283203126
 20
116.84126220703124
 10
222.58540283203126
 20
117.05444091796875
 10
222.47881347656252
 20
117.16103027343749
 10
222.47881347656252
 20
117.69397705078124
 10
222.37222412109378
 20
117.80056640625
 10
222.265634765625
 20
118.226923828125
 10
221.94586669921878
 20
118.226923828125
 10
221.73268798828127
 20
118.4401025390625
 10
221.5195092773438
 20
118.86645996093749
 10
221.5195092773438
 20
119.07963867187499
 10
221.30633056640627
 20
119.39940673828124
 10
221.30633056640627
 20
119.61258544921874
 10
221.09315185546876
 20
120.03894287109375
 10
220.98656250000002
 20
120.78506835937499
 10
220.87997314453128
 20
120.89165771484375
 10
220.98656250000002
 20
120.67847900390623
 10
220.98656250000002
 20
120.35871093749999
 10
221.09315185546876
 20
120.25212158203124
 10
221.09315185546876
 20
119.93235351562498
 10
221.30633056640627
 20
119.50599609374999
 10
221.30633056640627
 20
119.18622802734374
 10
221.5195092773438
 20
118.97304931640625
 10
221.5195092773438
 20
118.75987060546873
 10
221.73268798828127
 20
118.33351318359374
 10
221.62609863281253
 20
118.226923828125
 10
221.30633056640627
 20
118.226923828125
 10
221.19974121093753
 20
118.33351318359374
 10
221.19974121093753
 20
118.86645996093749
 10
221.19974121093753
 20
118.33351318359374
 10
221.09315185546876
 20
118.226923828125
 10
220.77338378906254
 20
118.226923828125
 10
220.66679443359376
 20
118.33351318359374
 10
220.66679443359376
 20
122.38390869140625
 10
220.77338378906254
 20
122.49049804687499
 10
220.87997314453128
 20
122.38390869140625
 10
220.87997314453128
 20
121.42460449218748
 10
220.87997314453128
 20
123.34321289062498
  0
LWPOLYLINE
  5
326
330
17
100
AcDbEntity
  8
RASTER_TRACE
100
AcDbPolyline
 90
3
 70
1
 10
177.39151611328126
 20
123.34321289062498
 10
177.39151611328126
 20
123.23662353515624
 10
178.1376416015625
 20
123.23662353515624
  0
LWPOLYLINE
  5
327
330
17
100
AcDbEntity
  8
RASTER_TRACE
100
AcDbPolyline
 90
5
 70
1
 10
70.90875
 20
123.34321289062498
 10
70.69557128906251
 20
123.34321289062498
 10
70.58898193359376
 20
123.23662353515624
 10
70.05603515625
 20
123.23662353515624
 10
70.90875
 20
123.23662353515624
  0
LWPOLYLINE
  5
328
330
17
100
AcDbEntity
  8
RASTER_TRACE
100
AcDbPolyline
 90
5
 70
1
 10
67.497890625
 20
123.34321289062498
 10
67.60447998046875
 20
123.23662353515624
 10
68.35060546875
 20
123.23662353515624
 10
67.81765869140625
 20
123.23662353515624
 10
67.71106933593751
 20
123.34321289062498
  0
LWPOLYLINE
  5
329
330
17
100
AcDbEntity
  8
RASTER_TRACE
100
AcDbPolyline
 90
5
 70
1
 10
176.00585449218752
 20
123.44980224609374
 10
176.00585449218752
 20
123.34321289062498
 10
176.75197998046878
 20
123.34321289062498
 10
176.32562255859378
 20
123.34321289062498
 10
176.219033203125
 20
123.44980224609374
  0
LWPOLYLINE
  5
32A
330
17
100
AcDbEntity
  8
RASTER_TRACE
100
AcDbPolyline
 90
6
 70
1
 10
82.2072216796875
 20
123.44980224609374
 10
81.99404296875
 20
123.34321289062498
 10
81.567685546875
 20
123.34321289062498
 10
81.567685546875
 20
123.23662353515624
 10
81.78086425781251
 20
123.34321289062498
 10
82.2072216796875
 20
123.34321289062498
  0
LWPOLYLINE
  5
32B
330
17
100
AcDbEntity
  8
RASTER_TRACE
100
AcDbPolyline
 90
2
 70
1
 10
73.25371582031251
 20
123.44980224609374
 10
73.25371582031251
 20
122.7036767578125
  0
LWPOLYLINE
  5
32C
330
17
100
AcDbEntity
  8
RASTER_TRACE
100
AcDbPolyline
 90
3
 70
1
 10
71.44169677734376
 20
123.34321289062498
 10
72.187822265625
 20
123.44980224609374
 10
71.65487548828125
 20
123.44980224609374
  0
LWPOLYLINE
  5
32D
330
17
100
AcDbEntity
  8
RASTER_TRACE
100
AcDbPolyline
 90
6
 70
1
 10
174.62019287109376
 20
123.5563916015625
 10
174.62019287109376
 20
123.44980224609374
 10
175.25972900390627
 20
123.44980224609374
 10
175.36631835937501
 20
123.34321289062498
 10
175.36631835937501
 20
123.44980224609374
 10
174.83337158203128
 20
123.44980224609374
  0
LWPOLYLINE
  5
32E
330
17
100
AcDbEntity
  8
RASTER_TRACE
100
AcDbPolyline
 90
5
 70
1
 10
173.23453125000003
 20
123.5563916015625
 10
173.66088867187503
 20
123.5563916015625
 10
173.76747802734377
 20
123.44980224609374
 10
173.98065673828128
 20
123.44980224609374
 10
174.08724609375003
 20
123.5563916015625
  0
LWPOLYLINE
  5
32F
330
17
100
AcDbEntity
  8
RASTER_TRACE
100
AcDbPolyline
 90
3
 70
1
 10
66.218818359375
 20
123.5563916015625
 10
66.96494384765626
 20
123.34321289062498
 10
66.96494384765626
 20
123.44980224609374
  0
LWPOLYLINE
  5
330
330
17
100
AcDbEntity
  8
RASTER_TRACE
100
AcDbPolyline
 90
4
 70
1
 10
63.34090576171875
 20
123.5563916015625
 10
62.914548339843755
 20
123.34321289062498
 10
62.807958984375006
 20
123.1300341796875
 10
63.021137695312504
 20
123.23662353515624
  0
LWPOLYLINE
  5
331
330
17
100
AcDbEntity
  8
RASTER_TRACE
100
AcDbPolyline
 90
4
 70
1
 10
171.84886962890627
 20
123.66298095703124
 10
171.955458984375
 20
123.5563916015625
 10
172.70158447265626
 20
123.5563916015625
 10
172.59499511718752
 20
123.66298095703124
  0
LWPOLYLINE
  5
332
330
17
100
AcDbEntity
  8
RASTER_TRACE
100
AcDbPolyline
 90
2
 70
1
 10
149.9980517578125
 20
123.66298095703124
 10
150.85076660156253
 20
123.66298095703124
  0
LWPOLYLINE
  5
333
330
17
100
AcDbEntity
  8
RASTER_TRACE
100
AcDbPolyline
 90
6
 70
1
 10
82.74016845703125
 20
123.5563916015625
 10
83.16652587890624
 20
123.5563916015625
 10
83.27311523437501
 20
123.66298095703124
 10
83.4862939453125
 20
123.66298095703124
 10
83.0599365234375
 20
123.66298095703124
 10
82.95334716796876
 20
123.5563916015625
  0
LWPOLYLINE
  5
334
330
17
100
AcDbEntity
  8
RASTER_TRACE
100
AcDbPolyline
 90
5
 70
1
 10
170.4632080078125
 20
123.66298095703124
 10
171.31592285156253
 20
123.66298095703124
 10
170.8895654296875
 20
123.66298095703124
 10
170.78297607421877
 20
123.7695703125
 10
170.56979736328128
 20
123.7695703125
  0
LWPOLYLINE
  5
335
330
17
100
AcDbEntity
  8
RASTER_TRACE
100
AcDbPolyline
 90
4
 70
1
 10
169.07754638671878
 20
123.7695703125
 10
169.61049316406252
 20
123.7695703125
 10
169.71708251953126
 20
123.66298095703124
 10
169.93026123046877
 20
123.7695703125
  0
LWPOLYLINE
  5
336
330
17
100
AcDbEntity
  8
RASTER_TRACE
100
AcDbPolyline
 90
4
 70
1
 10
152.87596435546877
 20
123.66298095703124
 10
153.72867919921876
 20
123.66298095703124
 10
153.72867919921876
 20
123.7695703125
 10
152.9825537109375
 20
123.7695703125
  0
LWPOLYLINE
  5
337
330
17
100
AcDbEntity
  8
RASTER_TRACE
100
AcDbPolyline
 90
4
 70
1
 10
152.34301757812503
 20
123.66298095703124
 10
152.23642822265626
 20
123.7695703125
 10
152.12983886718752
 20
123.66298095703124
 10
151.38371337890626
 20
123.66298095703124
  0
LWPOLYLINE
  5
338
330
17
100
AcDbEntity
  8
RASTER_TRACE
100
AcDbPolyline
 90
4
 70
1
 10
167.69188476562502
 20
123.87615966796875
 10
167.69188476562502
 20
123.7695703125
 10
168.544599609375
 20
123.7695703125
 10
167.90506347656253
 20
123.7695703125
  0
LWPOLYLINE
  5
339
330
17
100
AcDbEntity
  8
RASTER_TRACE
100
AcDbPolyline
 90
4
 70
1
 10
166.30622314453126
 20
123.87615966796875
 10
166.30622314453126
 20
123.7695703125
 10
167.15893798828128
 20
123.7695703125
 10
167.15893798828128
 20
123.87615966796875
  0
LWPOLYLINE
  5
33A
330
17
100
AcDbEntity
  8
RASTER_TRACE
100
AcDbPolyline
 90
6
 70
1
 10
165.02715087890627
 20
123.7695703125
 10
165.133740234375
 20
123.87615966796875
 10
165.24032958984378
 20
123.7695703125
 10
165.66668701171878
 20
123.7695703125
 10
165.77327636718752
 20
123.87615966796875
 10
165.02715087890627
 20
123.87615966796875
  0
LWPOLYLINE
  5
33B
330
17
100
AcDbEntity
  8
RASTER_TRACE
100
AcDbPolyline
 90
2
 70
1
 10
163.6414892578125
 20
123.87615966796875
 10
164.38761474609376
 20
123.87615966796875
  0
LWPOLYLINE
  5
33C
330
17
100
AcDbEntity
  8
RASTER_TRACE
100
AcDbPolyline
 90
2
 70
1
 10
162.36241699218752
 20
123.87615966796875
 10
163.10854248046877
 20
123.87615966796875
  0
LWPOLYLINE
  5
33D
330
17
100
AcDbEntity
  8
RASTER_TRACE
100
AcDbPolyline
 90
2
 70
1
 10
160.97675537109376
 20
123.87615966796875
 10
161.722880859375
 20
123.87615966796875
  0
LWPOLYLINE
  5
33E
330
17
100
AcDbEntity
  8
RASTER_TRACE
100
AcDbPolyline
 90
4
 70
1
 10
155.75387695312503
 20
123.7695703125
 10
155.9670556640625
 20
123.87615966796875
 10
156.3934130859375
 20
123.87615966796875
 10
155.75387695312503
 20
123.87615966796875
  0
LWPOLYLINE
  5
33F
330
17
100
AcDbEntity
  8
RASTER_TRACE
100
AcDbPolyline
 90
5
 70
1
 10
155.22093017578126
 20
123.87615966796875
 10
155.00775146484378
 20
123.87615966796875
 10
154.901162109375
 20
123.7695703125
 10
154.36821533203127
 20
123.7695703125
 10
155.22093017578126
 20
123.7695703125
  0
LWPOLYLINE
  5
340
330
17
100
AcDbEntity
  8
RASTER_TRACE
100
AcDbPolyline
 90
4
 70
1
 10
159.69768310546877
 20
123.98274902343749
 10
159.69768310546877
 20
123.87615966796875
 10
160.44380859375002
 20
123.87615966796875
 10
159.8042724609375
 20
123.87615966796875
  0
LWPOLYLINE
  5
341
330
17
100
AcDbEntity
  8
RASTER_TRACE
100
AcDbPolyline
 90
4
 70
1
 10
158.312021484375
 20
123.98274902343749
 10
158.312021484375
 20
123.87615966796875
 10
159.05814697265626
 20
123.87615966796875
 10
159.05814697265626
 20
123.98274902343749
  0
LWPOLYLINE
  5
342
330
17
100
AcDbEntity
  8
RASTER_TRACE
100
AcDbPolyline
 90
5
 70
1
 10
84.76536621093751
 20
123.98274902343749
 10
84.5521875
 20
123.87615966796875
 10
84.125830078125
 20
123.87615966796875
 10
84.01924072265626
 20
123.7695703125
 10
84.76536621093751
 20
123.87615966796875
  0
LWPOLYLINE
  5
343
330
17
100
AcDbEntity
  8
RASTER_TRACE
100
AcDbPolyline
 90
8
 70
1
 10
64.93974609375
 20
123.98274902343749
 10
65.25951416015626
 20
123.7695703125
 10
65.47269287109376
 20
123.7695703125
 10
65.68587158203125
 20
123.66298095703124
 10
65.68587158203125
 20
123.7695703125
 10
65.47269287109376
 20
123.7695703125
 10
65.36610351562501
 20
123.87615966796875
 10
65.1529248046875
 20
123.87615966796875
  0
LWPOLYLINE
  5
344
330
17
100
AcDbEntity
  8
RASTER_TRACE
100
AcDbPolyline
 90
5
 70
1
 10
74.85255615234375
 20
124.08933837890623
 10
74.63937744140625
 20
124.08933837890623
 10
74.53278808593751
 20
123.98274902343749
 10
74.21302001953126
 20
123.98274902343749
 10
74.10643066406251
 20
123.87615966796875
  0
LWPOLYLINE
  5
345
330
17
100
AcDbEntity
  8
RASTER_TRACE
100
AcDbPolyline
 90
7
 70
1
 10
85.93784912109376
 20
124.19592773437499
 10
85.83125976562499
 20
124.08933837890623
 10
85.29831298828125
 20
124.08933837890623
 10
85.29831298828125
 20
123.98274902343749
 10
85.51149169921877
 20
123.98274902343749
 10
85.61808105468751
 20
124.08933837890623
 10
85.93784912109376
 20
124.08933837890623
  0
LWPOLYLINE
  5
346
330
17
100
AcDbEntity
  8
RASTER_TRACE
100
AcDbPolyline
 90
9
 70
1
 10
224.50401123046876
 20
124.40910644531249
 10
224.82377929687502
 20
124.40910644531249
 10
224.93036865234376
 20
124.30251708984375
 10
224.93036865234376
 20
123.5563916015625
 10
224.71718994140628
 20
123.23662353515624
 10
224.50401123046876
 20
123.34321289062498
 10
224.50401123046876
 20
123.5563916015625
 10
224.39742187500002
 20
123.66298095703124
 10
224.39742187500002
 20
124.30251708984375
  0
LWPOLYLINE
  5
347
330
17
100
AcDbEntity
  8
RASTER_TRACE
100
AcDbPolyline
 90
11
 70
1
 10
149.5716943359375
 20
124.30251708984375
 10
149.25192626953128
 20
123.87615966796875
 10
149.46510498046877
 20
123.66298095703124
 10
149.78487304687502
 20
123.66298095703124
 10
149.5716943359375
 20
123.7695703125
 10
149.9980517578125
 20
124.19592773437499
 10
149.89146240234376
 20
124.19592773437499
 10
149.5716943359375
 20
123.87615966796875
 10
149.46510498046877
 20
123.98274902343749
 10
149.46510498046877
 20
124.08933837890623
 10
149.67828369140628
 20
124.30251708984375
  0
LWPOLYLINE
  5
348
330
17
100
AcDbEntity
  8
RASTER_TRACE
100
AcDbPolyline
 90
6
 70
1
 10
146.80037109375002
 20
124.30251708984375
 10
146.69378173828127
 20
124.30251708984375
 10
146.26742431640628
 20
123.87615966796875
 10
146.26742431640628
 20
123.7695703125
 10
146.37401367187502
 20
123.7695703125
 10
146.37401367187502
 20
123.87615966796875
  0
LWPOLYLINE
  5
349
330
17
100
AcDbEntity
  8
RASTER_TRACE
100
AcDbPolyline
 90
5
 70
1
 10
75.3855029296875
 20
124.19592773437499
 10
75.70527099609376
 20
124.19592773437499
 10
75.8118603515625
 20
124.30251708984375
 10
76.02503906250001
 20
124.30251708984375
 10
75.598681640625
 20
124.30251708984375
  0
LWPOLYLINE
  5
34A
330
17
100
AcDbEntity
  8
RASTER_TRACE
100
AcDbPolyline
 90
5
 70
1
 10
221.19974121093753
 20
124.51569580078124
 10
221.30633056640627
 20
124.30251708984375
 10
220.98656250000002
 20
123.66298095703124
 10
220.87997314453128
 20
123.7695703125
 10
220.87997314453128
 20
124.08933837890623
  0
LWPOLYLINE
  5
34B
330
17
100
AcDbEntity
  8
RASTER_TRACE
100
AcDbPolyline
 90
4
 70
1
 10
88.70917236328125
 20
124.40910644531249
 10
88.70917236328125
 20
124.30251708984375
 10
89.4552978515625
 20
124.30251708984375
 10
89.4552978515625
 20
124.40910644531249
  0
LWPOLYLINE
  5
34C
330
17
100
AcDbEntity
  8
RASTER_TRACE
100
AcDbPolyline
 90
8
 70
1
 10
225.14354736328127
 20
124.62228515625
 10
225.56990478515627
 20
124.19592773437499
 10
225.56990478515627
 20
123.23662353515624
 10
225.35672607421878
 20
123.02344482421874
 10
225.03695800781253
 20
123.02344482421874
 10
224.93036865234376
 20
123.1300341796875
 10
225.03695800781253
 20
123.34321289062498
 10
225.03695800781253
 20
124.51569580078124
  0
LWPOLYLINE
  5
34D
330
17
100
AcDbEntity
  8
RASTER_TRACE
100
AcDbPolyline
 90
67
 70
1
 10
222.90517089843752
 20
124.62228515625
 10
223.01176025390626
 20
124.51569580078124
 10
223.01176025390626
 20
123.1300341796875
 10
223.11834960937503
 20
123.02344482421874
 10
224.50401123046876
 20
123.02344482421874
 10
224.61060058593753
 20
122.91685546874999
 10
224.61060058593753
 20
122.59708740234373
 10
224.71718994140628
 20
122.59708740234373
 10
224.71718994140628
 20
122.91685546874999
 10
224.82377929687502
 20
123.02344482421874
 10
224.93036865234376
 20
122.91685546874999
 10
224.93036865234376
 20
122.38390869140625
 10
225.03695800781253
 20
122.38390869140625
 10
225.03695800781253
 20
122.91685546874999
 10
225.14354736328127
 20
123.02344482421874
 10
225.46331542968753
 20
123.02344482421874
 10
225.56990478515627
 20
122.91685546874999
 10
225.56990478515627
 20
118.33351318359374
 10
225.46331542968753
 20
118.226923828125
 10
225.14354736328127
 20
118.226923828125
 10
225.03695800781253
 20
118.33351318359374
 10
225.03695800781253
 20
118.65328124999999
 10
224.93036865234376
 20
118.65328124999999
 10
225.03695800781253
 20
118.54669189453125
 10
224.93036865234376
 20
118.4401025390625
 10
225.03695800781253
 20
118.33351318359374
 10
224.93036865234376
 20
118.226923828125
 10
224.71718994140628
 20
118.33351318359374
 10
224.71718994140628
 20
118.54669189453125
 10
224.71718994140628
 20
118.33351318359374
 10
224.61060058593753
 20
118.226923828125
 10
223.7578857421875
 20
118.226923828125
 10
223.7578857421875
 20
118.12033447265624
 10
224.61060058593753
 20
118.12033447265624
 10
224.71718994140628
 20
118.01374511718748
 10
224.71718994140628
 20
116.94785156249999
 10
224.50401123046876
 20
116.62808349609375
 10
223.97106445312502
 20
116.62808349609375
 10
223.65129638671877
 20
117.05444091796875
 10
223.65129638671877
 20
117.16103027343749
 10
223.43811767578129
 20
117.374208984375
 10
223.11834960937503
 20
118.01374511718748
 10
223.33152832031251
 20
118.12033447265624
 10
223.33152832031251
 20
118.226923828125
 10
223.11834960937503
 20
118.226923828125
 10
222.90517089843752
 20
118.4401025390625
 10
222.58540283203126
 20
119.07963867187499
 10
222.58540283203126
 20
119.2928173828125
 10
222.47881347656252
 20
119.39940673828124
 10
222.47881347656252
 20
119.61258544921874
 10
222.37222412109378
 20
119.7191748046875
 10
222.37222412109378
 20
119.93235351562498
 10
222.15904541015627
 20
120.35871093749999
 10
222.15904541015627
 20
120.67847900390623
 10
222.05245605468753
 20
120.78506835937499
 10
222.05245605468753
 20
121.31801513671874
 10
221.94586669921878
 20
121.42460449218748
 10
221.94586669921878
 20
122.38390869140625
 10
221.83927734375
 20
122.49049804687499
 10
221.83927734375
 20
122.91685546874999
 10
221.94586669921878
 20
123.02344482421874
 10
221.94586669921878
 20
123.23662353515624
 10
222.05245605468753
 20
123.44980224609374
 10
222.47881347656252
 20
123.87615966796875
 10
222.47881347656252
 20
123.98274902343749
 10
222.69199218750003
 20
124.19592773437499
 10
222.69199218750003
 20
124.40910644531249
  0
LWPOLYLINE
  5
34E
330
17
100
AcDbEntity
  8
RASTER_TRACE
100
AcDbPolyline
 90
4
 70
1
 10
91.48049560546875
 20
124.51569580078124
 10
91.58708496093752
 20
124.40910644531249
 10
92.22662109375
 20
124.40910644531249
 10
92.33321044921877
 20
124.51569580078124
  0
LWPOLYLINE
  5
34F
330
17
100
AcDbEntity
  8
RASTER_TRACE
100
AcDbPolyline
 90
5
 70
1
 10
90.94754882812501
 20
124.51569580078124
 10
90.62778076171875
 20
124.51569580078124
 10
90.52119140625001
 20
124.40910644531249
 10
90.09483398437501
 20
124.40910644531249
 10
90.94754882812501
 20
124.40910644531249
  0
LWPOLYLINE
  5
350
330
17
100
AcDbEntity
  8
RASTER_TRACE
100
AcDbPolyline
 90
15
 70
1
 10
156.07364501953126
 20
124.40910644531249
 10
156.60659179687502
 20
123.98274902343749
 10
156.8197705078125
 20
123.98274902343749
 10
156.92635986328128
 20
123.87615966796875
 10
157.67248535156253
 20
123.87615966796875
 10
157.67248535156253
 20
123.98274902343749
 10
157.03294921875002
 20
123.98274902343749
 10
156.92635986328128
 20
124.08933837890623
 10
156.92635986328128
 20
124.40910644531249
 10
157.03294921875002
 20
124.62228515625
 10
156.92635986328128
 20
124.62228515625
 10
156.92635986328128
 20
124.08933837890623
 10
156.8197705078125
 20
123.98274902343749
 10
156.71318115234376
 20
123.98274902343749
 10
156.50000244140628
 20
124.19592773437499
  0
LWPOLYLINE
  5
351
330
17
100
AcDbEntity
  8
RASTER_TRACE
100
AcDbPolyline
 90
71
 70
1
 10
121.4321044921875
 20
124.62228515625
 10
121.4321044921875
 20
123.34321289062498
 10
121.32551513671876
 20
123.23662353515624
 10
120.47280029296877
 20
123.23662353515624
 10
120.47280029296877
 20
123.1300341796875
 10
120.792568359375
 20
123.23662353515624
 10
121.32551513671876
 20
123.23662353515624
 10
121.4321044921875
 20
123.1300341796875
 10
121.4321044921875
 20
122.59708740234373
 10
121.32551513671876
 20
122.49049804687499
 10
121.4321044921875
 20
122.27731933593749
 10
121.32551513671876
 20
122.17072998046874
 10
119.62008544921875
 20
122.064140625
 10
118.76737060546876
 20
121.637783203125
 10
118.0212451171875
 20
120.89165771484375
 10
117.48829833984377
 20
120.67847900390623
 10
116.20922607421875
 20
120.67847900390623
 10
115.78286865234375
 20
120.46530029296875
 10
115.67627929687501
 20
120.57188964843749
 10
115.67627929687501
 20
121.10483642578124
 10
115.67627929687501
 20
120.46530029296875
 10
115.14333251953127
 20
119.61258544921874
 10
115.0367431640625
 20
118.226923828125
 10
114.71697509765625
 20
118.12033447265624
 10
115.0367431640625
 20
118.01374511718748
 10
115.0367431640625
 20
116.62808349609375
 10
115.24992187500001
 20
116.09513671874998
 10
115.67627929687501
 20
115.66877929687499
 10
115.67627929687501
 20
115.24242187499999
 10
115.78286865234375
 20
115.56218994140625
 10
116.31581542968752
 20
115.34901123046873
 10
117.59488769531251
 20
115.34901123046873
 10
117.91465576171876
 20
115.24242187499999
 10
118.34101318359376
 20
114.70947509765625
 10
119.19372802734375
 20
114.06993896484374
 10
120.04644287109375
 20
113.85676025390624
 10
121.21892578125002
 20
113.85676025390624
 10
121.32551513671876
 20
113.75017089843749
 10
121.32551513671876
 20
111.51179443359374
 10
121.4321044921875
 20
111.51179443359374
 10
121.4321044921875
 20
113.75017089843749
 10
121.53869384765625
 20
113.85676025390624
 10
123.350712890625
 20
113.963349609375
 10
124.41660644531251
 20
114.60288574218748
 10
125.16273193359376
 20
115.34901123046873
 10
126.761572265625
 20
115.56218994140625
 10
127.1879296875
 20
115.8819580078125
 10
127.50769775390626
 20
116.62808349609375
 10
127.50769775390626
 20
116.94785156249999
 10
127.40110839843751
 20
116.521494140625
 10
127.08134033203126
 20
116.7346728515625
 10
127.1879296875
 20
117.05444091796875
 10
127.1879296875
 20
117.69397705078124
 10
127.08134033203126
 20
117.80056640625
 10
127.29451904296877
 20
118.01374511718748
 10
127.50769775390626
 20
117.90715576171874
 10
127.50769775390626
 20
117.26761962890623
 10
127.614287109375
 20
117.374208984375
 10
127.614287109375
 20
117.90715576171874
 10
127.93405517578125
 20
118.01374511718748
 10
127.50769775390626
 20
118.12033447265624
 10
127.614287109375
 20
118.226923828125
 10
127.50769775390626
 20
119.50599609374999
 10
127.1879296875
 20
120.1455322265625
 10
126.761572265625
 20
120.46530029296875
 10
125.16273193359376
 20
120.67847900390623
 10
124.31001708984377
 20
121.53119384765624
 10
123.56389160156252
 20
121.95755126953125
 10
122.7111767578125
 20
122.17072998046874
 10
121.53869384765625
 20
122.17072998046874
 10
121.4321044921875
 20
122.27731933593749
  0
LWPOLYLINE
  5
352
330
17
100
AcDbEntity
  8
RASTER_TRACE
100
AcDbPolyline
 90
4
 70
1
 10
97.5560888671875
 20
124.62228515625
 10
97.5560888671875
 20
123.87615966796875
 10
97.5560888671875
 20
124.30251708984375
 10
97.66267822265627
 20
124.40910644531249
  0
LWPOLYLINE
  5
353
330
17
100
AcDbEntity
  8
RASTER_TRACE
100
AcDbPolyline
 90
5
 70
1
 10
94.25181884765627
 20
124.51569580078124
 10
94.67817626953126
 20
124.51569580078124
 10
94.784765625
 20
124.62228515625
 10
95.10453369140626
 20
124.62228515625
 10
94.25181884765627
 20
124.62228515625
  0
LWPOLYLINE
  5
354
330
17
100
AcDbEntity
  8
RASTER_TRACE
100
AcDbPolyline
 90
5
 70
1
 10
93.61228271484376
 20
124.62228515625
 10
93.2925146484375
 20
124.62228515625
 10
93.18592529296876
 20
124.51569580078124
 10
92.75956787109376
 20
124.51569580078124
 10
93.61228271484376
 20
124.51569580078124
  0
LWPOLYLINE
  5
355
330
17
100
AcDbEntity
  8
RASTER_TRACE
100
AcDbPolyline
 90
6
 70
1
 10
77.304111328125
 20
124.62228515625
 10
77.0909326171875
 20
124.51569580078124
 10
76.66457519531251
 20
124.51569580078124
 10
76.66457519531251
 20
124.40910644531249
 10
76.77116455078126
 20
124.51569580078124
 10
77.19752197265626
 20
124.51569580078124
  0
LWPOLYLINE
  5
356
330
17
100
AcDbEntity
  8
RASTER_TRACE
100
AcDbPolyline
 90
4
 70
1
 10
221.41291992187502
 20
124.83546386718749
 10
221.5195092773438
 20
124.62228515625
 10
221.30633056640627
 20
124.40910644531249
 10
221.19974121093753
 20
124.62228515625
  0
LWPOLYLINE
  5
357
330
17
100
AcDbEntity
  8
RASTER_TRACE
100
AcDbPolyline
 90
4
 70
1
 10
144.45540527343752
 20
124.72887451171874
 10
144.34881591796878
 20
124.62228515625
 10
144.34881591796878
 20
123.98274902343749
 10
144.45540527343752
 20
123.98274902343749
  0
LWPOLYLINE
  5
358
330
17
100
AcDbEntity
  8
RASTER_TRACE
100
AcDbPolyline
 90
6
 70
1
 10
77.83705810546876
 20
124.72887451171874
 10
78.26341552734375
 20
124.72887451171874
 10
78.37000488281251
 20
124.83546386718749
 10
78.58318359375001
 20
124.83546386718749
 10
78.156826171875
 20
124.83546386718749
 10
78.05023681640625
 20
124.72887451171874
  0
LWPOLYLINE
  5
359
330
17
100
AcDbEntity
  8
RASTER_TRACE
100
AcDbPolyline
 90
2
 70
1
 10
115.67627929687501
 20
124.94205322265624
 10
115.67627929687501
 20
122.7036767578125
  0
LWPOLYLINE
  5
35A
330
17
100
AcDbEntity
  8
RASTER_TRACE
100
AcDbPolyline
 90
9
 70
1
 10
86.57738525390624
 20
125.048642578125
 10
86.57738525390624
 20
124.30251708984375
 10
86.36420654296876
 20
124.19592773437499
 10
87.00374267578127
 20
124.19592773437499
 10
87.11033203125001
 20
124.30251708984375
 10
86.79056396484376
 20
124.30251708984375
 10
86.68397460937501
 20
124.40910644531249
 10
86.68397460937501
 20
124.72887451171874
 10
86.57738525390624
 20
124.83546386718749
  0
LWPOLYLINE
  5
35B
330
17
100
AcDbEntity
  8
RASTER_TRACE
100
AcDbPolyline
 90
4
 70
1
 10
150.637587890625
 20
125.15523193359374
 10
150.31781982421876
 20
124.72887451171874
 10
150.31781982421876
 20
124.62228515625
 10
150.42440917968753
 20
124.62228515625
  0
LWPOLYLINE
  5
35C
330
17
100
AcDbEntity
  8
RASTER_TRACE
100
AcDbPolyline
 90
6
 70
1
 10
79.75566650390626
 20
125.15523193359374
 10
79.54248779296876
 20
125.048642578125
 10
79.2227197265625
 20
125.048642578125
 10
79.11613037109376
 20
124.94205322265624
 10
79.32930908203126
 20
125.048642578125
 10
79.75566650390626
 20
125.048642578125
  0
LWPOLYLINE
  5
35D
330
17
100
AcDbEntity
  8
RASTER_TRACE
100
AcDbPolyline
 90
6
 70
1
 10
62.168422851562504
 20
125.15523193359374
 10
62.48819091796875
 20
124.94205322265624
 10
62.70136962890626
 20
124.94205322265624
 10
62.914548339843755
 20
124.83546386718749
 10
62.59478027343751
 20
125.048642578125
 10
62.3816015625
 20
125.048642578125
  0
LWPOLYLINE
  5
35E
330
17
100
AcDbEntity
  8
RASTER_TRACE
100
AcDbPolyline
 90
4
 70
1
 10
147.6530859375
 20
125.2618212890625
 10
147.54649658203127
 20
125.2618212890625
 10
147.12013916015627
 20
124.83546386718749
 10
147.12013916015627
 20
124.72887451171874
  0
LWPOLYLINE
  5
35F
330
17
100
AcDbEntity
  8
RASTER_TRACE
100
AcDbPolyline
 90
13
 70
1
 10
87.74986816406252
 20
125.2618212890625
 10
87.64327880859375
 20
125.15523193359374
 10
87.64327880859375
 20
124.83546386718749
 10
87.3235107421875
 20
124.40910644531249
 10
87.3235107421875
 20
124.30251708984375
 10
88.28281494140626
 20
124.30251708984375
 10
88.28281494140626
 20
124.40910644531249
 10
87.74986816406252
 20
124.40910644531249
 10
87.64327880859375
 20
124.30251708984375
 10
87.43010009765626
 20
124.40910644531249
 10
87.64327880859375
 20
124.62228515625
 10
87.64327880859375
 20
124.83546386718749
 10
87.74986816406252
 20
124.94205322265624
  0
LWPOLYLINE
  5
360
330
17
100
AcDbEntity
  8
RASTER_TRACE
100
AcDbPolyline
 90
4
 70
1
 10
30.298205566406253
 20
125.2618212890625
 10
29.65866943359375
 20
124.94205322265624
 10
30.08502685546875
 20
125.15523193359374
 10
30.298205566406253
 20
125.15523193359374
  0
LWPOLYLINE
  5
361
330
17
100
AcDbEntity
  8
RASTER_TRACE
100
AcDbPolyline
 90
5
 70
1
 10
155.43410888671878
 20
125.36841064453125
 10
155.54069824218752
 20
125.2618212890625
 10
155.54069824218752
 20
125.048642578125
 10
155.75387695312503
 20
124.83546386718749
 10
155.54069824218752
 20
125.36841064453125
  0
LWPOLYLINE
  5
362
330
17
100
AcDbEntity
  8
RASTER_TRACE
100
AcDbPolyline
 90
5
 70
1
 10
80.39520263671875
 20
125.2618212890625
 10
80.714970703125
 20
125.2618212890625
 10
80.82156005859375
 20
125.36841064453125
 10
81.03473876953126
 20
125.36841064453125
 10
80.60838134765626
 20
125.36841064453125
  0
LWPOLYLINE
  5
363
330
17
100
AcDbEntity
  8
RASTER_TRACE
100
AcDbPolyline
 90
5
 70
1
 10
33.495886230468756
 20
125.36841064453125
 10
33.709064941406254
 20
125.36841064453125
 10
33.815654296875
 20
125.475
 10
34.24201171875001
 20
125.475
 10
33.495886230468756
 20
125.475
  0
LWPOLYLINE
  5
364
330
17
100
AcDbEntity
  8
RASTER_TRACE
100
AcDbPolyline
 90
5
 70
1
 10
32.21681396484375
 20
125.36841064453125
 10
32.962939453125
 20
125.36841064453125
 10
32.856350097656254
 20
125.475
 10
32.536582031250006
 20
125.475
 10
32.42999267578125
 20
125.36841064453125
  0
LWPOLYLINE
  5
365
330
17
100
AcDbEntity
  8
RASTER_TRACE
100
AcDbPolyline
 90
6
 70
1
 10
150.31781982421876
 20
125.58158935546874
 10
150.21123046875002
 20
125.58158935546874
 10
150.21123046875002
 20
125.2618212890625
 10
149.9980517578125
 20
124.83546386718749
 10
150.21123046875002
 20
125.15523193359374
 10
150.21123046875002
 20
125.475
  0
LWPOLYLINE
  5
366
330
17
100
AcDbEntity
  8
RASTER_TRACE
100
AcDbPolyline
 90
8
 70
1
 10
60.995939941406256
 20
125.58158935546874
 10
61.102529296875005
 20
125.475
 10
61.3157080078125
 20
125.475
 10
61.74206542968751
 20
125.2618212890625
 10
61.74206542968751
 20
125.36841064453125
 10
61.52888671875
 20
125.36841064453125
 10
61.42229736328125
 20
125.475
 10
61.209118652343754
 20
125.475
  0
LWPOLYLINE
  5
367
330
17
100
AcDbEntity
  8
RASTER_TRACE
100
AcDbPolyline
 90
2
 70
1
 10
37.33310302734375
 20
125.58158935546874
 10
38.079228515625005
 20
125.58158935546874
  0
LWPOLYLINE
  5
368
330
17
100
AcDbEntity
  8
RASTER_TRACE
100
AcDbPolyline
 90
4
 70
1
 10
36.05403076171875
 20
125.475
 10
36.5869775390625
 20
125.475
 10
36.80015625
 20
125.58158935546874
 10
36.05403076171875
 20
125.58158935546874
  0
LWPOLYLINE
  5
369
330
17
100
AcDbEntity
  8
RASTER_TRACE
100
AcDbPolyline
 90
4
 70
1
 10
35.414494628906255
 20
125.58158935546874
 10
35.201315917968756
 20
125.475
 10
34.77495849609375
 20
125.475
 10
35.414494628906255
 20
125.475
  0
LWPOLYLINE
  5
36A
330
17
100
AcDbEntity
  8
RASTER_TRACE
100
AcDbPolyline
 90
7
 70
1
 10
82.31381103515625
 20
125.68817871093749
 10
82.10063232421876
 20
125.58158935546874
 10
81.67427490234377
 20
125.58158935546874
 10
81.567685546875
 20
125.475
 10
81.78086425781251
 20
125.475
 10
81.88745361328125
 20
125.58158935546874
 10
82.2072216796875
 20
125.58158935546874
  0
LWPOLYLINE
  5
36B
330
17
100
AcDbEntity
  8
RASTER_TRACE
100
AcDbPolyline
 90
5
 70
1
 10
41.27690917968751
 20
125.68817871093749
 10
41.490087890625006
 20
125.68817871093749
 10
41.59667724609375
 20
125.58158935546874
 10
41.80985595703125
 20
125.68817871093749
 10
42.02303466796875
 20
125.68817871093749
  0
LWPOLYLINE
  5
36C
330
17
100
AcDbEntity
  8
RASTER_TRACE
100
AcDbPolyline
 90
2
 70
1
 10
39.891247558593754
 20
125.68817871093749
 10
40.637373046875
 20
125.68817871093749
  0
LWPOLYLINE
  5
36D
330
17
100
AcDbEntity
  8
RASTER_TRACE
100
AcDbPolyline
 90
4
 70
1
 10
38.61217529296876
 20
125.58158935546874
 10
39.25171142578125
 20
125.58158935546874
 10
39.35830078125
 20
125.68817871093749
 10
38.7187646484375
 20
125.68817871093749
  0
LWPOLYLINE
  5
36E
330
17
100
AcDbEntity
  8
RASTER_TRACE
100
AcDbPolyline
 90
32
 70
1
 10
222.90517089843752
 20
125.90135742187499
 10
223.01176025390626
 20
125.79476806640625
 10
223.01176025390626
 20
125.36841064453125
 10
222.58540283203126
 20
125.048642578125
 10
222.37222412109378
 20
124.62228515625
 10
222.47881347656252
 20
124.62228515625
 10
222.58540283203126
 20
124.94205322265624
 10
222.79858154296878
 20
125.15523193359374
 10
222.90517089843752
 20
125.048642578125
 10
222.90517089843752
 20
124.83546386718749
 10
222.69199218750003
 20
124.62228515625
 10
222.47881347656252
 20
124.19592773437499
 10
222.265634765625
 20
124.08933837890623
 10
222.05245605468753
 20
123.7695703125
 10
221.94586669921878
 20
123.7695703125
 10
221.94586669921878
 20
123.44980224609374
 10
221.73268798828127
 20
123.23662353515624
 10
221.62609863281253
 20
123.23662353515624
 10
221.5195092773438
 20
123.02344482421874
 10
221.41291992187502
 20
123.02344482421874
 10
221.19974121093753
 20
123.23662353515624
 10
221.19974121093753
 20
123.34321289062498
 10
221.41291992187502
 20
123.5563916015625
 10
221.19974121093753
 20
123.5563916015625
 10
221.09315185546876
 20
123.7695703125
 10
221.19974121093753
 20
123.87615966796875
 10
221.19974121093753
 20
124.08933837890623
 10
221.62609863281253
 20
124.72887451171874
 10
221.62609863281253
 20
124.94205322265624
 10
222.15904541015627
 20
125.475
 10
222.265634765625
 20
125.475
 10
222.47881347656252
 20
125.68817871093749
  0
LWPOLYLINE
  5
36F
330
17
100
AcDbEntity
  8
RASTER_TRACE
100
AcDbPolyline
 90
2
 70
1
 10
205.53110595703126
 20
125.79476806640625
 10
206.38382080078128
 20
125.79476806640625
  0
LWPOLYLINE
  5
370
330
17
100
AcDbEntity
  8
RASTER_TRACE
100
AcDbPolyline
 90
2
 70
1
 10
204.14544433593753
 20
125.79476806640625
 10
204.99815917968752
 20
125.79476806640625
  0
LWPOLYLINE
  5
371
330
17
100
AcDbEntity
  8
RASTER_TRACE
100
AcDbPolyline
 90
2
 70
1
 10
202.75978271484377
 20
125.79476806640625
 10
203.61249755859376
 20
125.79476806640625
  0
LWPOLYLINE
  5
372
330
17
100
AcDbEntity
  8
RASTER_TRACE
100
AcDbPolyline
 90
2
 70
1
 10
201.37412109375003
 20
125.79476806640625
 10
202.22683593750003
 20
125.79476806640625
  0
LWPOLYLINE
  5
373
330
17
100
AcDbEntity
  8
RASTER_TRACE
100
AcDbPolyline
 90
2
 70
1
 10
199.98845947265627
 20
125.79476806640625
 10
200.73458496093753
 20
125.79476806640625
  0
LWPOLYLINE
  5
374
330
17
100
AcDbEntity
  8
RASTER_TRACE
100
AcDbPolyline
 90
2
 70
1
 10
198.6027978515625
 20
125.79476806640625
 10
199.34892333984376
 20
125.79476806640625
  0
LWPOLYLINE
  5
375
330
17
100
AcDbEntity
  8
RASTER_TRACE
100
AcDbPolyline
 90
2
 70
1
 10
197.110546875
 20
125.79476806640625
 10
197.96326171875003
 20
125.79476806640625
  0
LWPOLYLINE
  5
376
330
17
100
AcDbEntity
  8
RASTER_TRACE
100
AcDbPolyline
 90
2
 70
1
 10
195.72488525390628
 20
125.79476806640625
 10
196.47101074218753
 20
125.79476806640625
  0
LWPOLYLINE
  5
377
330
17
100
AcDbEntity
  8
RASTER_TRACE
100
AcDbPolyline
 90
2
 70
1
 10
194.33922363281252
 20
125.79476806640625
 10
195.1919384765625
 20
125.79476806640625
  0
LWPOLYLINE
  5
378
330
17
100
AcDbEntity
  8
RASTER_TRACE
100
AcDbPolyline
 90
2
 70
1
 10
192.95356201171876
 20
125.79476806640625
 10
193.6996875
 20
125.79476806640625
  0
LWPOLYLINE
  5
379
330
17
100
AcDbEntity
  8
RASTER_TRACE
100
AcDbPolyline
 90
2
 70
1
 10
191.56790039062503
 20
125.79476806640625
 10
192.31402587890628
 20
125.79476806640625
  0
LWPOLYLINE
  5
37A
330
17
100
AcDbEntity
  8
RASTER_TRACE
100
AcDbPolyline
 90
2
 70
1
 10
190.07564941406253
 20
125.79476806640625
 10
190.92836425781252
 20
125.79476806640625
  0
LWPOLYLINE
  5
37B
330
17
100
AcDbEntity
  8
RASTER_TRACE
100
AcDbPolyline
 90
2
 70
1
 10
188.68998779296876
 20
125.79476806640625
 10
189.43611328125002
 20
125.79476806640625
  0
LWPOLYLINE
  5
37C
330
17
100
AcDbEntity
  8
RASTER_TRACE
100
AcDbPolyline
 90
2
 70
1
 10
187.30432617187503
 20
125.79476806640625
 10
188.15704101562503
 20
125.79476806640625
  0
LWPOLYLINE
  5
37D
330
17
100
AcDbEntity
  8
RASTER_TRACE
100
AcDbPolyline
 90
2
 70
1
 10
185.91866455078127
 20
125.79476806640625
 10
186.66479003906252
 20
125.79476806640625
  0
LWPOLYLINE
  5
37E
330
17
100
AcDbEntity
  8
RASTER_TRACE
100
AcDbPolyline
 90
2
 70
1
 10
184.5330029296875
 20
125.79476806640625
 10
185.27912841796876
 20
125.79476806640625
  0
LWPOLYLINE
  5
37F
330
17
100
AcDbEntity
  8
RASTER_TRACE
100
AcDbPolyline
 90
2
 70
1
 10
183.14734130859378
 20
125.79476806640625
 10
183.89346679687503
 20
125.79476806640625
  0
LWPOLYLINE
  5
380
330
17
100
AcDbEntity
  8
RASTER_TRACE
100
AcDbPolyline
 90
2
 70
1
 10
181.76167968750002
 20
125.79476806640625
 10
182.50780517578127
 20
125.79476806640625
  0
LWPOLYLINE
  5
381
330
17
100
AcDbEntity
  8
RASTER_TRACE
100
AcDbPolyline
 90
2
 70
1
 10
180.37601806640626
 20
125.79476806640625
 10
181.1221435546875
 20
125.79476806640625
  0
LWPOLYLINE
  5
382
330
17
100
AcDbEntity
  8
RASTER_TRACE
100
AcDbPolyline
 90
4
 70
1
 10
42.66257080078125
 20
125.68817871093749
 10
43.30210693359375
 20
125.68817871093749
 10
43.408696289062505
 20
125.79476806640625
 10
42.66257080078125
 20
125.79476806640625
  0
LWPOLYLINE
  5
383
330
17
100
AcDbEntity
  8
RASTER_TRACE
100
AcDbPolyline
 90
4
 70
1
 10
178.88376708984376
 20
125.79476806640625
 10
179.73648193359378
 20
125.79476806640625
 10
179.52330322265627
 20
125.90135742187499
 10
178.99035644531253
 20
125.90135742187499
  0
LWPOLYLINE
  5
384
330
17
100
AcDbEntity
  8
RASTER_TRACE
100
AcDbPolyline
 90
4
 70
1
 10
178.24423095703128
 20
125.90135742187499
 10
178.1376416015625
 20
125.79476806640625
 10
177.49810546875003
 20
125.79476806640625
 10
178.24423095703128
 20
125.79476806640625
  0
LWPOLYLINE
  5
385
330
17
100
AcDbEntity
  8
RASTER_TRACE
100
AcDbPolyline
 90
3
 70
1
 10
176.85856933593752
 20
125.90135742187499
 10
176.11244384765627
 20
125.79476806640625
 10
176.85856933593752
 20
125.79476806640625
  0
LWPOLYLINE
  5
386
330
17
100
AcDbEntity
  8
RASTER_TRACE
100
AcDbPolyline
 90
4
 70
1
 10
174.83337158203128
 20
125.90135742187499
 10
174.83337158203128
 20
125.79476806640625
 10
175.57949707031253
 20
125.79476806640625
 10
175.47290771484376
 20
125.90135742187499
  0
LWPOLYLINE
  5
387
330
17
100
AcDbEntity
  8
RASTER_TRACE
100
AcDbPolyline
 90
4
 70
1
 10
173.44770996093752
 20
125.79476806640625
 10
174.19383544921877
 20
125.79476806640625
 10
174.08724609375003
 20
125.90135742187499
 10
173.55429931640626
 20
125.90135742187499
  0
LWPOLYLINE
  5
388
330
17
100
AcDbEntity
  8
RASTER_TRACE
100
AcDbPolyline
 90
4
 70
1
 10
172.06204833984376
 20
125.79476806640625
 10
172.808173828125
 20
125.79476806640625
 10
172.808173828125
 20
125.90135742187499
 10
172.16863769531253
 20
125.90135742187499
  0
LWPOLYLINE
  5
389
330
17
100
AcDbEntity
  8
RASTER_TRACE
100
AcDbPolyline
 90
4
 70
1
 10
170.67638671875002
 20
125.90135742187499
 10
170.67638671875002
 20
125.79476806640625
 10
171.42251220703128
 20
125.79476806640625
 10
171.42251220703128
 20
125.90135742187499
  0
LWPOLYLINE
  5
38A
330
17
100
AcDbEntity
  8
RASTER_TRACE
100
AcDbPolyline
 90
4
 70
1
 10
169.397314453125
 20
125.90135742187499
 10
169.397314453125
 20
125.79476806640625
 10
170.03685058593751
 20
125.79476806640625
 10
170.03685058593751
 20
125.90135742187499
  0
LWPOLYLINE
  5
38B
330
17
100
AcDbEntity
  8
RASTER_TRACE
100
AcDbPolyline
 90
4
 70
1
 10
168.01165283203127
 20
125.90135742187499
 10
168.01165283203127
 20
125.79476806640625
 10
168.65118896484378
 20
125.79476806640625
 10
168.65118896484378
 20
125.90135742187499
  0
LWPOLYLINE
  5
38C
330
17
100
AcDbEntity
  8
RASTER_TRACE
100
AcDbPolyline
 90
4
 70
1
 10
166.73258056640626
 20
125.90135742187499
 10
166.73258056640626
 20
125.79476806640625
 10
167.37211669921876
 20
125.79476806640625
 10
167.37211669921876
 20
125.90135742187499
  0
LWPOLYLINE
  5
38D
330
17
100
AcDbEntity
  8
RASTER_TRACE
100
AcDbPolyline
 90
4
 70
1
 10
165.34691894531252
 20
125.90135742187499
 10
165.34691894531252
 20
125.79476806640625
 10
165.98645507812503
 20
125.79476806640625
 10
165.98645507812503
 20
125.90135742187499
  0
LWPOLYLINE
  5
38E
330
17
100
AcDbEntity
  8
RASTER_TRACE
100
AcDbPolyline
 90
4
 70
1
 10
163.85466796875002
 20
125.90135742187499
 10
163.96125732421876
 20
125.79476806640625
 10
164.60079345703127
 20
125.79476806640625
 10
164.60079345703127
 20
125.90135742187499
  0
LWPOLYLINE
  5
38F
330
17
100
AcDbEntity
  8
RASTER_TRACE
100
AcDbPolyline
 90
4
 70
1
 10
162.46900634765626
 20
125.90135742187499
 10
162.57559570312503
 20
125.79476806640625
 10
163.2151318359375
 20
125.79476806640625
 10
163.2151318359375
 20
125.90135742187499
  0
LWPOLYLINE
  5
390
330
17
100
AcDbEntity
  8
RASTER_TRACE
100
AcDbPolyline
 90
4
 70
1
 10
161.08334472656253
 20
125.90135742187499
 10
161.18993408203127
 20
125.79476806640625
 10
161.82947021484378
 20
125.79476806640625
 10
161.82947021484378
 20
125.90135742187499
  0
LWPOLYLINE
  5
391
330
17
100
AcDbEntity
  8
RASTER_TRACE
100
AcDbPolyline
 90
4
 70
1
 10
159.8042724609375
 20
125.90135742187499
 10
159.8042724609375
 20
125.79476806640625
 10
160.44380859375002
 20
125.79476806640625
 10
160.44380859375002
 20
125.90135742187499
  0
LWPOLYLINE
  5
392
330
17
100
AcDbEntity
  8
RASTER_TRACE
100
AcDbPolyline
 90
4
 70
1
 10
158.41861083984378
 20
125.90135742187499
 10
158.41861083984378
 20
125.79476806640625
 10
159.05814697265626
 20
125.79476806640625
 10
159.05814697265626
 20
125.90135742187499
  0
LWPOLYLINE
  5
393
330
17
100
AcDbEntity
  8
RASTER_TRACE
100
AcDbPolyline
 90
6
 70
1
 10
82.84675781250002
 20
125.79476806640625
 10
83.27311523437501
 20
125.79476806640625
 10
83.37970458984375
 20
125.90135742187499
 10
83.59288330078127
 20
125.90135742187499
 10
83.16652587890624
 20
125.90135742187499
 10
83.0599365234375
 20
125.79476806640625
  0
LWPOLYLINE
  5
394
330
17
100
AcDbEntity
  8
RASTER_TRACE
100
AcDbPolyline
 90
7
 70
1
 10
59.71686767578125
 20
125.90135742187499
 10
59.82345703125
 20
125.79476806640625
 10
60.249814453125005
 20
125.79476806640625
 10
60.4629931640625
 20
125.68817871093749
 10
60.356403808593754
 20
125.79476806640625
 10
60.03663574218751
 20
125.79476806640625
 10
59.93004638671876
 20
125.90135742187499
  0
LWPOLYLINE
  5
395
330
17
100
AcDbEntity
  8
RASTER_TRACE
100
AcDbPolyline
 90
5
 70
1
 10
45.3273046875
 20
125.79476806640625
 10
45.64707275390626
 20
125.79476806640625
 10
45.753662109375
 20
125.90135742187499
 10
45.9668408203125
 20
125.90135742187499
 10
45.3273046875
 20
125.90135742187499
  0
LWPOLYLINE
  5
396
330
17
100
AcDbEntity
  8
RASTER_TRACE
100
AcDbPolyline
 90
3
 70
1
 10
44.6877685546875
 20
125.90135742187499
 10
43.94164306640626
 20
125.79476806640625
 10
44.6877685546875
 20
125.79476806640625
  0
LWPOLYLINE
  5
397
330
17
100
AcDbEntity
  8
RASTER_TRACE
100
AcDbPolyline
 90
8
 70
1
 10
224.50401123046876
 20
126.11453613281249
 10
224.71718994140628
 20
126.11453613281249
 10
224.82377929687502
 20
126.00794677734373
 10
224.82377929687502
 20
124.62228515625
 10
224.71718994140628
 20
124.51569580078124
 10
224.50401123046876
 20
124.51569580078124
 10
224.39742187500002
 20
124.62228515625
 10
224.39742187500002
 20
126.00794677734373
  0
LWPOLYLINE
  5
398
330
17
100
AcDbEntity
  8
RASTER_TRACE
100
AcDbPolyline
 90
23
 70
1
 10
223.22493896484377
 20
126.11453613281249
 10
223.97106445312502
 20
126.11453613281249
 10
224.07765380859377
 20
126.00794677734373
 10
224.29083251953128
 20
126.11453613281249
 10
224.39742187500002
 20
126.00794677734373
 10
224.39742187500002
 20
123.44980224609374
 10
224.50401123046876
 20
123.34321289062498
 10
224.39742187500002
 20
123.1300341796875
 10
224.07765380859377
 20
123.1300341796875
 10
223.97106445312502
 20
123.23662353515624
 10
223.97106445312502
 20
123.66298095703124
 10
223.97106445312502
 20
123.23662353515624
 10
223.86447509765628
 20
123.1300341796875
 10
223.22493896484377
 20
123.1300341796875
 10
223.11834960937503
 20
123.23662353515624
 10
223.11834960937503
 20
124.19592773437499
 10
223.22493896484377
 20
124.30251708984375
 10
223.97106445312502
 20
124.30251708984375
 10
223.97106445312502
 20
124.51569580078124
 10
223.7578857421875
 20
124.30251708984375
 10
223.22493896484377
 20
124.30251708984375
 10
223.11834960937503
 20
124.40910644531249
 10
223.11834960937503
 20
126.00794677734373
  0
LWPOLYLINE
  5
399
330
17
100
AcDbEntity
  8
RASTER_TRACE
100
AcDbPolyline
 90
3
 70
1
 10
47.885449218750004
 20
126.00794677734373
 10
47.99203857421875
 20
125.90135742187499
 10
48.738164062500005
 20
126.00794677734373
  0
LWPOLYLINE
  5
39A
330
17
100
AcDbEntity
  8
RASTER_TRACE
100
AcDbPolyline
 90
3
 70
1
 10
47.35250244140625
 20
126.00794677734373
 10
46.60637695312501
 20
125.90135742187499
 10
47.35250244140625
 20
125.90135742187499
  0
LWPOLYLINE
  5
39B
330
17
100
AcDbEntity
  8
RASTER_TRACE
100
AcDbPolyline
 90
9
 70
1
 10
157.77907470703127
 20
125.90135742187499
 10
157.13953857421876
 20
125.90135742187499
 10
157.03294921875002
 20
126.11453613281249
 10
156.92635986328128
 20
125.90135742187499
 10
157.03294921875002
 20
125.79476806640625
 10
157.03294921875002
 20
125.048642578125
 10
157.03294921875002
 20
125.68817871093749
 10
157.13953857421876
 20
125.79476806640625
 10
157.67248535156253
 20
125.79476806640625
  0
LWPOLYLINE
  5
39C
330
17
100
AcDbEntity
  8
RASTER_TRACE
100
AcDbPolyline
 90
4
 70
1
 10
144.34881591796878
 20
126.11453613281249
 10
144.34881591796878
 20
125.36841064453125
 10
144.45540527343752
 20
125.36841064453125
 10
144.45540527343752
 20
126.11453613281249
  0
LWPOLYLINE
  5
39D
330
17
100
AcDbEntity
  8
RASTER_TRACE
100
AcDbPolyline
 90
4
 70
1
 10
97.5560888671875
 20
126.11453613281249
 10
97.5560888671875
 20
125.36841064453125
 10
97.66267822265627
 20
125.36841064453125
 10
97.66267822265627
 20
126.11453613281249
  0
LWPOLYLINE
  5
39E
330
17
100
AcDbEntity
  8
RASTER_TRACE
100
AcDbPolyline
 90
5
 70
1
 10
58.331206054687506
 20
126.11453613281249
 10
58.544384765625004
 20
126.00794677734373
 10
59.07733154296876
 20
126.00794677734373
 10
58.86415283203125
 20
126.00794677734373
 10
58.7575634765625
 20
126.11453613281249
  0
LWPOLYLINE
  5
39F
330
17
100
AcDbEntity
  8
RASTER_TRACE
100
AcDbPolyline
 90
2
 70
1
 10
50.6567724609375
 20
126.11453613281249
 10
51.509487304687504
 20
126.11453613281249
  0
LWPOLYLINE
  5
3A0
330
17
100
AcDbEntity
  8
RASTER_TRACE
100
AcDbPolyline
 90
4
 70
1
 10
49.27111083984375
 20
126.00794677734373
 10
50.12382568359375
 20
126.00794677734373
 10
50.12382568359375
 20
126.11453613281249
 10
49.37770019531251
 20
126.11453613281249
  0
LWPOLYLINE
  5
3A1
330
17
100
AcDbEntity
  8
RASTER_TRACE
100
AcDbPolyline
 90
10
 70
1
 10
31.36409912109375
 20
126.11453613281249
 10
31.36409912109375
 20
125.475
 10
31.257509765625002
 20
125.36841064453125
 10
30.93774169921875
 20
125.36841064453125
 10
30.831152343750002
 20
125.2618212890625
 10
31.257509765625002
 20
125.2618212890625
 10
31.36409912109375
 20
125.36841064453125
 10
31.683867187500002
 20
125.36841064453125
 10
31.4706884765625
 20
125.475
 10
31.4706884765625
 20
126.00794677734373
  0
LWPOLYLINE
  5
3A2
330
17
100
AcDbEntity
  8
RASTER_TRACE
100
AcDbPolyline
 90
5
 70
1
 10
87.536689453125
 20
126.22112548828125
 10
87.64327880859375
 20
126.00794677734373
 10
87.64327880859375
 20
125.79476806640625
 10
87.74986816406252
 20
125.68817871093749
 10
87.74986816406252
 20
125.90135742187499
  0
LWPOLYLINE
  5
3A3
330
17
100
AcDbEntity
  8
RASTER_TRACE
100
AcDbPolyline
 90
7
 70
1
 10
84.87195556640626
 20
126.22112548828125
 10
84.65877685546874
 20
126.22112548828125
 10
84.5521875
 20
126.11453613281249
 10
84.125830078125
 20
126.11453613281249
 10
84.125830078125
 20
126.00794677734373
 10
84.33900878906252
 20
126.11453613281249
 10
84.76536621093751
 20
126.11453613281249
  0
LWPOLYLINE
  5
3A4
330
17
100
AcDbEntity
  8
RASTER_TRACE
100
AcDbPolyline
 90
5
 70
1
 10
56.838955078125004
 20
126.22112548828125
 10
57.37190185546876
 20
126.22112548828125
 10
57.478491210937506
 20
126.11453613281249
 10
57.691669921875004
 20
126.11453613281249
 10
57.691669921875004
 20
126.22112548828125
  0
LWPOLYLINE
  5
3A5
330
17
100
AcDbEntity
  8
RASTER_TRACE
100
AcDbPolyline
 90
4
 70
1
 10
52.04243408203126
 20
126.11453613281249
 10
52.89514892578126
 20
126.11453613281249
 10
52.89514892578126
 20
126.22112548828125
 10
52.149023437500006
 20
126.22112548828125
  0
LWPOLYLINE
  5
3A6
330
17
100
AcDbEntity
  8
RASTER_TRACE
100
AcDbPolyline
 90
5
 70
1
 10
224.39742187500002
 20
126.22112548828125
 10
224.50401123046876
 20
126.43430419921874
 10
224.71718994140628
 20
126.43430419921874
 10
224.82377929687502
 20
126.32771484374999
 10
224.61060058593753
 20
126.11453613281249
  0
LWPOLYLINE
  5
3A7
330
17
100
AcDbEntity
  8
RASTER_TRACE
100
AcDbPolyline
 90
4
 70
1
 10
223.97106445312502
 20
126.32771484374999
 10
224.07765380859377
 20
126.43430419921874
 10
224.29083251953128
 20
126.22112548828125
 10
224.07765380859377
 20
126.11453613281249
  0
LWPOLYLINE
  5
3A8
330
17
100
AcDbEntity
  8
RASTER_TRACE
100
AcDbPolyline
 90
3
 70
1
 10
85.40490234375
 20
126.32771484374999
 10
86.0444384765625
 20
126.11453613281249
 10
85.72467041015625
 20
126.32771484374999
  0
LWPOLYLINE
  5
3A9
330
17
100
AcDbEntity
  8
RASTER_TRACE
100
AcDbPolyline
 90
4
 70
1
 10
55.3467041015625
 20
126.32771484374999
 10
55.45329345703125
 20
126.22112548828125
 10
56.1994189453125
 20
126.22112548828125
 10
56.1994189453125
 20
126.32771484374999
  0
LWPOLYLINE
  5
3AA
330
17
100
AcDbEntity
  8
RASTER_TRACE
100
AcDbPolyline
 90
5
 70
1
 10
54.38739990234375
 20
126.32771484374999
 10
53.961042480468755
 20
126.32771484374999
 10
53.854453125000006
 20
126.22112548828125
 10
53.53468505859375
 20
126.22112548828125
 10
54.38739990234375
 20
126.22112548828125
  0
LWPOLYLINE
  5
3AB
330
17
100
AcDbEntity
  8
RASTER_TRACE
100
AcDbPolyline
 90
8
 70
1
 10
223.11834960937503
 20
126.43430419921874
 10
223.22493896484377
 20
126.5408935546875
 10
223.65129638671877
 20
126.5408935546875
 10
223.86447509765628
 20
126.43430419921874
 10
223.97106445312502
 20
126.22112548828125
 10
223.86447509765628
 20
126.11453613281249
 10
223.33152832031251
 20
126.11453613281249
 10
223.11834960937503
 20
126.32771484374999
  0
LWPOLYLINE
  5
3AC
330
17
100
AcDbEntity
  8
RASTER_TRACE
100
AcDbPolyline
 90
4
 70
1
 10
204.358623046875
 20
126.32771484374999
 10
205.21133789062503
 20
126.32771484374999
 10
205.21133789062503
 20
126.43430419921874
 10
204.46521240234378
 20
126.43430419921874
  0
LWPOLYLINE
  5
3AD
330
17
100
AcDbEntity
  8
RASTER_TRACE
100
AcDbPolyline
 90
4
 70
1
 10
202.97296142578128
 20
126.43430419921874
 10
202.97296142578128
 20
126.32771484374999
 10
203.82567626953127
 20
126.32771484374999
 10
203.82567626953127
 20
126.43430419921874
  0
LWPOLYLINE
  5
3AE
330
17
100
AcDbEntity
  8
RASTER_TRACE
100
AcDbPolyline
 90
4
 70
1
 10
201.58729980468752
 20
126.43430419921874
 10
201.58729980468752
 20
126.32771484374999
 10
202.4400146484375
 20
126.32771484374999
 10
202.4400146484375
 20
126.43430419921874
  0
LWPOLYLINE
  5
3AF
330
17
100
AcDbEntity
  8
RASTER_TRACE
100
AcDbPolyline
 90
4
 70
1
 10
200.09504882812502
 20
126.43430419921874
 10
200.09504882812502
 20
126.32771484374999
 10
200.947763671875
 20
126.32771484374999
 10
200.947763671875
 20
126.43430419921874
  0
LWPOLYLINE
  5
3B0
330
17
100
AcDbEntity
  8
RASTER_TRACE
100
AcDbPolyline
 90
4
 70
1
 10
198.70938720703128
 20
126.43430419921874
 10
198.70938720703128
 20
126.32771484374999
 10
199.56210205078128
 20
126.32771484374999
 10
199.56210205078128
 20
126.43430419921874
  0
LWPOLYLINE
  5
3B1
330
17
100
AcDbEntity
  8
RASTER_TRACE
100
AcDbPolyline
 90
4
 70
1
 10
197.32372558593752
 20
126.43430419921874
 10
197.32372558593752
 20
126.32771484374999
 10
198.06985107421878
 20
126.32771484374999
 10
198.06985107421878
 20
126.43430419921874
  0
LWPOLYLINE
  5
3B2
330
17
100
AcDbEntity
  8
RASTER_TRACE
100
AcDbPolyline
 90
4
 70
1
 10
195.93806396484376
 20
126.43430419921874
 10
195.93806396484376
 20
126.32771484374999
 10
196.68418945312501
 20
126.32771484374999
 10
196.68418945312501
 20
126.43430419921874
  0
LWPOLYLINE
  5
3B3
330
17
100
AcDbEntity
  8
RASTER_TRACE
100
AcDbPolyline
 90
4
 70
1
 10
194.44581298828126
 20
126.43430419921874
 10
194.44581298828126
 20
126.32771484374999
 10
195.29852783203128
 20
126.32771484374999
 10
195.29852783203128
 20
126.43430419921874
  0
LWPOLYLINE
  5
3B4
330
17
100
AcDbEntity
  8
RASTER_TRACE
100
AcDbPolyline
 90
4
 70
1
 10
193.06015136718753
 20
126.43430419921874
 10
193.06015136718753
 20
126.32771484374999
 10
193.91286621093752
 20
126.32771484374999
 10
193.91286621093752
 20
126.43430419921874
  0
LWPOLYLINE
  5
3B5
330
17
100
AcDbEntity
  8
RASTER_TRACE
100
AcDbPolyline
 90
4
 70
1
 10
191.67448974609377
 20
126.43430419921874
 10
191.67448974609377
 20
126.32771484374999
 10
192.52720458984376
 20
126.32771484374999
 10
192.52720458984376
 20
126.43430419921874
  0
LWPOLYLINE
  5
3B6
330
17
100
AcDbEntity
  8
RASTER_TRACE
100
AcDbPolyline
 90
4
 70
1
 10
190.288828125
 20
126.43430419921874
 10
190.288828125
 20
126.32771484374999
 10
191.03495361328126
 20
126.32771484374999
 10
191.03495361328126
 20
126.43430419921874
  0
LWPOLYLINE
  5
3B7
330
17
100
AcDbEntity
  8
RASTER_TRACE
100
AcDbPolyline
 90
4
 70
1
 10
188.90316650390628
 20
126.43430419921874
 10
188.90316650390628
 20
126.32771484374999
 10
189.64929199218753
 20
126.32771484374999
 10
189.64929199218753
 20
126.43430419921874
  0
LWPOLYLINE
  5
3B8
330
17
100
AcDbEntity
  8
RASTER_TRACE
100
AcDbPolyline
 90
4
 70
1
 10
187.51750488281252
 20
126.43430419921874
 10
187.51750488281252
 20
126.32771484374999
 10
188.26363037109377
 20
126.32771484374999
 10
188.26363037109377
 20
126.43430419921874
  0
LWPOLYLINE
  5
3B9
330
17
100
AcDbEntity
  8
RASTER_TRACE
100
AcDbPolyline
 90
4
 70
1
 10
186.13184326171876
 20
126.43430419921874
 10
186.13184326171876
 20
126.32771484374999
 10
186.87796875
 20
126.32771484374999
 10
186.87796875
 20
126.43430419921874
  0
LWPOLYLINE
  5
3BA
330
17
100
AcDbEntity
  8
RASTER_TRACE
100
AcDbPolyline
 90
4
 70
1
 10
184.74618164062503
 20
126.43430419921874
 10
184.74618164062503
 20
126.32771484374999
 10
185.49230712890628
 20
126.32771484374999
 10
185.49230712890628
 20
126.43430419921874
  0
LWPOLYLINE
  5
3BB
330
17
100
AcDbEntity
  8
RASTER_TRACE
100
AcDbPolyline
 90
4
 70
1
 10
183.25393066406252
 20
126.43430419921874
 10
183.25393066406252
 20
126.32771484374999
 10
184.10664550781252
 20
126.32771484374999
 10
184.10664550781252
 20
126.43430419921874
  0
LWPOLYLINE
  5
3BC
330
17
100
AcDbEntity
  8
RASTER_TRACE
100
AcDbPolyline
 90
4
 70
1
 10
181.86826904296876
 20
126.43430419921874
 10
181.86826904296876
 20
126.32771484374999
 10
182.72098388671878
 20
126.32771484374999
 10
182.72098388671878
 20
126.43430419921874
  0
LWPOLYLINE
  5
3BD
330
17
100
AcDbEntity
  8
RASTER_TRACE
100
AcDbPolyline
 90
4
 70
1
 10
180.37601806640626
 20
126.43430419921874
 10
180.37601806640626
 20
126.32771484374999
 10
181.22873291015628
 20
126.32771484374999
 10
181.22873291015628
 20
126.43430419921874
  0
LWPOLYLINE
  5
3BE
330
17
100
AcDbEntity
  8
RASTER_TRACE
100
AcDbPolyline
 90
4
 70
1
 10
178.99035644531253
 20
126.43430419921874
 10
178.99035644531253
 20
126.32771484374999
 10
179.84307128906252
 20
126.32771484374999
 10
179.84307128906252
 20
126.43430419921874
  0
LWPOLYLINE
  5
3BF
330
17
100
AcDbEntity
  8
RASTER_TRACE
100
AcDbPolyline
 90
4
 70
1
 10
177.60469482421877
 20
126.43430419921874
 10
177.60469482421877
 20
126.32771484374999
 10
178.45740966796876
 20
126.32771484374999
 10
178.35082031250002
 20
126.43430419921874
  0
LWPOLYLINE
  5
3C0
330
17
100
AcDbEntity
  8
RASTER_TRACE
100
AcDbPolyline
 90
4
 70
1
 10
176.219033203125
 20
126.43430419921874
 10
176.219033203125
 20
126.32771484374999
 10
176.96515869140626
 20
126.32771484374999
 10
176.96515869140626
 20
126.43430419921874
  0
LWPOLYLINE
  5
3C1
330
17
100
AcDbEntity
  8
RASTER_TRACE
100
AcDbPolyline
 90
4
 70
1
 10
174.83337158203128
 20
126.43430419921874
 10
174.83337158203128
 20
126.32771484374999
 10
175.57949707031253
 20
126.32771484374999
 10
175.57949707031253
 20
126.43430419921874
  0
LWPOLYLINE
  5
3C2
330
17
100
AcDbEntity
  8
RASTER_TRACE
100
AcDbPolyline
 90
4
 70
1
 10
173.44770996093752
 20
126.43430419921874
 10
173.44770996093752
 20
126.32771484374999
 10
174.19383544921877
 20
126.32771484374999
 10
174.19383544921877
 20
126.43430419921874
  0
LWPOLYLINE
  5
3C3
330
17
100
AcDbEntity
  8
RASTER_TRACE
100
AcDbPolyline
 90
4
 70
1
 10
172.06204833984376
 20
126.43430419921874
 10
172.06204833984376
 20
126.32771484374999
 10
172.91476318359378
 20
126.32771484374999
 10
172.91476318359378
 20
126.43430419921874
  0
LWPOLYLINE
  5
3C4
330
17
100
AcDbEntity
  8
RASTER_TRACE
100
AcDbPolyline
 90
4
 70
1
 10
170.78297607421877
 20
126.43430419921874
 10
170.78297607421877
 20
126.32771484374999
 10
171.52910156250002
 20
126.32771484374999
 10
171.52910156250002
 20
126.43430419921874
  0
LWPOLYLINE
  5
3C5
330
17
100
AcDbEntity
  8
RASTER_TRACE
100
AcDbPolyline
 90
4
 70
1
 10
169.397314453125
 20
126.43430419921874
 10
169.397314453125
 20
126.32771484374999
 10
170.25002929687503
 20
126.32771484374999
 10
170.25002929687503
 20
126.43430419921874
  0
LWPOLYLINE
  5
3C6
330
17
100
AcDbEntity
  8
RASTER_TRACE
100
AcDbPolyline
 90
4
 70
1
 10
168.11824218750002
 20
126.32771484374999
 10
168.75777832031253
 20
126.32771484374999
 10
168.86436767578127
 20
126.43430419921874
 10
168.11824218750002
 20
126.43430419921874
  0
LWPOLYLINE
  5
3C7
330
17
100
AcDbEntity
  8
RASTER_TRACE
100
AcDbPolyline
 90
4
 70
1
 10
166.6259912109375
 20
126.43430419921874
 10
166.6259912109375
 20
126.32771484374999
 10
167.4787060546875
 20
126.32771484374999
 10
167.4787060546875
 20
126.43430419921874
  0
LWPOLYLINE
  5
3C8
330
17
100
AcDbEntity
  8
RASTER_TRACE
100
AcDbPolyline
 90
4
 70
1
 10
165.24032958984378
 20
126.43430419921874
 10
165.24032958984378
 20
126.32771484374999
 10
166.09304443359378
 20
126.32771484374999
 10
166.09304443359378
 20
126.43430419921874
  0
LWPOLYLINE
  5
3C9
330
17
100
AcDbEntity
  8
RASTER_TRACE
100
AcDbPolyline
 90
4
 70
1
 10
163.85466796875002
 20
126.43430419921874
 10
163.85466796875002
 20
126.32771484374999
 10
164.70738281250001
 20
126.32771484374999
 10
164.70738281250001
 20
126.43430419921874
  0
LWPOLYLINE
  5
3CA
330
17
100
AcDbEntity
  8
RASTER_TRACE
100
AcDbPolyline
 90
4
 70
1
 10
162.46900634765626
 20
126.43430419921874
 10
162.46900634765626
 20
126.32771484374999
 10
163.2151318359375
 20
126.32771484374999
 10
163.2151318359375
 20
126.43430419921874
  0
LWPOLYLINE
  5
3CB
330
17
100
AcDbEntity
  8
RASTER_TRACE
100
AcDbPolyline
 90
4
 70
1
 10
161.08334472656253
 20
126.43430419921874
 10
161.18993408203127
 20
126.32771484374999
 10
161.82947021484378
 20
126.32771484374999
 10
161.93605957031252
 20
126.43430419921874
  0
LWPOLYLINE
  5
3CC
330
17
100
AcDbEntity
  8
RASTER_TRACE
100
AcDbPolyline
 90
4
 70
1
 10
159.59109375000003
 20
126.43430419921874
 10
159.59109375000003
 20
126.32771484374999
 10
160.44380859375002
 20
126.32771484374999
 10
160.44380859375002
 20
126.43430419921874
  0
LWPOLYLINE
  5
3CD
330
17
100
AcDbEntity
  8
RASTER_TRACE
100
AcDbPolyline
 90
4
 70
1
 10
158.20543212890627
 20
126.43430419921874
 10
158.312021484375
 20
126.32771484374999
 10
159.05814697265626
 20
126.32771484374999
 10
159.16473632812503
 20
126.43430419921874
  0
LWPOLYLINE
  5
3CE
330
17
100
AcDbEntity
  8
RASTER_TRACE
100
AcDbPolyline
 90
4
 70
1
 10
150.95735595703127
 20
126.43430419921874
 10
150.85076660156253
 20
126.22112548828125
 10
150.85076660156253
 20
125.79476806640625
 10
150.95735595703127
 20
126.00794677734373
  0
LWPOLYLINE
  5
3CF
330
17
100
AcDbEntity
  8
RASTER_TRACE
100
AcDbPolyline
 90
4
 70
1
 10
155.22093017578126
 20
126.64748291015624
 10
155.22093017578126
 20
126.11453613281249
 10
155.32751953125
 20
125.90135742187499
 10
155.32751953125
 20
126.64748291015624
  0
LWPOLYLINE
  5
3D0
330
17
100
AcDbEntity
  8
RASTER_TRACE
100
AcDbPolyline
 90
4
 70
1
 10
149.25192626953128
 20
126.86066162109374
 10
149.35851562500002
 20
126.75407226562498
 10
149.67828369140628
 20
126.75407226562498
 10
149.67828369140628
 20
126.86066162109374
  0
LWPOLYLINE
  5
3D1
330
17
100
AcDbEntity
  8
RASTER_TRACE
100
AcDbPolyline
 90
8
 70
1
 10
147.86626464843752
 20
126.86066162109374
 10
147.86626464843752
 20
126.75407226562498
 10
148.29262207031252
 20
126.75407226562498
 10
148.39921142578126
 20
126.64748291015624
 10
148.50580078125003
 20
126.75407226562498
 10
148.82556884765626
 20
126.75407226562498
 10
148.61239013671877
 20
126.75407226562498
 10
148.50580078125003
 20
126.86066162109374
  0
LWPOLYLINE
  5
3D2
330
17
100
AcDbEntity
  8
RASTER_TRACE
100
AcDbPolyline
 90
4
 70
1
 10
146.5871923828125
 20
126.86066162109374
 10
146.5871923828125
 20
126.75407226562498
 10
147.226728515625
 20
126.75407226562498
 10
147.12013916015627
 20
126.86066162109374
  0
LWPOLYLINE
  5
3D3
330
17
100
AcDbEntity
  8
RASTER_TRACE
100
AcDbPolyline
 90
4
 70
1
 10
145.3081201171875
 20
126.86066162109374
 10
145.3081201171875
 20
126.75407226562498
 10
145.94765625000002
 20
126.75407226562498
 10
145.84106689453128
 20
126.86066162109374
  0
LWPOLYLINE
  5
3D4
330
17
100
AcDbEntity
  8
RASTER_TRACE
100
AcDbPolyline
 90
7
 70
1
 10
206.59699951171876
 20
127.07384033203124
 10
206.81017822265628
 20
127.07384033203124
 10
207.12994628906253
 20
126.75407226562498
 10
207.12994628906253
 20
126.22112548828125
 10
207.02335693359376
 20
126.11453613281249
 10
206.49041015625002
 20
126.5408935546875
 10
206.49041015625002
 20
126.9672509765625
  0
LWPOLYLINE
  5
3D5
330
17
100
AcDbEntity
  8
RASTER_TRACE
100
AcDbPolyline
 90
7
 70
1
 10
54.60057861328125
 20
126.9672509765625
 10
54.60057861328125
 20
126.64748291015624
 10
54.70716796875001
 20
126.5408935546875
 10
54.60057861328125
 20
126.32771484374999
 10
54.920346679687505
 20
126.32771484374999
 10
54.70716796875001
 20
126.43430419921874
 10
54.70716796875001
 20
126.9672509765625
  0
LWPOLYLINE
  5
3D6
330
17
100
AcDbEntity
  8
RASTER_TRACE
100
AcDbPolyline
 90
6
 70
1
 10
156.3934130859375
 20
127.07384033203124
 10
156.50000244140628
 20
127.1804296875
 10
156.92635986328128
 20
127.1804296875
 10
157.03294921875002
 20
127.07384033203124
 10
157.03294921875002
 20
126.64748291015624
 10
156.92635986328128
 20
126.5408935546875
  0
LWPOLYLINE
  5
3D7
330
17
100
AcDbEntity
  8
RASTER_TRACE
100
AcDbPolyline
 90
19
 70
1
 10
223.11834960937503
 20
127.1804296875
 10
223.43811767578129
 20
127.50019775390624
 10
223.86447509765628
 20
127.50019775390624
 10
223.97106445312502
 20
127.3936083984375
 10
223.97106445312502
 20
127.1804296875
 10
223.97106445312502
 20
127.3936083984375
 10
224.07765380859377
 20
127.50019775390624
 10
224.50401123046876
 20
127.50019775390624
 10
224.82377929687502
 20
127.1804296875
 10
224.82377929687502
 20
126.64748291015624
 10
224.39742187500002
 20
126.32771484374999
 10
224.18424316406254
 20
126.32771484374999
 10
223.97106445312502
 20
126.64748291015624
 10
223.97106445312502
 20
126.86066162109374
 10
223.97106445312502
 20
126.5408935546875
 10
223.86447509765628
 20
126.43430419921874
 10
223.7578857421875
 20
126.5408935546875
 10
223.33152832031251
 20
126.5408935546875
 10
223.11834960937503
 20
126.75407226562498
  0
LWPOLYLINE
  5
3D8
330
17
100
AcDbEntity
  8
RASTER_TRACE
100
AcDbPolyline
 90
6
 70
1
 10
144.34881591796878
 20
127.50019775390624
 10
144.34881591796878
 20
126.75407226562498
 10
144.668583984375
 20
126.75407226562498
 10
144.668583984375
 20
126.86066162109374
 10
144.45540527343752
 20
126.9672509765625
 10
144.45540527343752
 20
127.50019775390624
  0
LWPOLYLINE
  5
3D9
330
17
100
AcDbEntity
  8
RASTER_TRACE
100
AcDbPolyline
 90
30
 70
1
 10
223.33152832031251
 20
127.60678710937499
 10
223.01176025390626
 20
127.28701904296875
 10
223.01176025390626
 20
126.22112548828125
 10
221.62609863281253
 20
125.2618212890625
 10
221.09315185546876
 20
124.72887451171874
 10
220.56020507812502
 20
123.87615966796875
 10
220.56020507812502
 20
123.44980224609374
 10
220.45361572265628
 20
123.34321289062498
 10
220.45361572265628
 20
118.33351318359374
 10
220.24043701171877
 20
118.226923828125
 10
220.45361572265628
 20
118.01374511718748
 10
220.45361572265628
 20
113.43040283203123
 10
220.56020507812502
 20
113.32381347656249
 10
220.56020507812502
 20
113.00404541015624
 10
221.09315185546876
 20
112.15133056640624
 10
221.83927734375
 20
111.405205078125
 10
222.47881347656252
 20
110.97884765625
 10
222.58540283203126
 20
108.74047119140624
 10
223.43811767578129
 20
108.10093505859373
 10
224.39742187500002
 20
107.56798828125
 10
225.25013671875
 20
107.46139892578124
 10
225.676494140625
 20
107.88775634765625
 10
225.676494140625
 20
118.01374511718748
 10
225.78308349609378
 20
118.12033447265624
 10
225.676494140625
 20
118.33351318359374
 10
225.676494140625
 20
124.30251708984375
 10
225.46331542968753
 20
124.62228515625
 10
225.03695800781253
 20
124.83546386718749
 10
224.93036865234376
 20
127.28701904296875
 10
224.61060058593753
 20
127.60678710937499
  0
LWPOLYLINE
  5
3DA
330
17
100
AcDbEntity
  8
RASTER_TRACE
100
AcDbPolyline
 90
4
 70
1
 10
97.5560888671875
 20
127.60678710937499
 10
97.5560888671875
 20
126.75407226562498
 10
97.66267822265627
 20
126.86066162109374
 10
97.66267822265627
 20
127.50019775390624
  0
LWPOLYLINE
  5
3DB
330
17
100
AcDbEntity
  8
RASTER_TRACE
100
AcDbPolyline
 90
55
 70
1
 10
28.592775878906252
 20
124.72887451171874
 10
30.404794921875002
 20
126.75407226562498
 10
52.575380859375
 20
127.71337646484375
 10
60.4629931640625
 20
126.75407226562498
 10
63.873852539062504
 20
125.36841064453125
 10
63.98044189453125
 20
123.34321289062498
 10
64.19362060546875
 20
125.2618212890625
 10
68.03083740234376
 20
124.19592773437499
 10
73.04053710937501
 20
124.40910644531249
 10
72.8273583984375
 20
123.5563916015625
 10
73.6800732421875
 20
124.62228515625
 10
91.16072753906252
 20
127.81996582031249
 10
115.56968994140627
 20
127.81996582031249
 10
115.67627929687501
 20
126.5408935546875
 10
115.78286865234375
 20
127.81996582031249
 10
150.74417724609376
 20
127.71337646484375
 10
150.31781982421876
 20
126.00794677734373
 10
150.95735595703127
 20
127.71337646484375
 10
155.75387695312503
 20
127.71337646484375
 10
155.9670556640625
 20
126.86066162109374
 10
156.07364501953126
 20
127.71337646484375
 10
157.13953857421876
 20
126.32771484374999
 10
157.24612792968753
 20
127.07384033203124
 10
206.2772314453125
 20
127.07384033203124
 10
205.8508740234375
 20
126.32771484374999
 10
207.12994628906253
 20
125.58158935546874
 10
207.02335693359376
 20
118.12033447265624
 10
206.06405273437503
 20
117.90715576171874
 10
207.02335693359376
 20
117.80056640625
 10
207.23653564453127
 20
111.72497314453125
 10
205.63769531250003
 20
109.27341796874998
 10
203.07955078125002
 20
108.52729248046873
 10
183.25393066406252
 20
108.42070312499999
 10
168.65118896484378
 20
111.93815185546873
 10
154.58139404296878
 20
109.38000732421874
 10
153.62208984375002
 20
110.01954345703123
 10
153.94185791015627
 20
109.27341796874998
 10
144.56199462890626
 20
108.20752441406249
 10
144.45540527343752
 20
108.95364990234374
 10
144.34881591796878
 20
108.20752441406249
 10
115.78286865234375
 20
108.20752441406249
 10
115.67627929687501
 20
109.59318603515624
 10
115.56968994140627
 20
108.20752441406249
 10
90.94754882812501
 20
108.42070312499999
 10
90.52119140625001
 20
109.27341796874998
 10
90.62778076171875
 20
108.42070312499999
 10
86.36420654296876
 20
108.42070312499999
 10
84.44559814453126
 20
110.65907958984374
 10
79.96884521484375
 20
110.97884765625
 10
79.86225585937501
 20
111.93815185546873
 10
79.6490771484375
 20
110.97884765625
 10
29.65866943359375
 20
111.1920263671875
 10
29.019133300781252
 20
118.12033447265624
 10
30.404794921875002
 20
118.226923828125
 10
29.019133300781252
 20
118.33351318359374
  0
LWPOLYLINE
  5
3DC
330
17
100
AcDbEntity
  8
RASTER_TRACE
100
AcDbPolyline
 90
20
 70
1
 10
28.379597167968754
 20
124.83546386718749
 10
29.7652587890625
 20
110.01954345703123
 10
81.46109619140626
 20
110.01954345703123
 10
85.83125976562499
 20
108.31411376953125
 10
147.97285400390626
 20
107.99434570312499
 10
170.56979736328128
 20
111.72497314453125
 10
180.90896484375003
 20
107.56798828125
 10
204.14544433593753
 20
107.46139892578124
 10
205.8508740234375
 20
108.20752441406249
 10
207.34312500000001
 20
110.552490234375
 10
207.34312500000001
 20
126.64748291015624
 10
206.70358886718753
 20
127.28701904296875
 10
115.78286865234375
 20
128.03314453125
 10
115.67627929687501
 20
129.41880615234373
 10
115.56968994140627
 20
128.03314453125
 10
91.16072753906252
 20
128.03314453125
 10
71.335107421875
 20
124.40910644531249
 10
66.75176513671875
 20
124.62228515625
 10
55.24011474609375
 20
128.03314453125
 10
30.404794921875002
 20
126.9672509765625
  0
LWPOLYLINE
  5
3DD
330
17
100
AcDbEntity
  8
RASTER_TRACE
100
AcDbPolyline
 90
2
 70
1
 10
115.78286865234375
 20
138.9052587890625
 10
115.78286865234375
 20
137.41300781249998
  0
LWPOLYLINE
  5
3DE
330
17
100
AcDbEntity
  8
RASTER_TRACE
100
AcDbPolyline
 90
6
 70
1
 10
66.96494384765626
 20
139.43820556640622
 10
67.071533203125
 20
139.544794921875
 10
67.28471191406251
 20
139.544794921875
 10
67.39130126953125
 20
139.43820556640622
 10
67.28471191406251
 20
139.3316162109375
 10
67.071533203125
 20
139.3316162109375
  0
LWPOLYLINE
  5
3DF
330
17
100
AcDbEntity
  8
RASTER_TRACE
100
AcDbPolyline
 90
15
 70
1
 10
207.34312500000001
 20
140.61068847656247
 10
207.55630371093753
 20
140.397509765625
 10
207.55630371093753
 20
140.07774169921873
 10
207.66289306640627
 20
139.97115234375
 10
207.66289306640627
 20
139.65138427734374
 10
207.769482421875
 20
139.544794921875
 10
207.769482421875
 20
139.43820556640622
 10
207.44971435546879
 20
139.1184375
 10
207.23653564453127
 20
139.22502685546874
 10
207.23653564453127
 20
139.43820556640622
 10
207.12994628906253
 20
139.544794921875
 10
207.12994628906253
 20
139.86456298828125
 10
207.02335693359376
 20
139.97115234375
 10
207.02335693359376
 20
140.29092041015625
 10
207.23653564453127
 20
140.397509765625
  0
LWPOLYLINE
  5
3E0
330
17
100
AcDbEntity
  8
RASTER_TRACE
100
AcDbPolyline
 90
2
 70
1
 10
188.7965771484375
 20
140.50409912109376
 10
189.54270263671876
 20
140.50409912109376
  0
LWPOLYLINE
  5
3E1
330
17
100
AcDbEntity
  8
RASTER_TRACE
100
AcDbPolyline
 90
2
 70
1
 10
184.85277099609377
 20
140.50409912109376
 10
185.59889648437502
 20
140.50409912109376
  0
LWPOLYLINE
  5
3E2
330
17
100
AcDbEntity
  8
RASTER_TRACE
100
AcDbPolyline
 90
2
 70
1
 10
178.45740966796876
 20
140.50409912109376
 10
179.31012451171878
 20
140.50409912109376
  0
LWPOLYLINE
  5
3E3
330
17
100
AcDbEntity
  8
RASTER_TRACE
100
AcDbPolyline
 90
2
 70
1
 10
177.17833740234377
 20
140.50409912109376
 10
177.92446289062502
 20
140.50409912109376
  0
LWPOLYLINE
  5
3E4
330
17
100
AcDbEntity
  8
RASTER_TRACE
100
AcDbPolyline
 90
2
 70
1
 10
175.79267578125
 20
140.50409912109376
 10
176.64539062500003
 20
140.50409912109376
  0
LWPOLYLINE
  5
3E5
330
17
100
AcDbEntity
  8
RASTER_TRACE
100
AcDbPolyline
 90
2
 70
1
 10
174.51360351562502
 20
140.50409912109376
 10
175.36631835937501
 20
140.50409912109376
  0
LWPOLYLINE
  5
3E6
330
17
100
AcDbEntity
  8
RASTER_TRACE
100
AcDbPolyline
 90
2
 70
1
 10
173.23453125000003
 20
140.50409912109376
 10
173.98065673828128
 20
140.50409912109376
  0
LWPOLYLINE
  5
3E7
330
17
100
AcDbEntity
  8
RASTER_TRACE
100
AcDbPolyline
 90
2
 70
1
 10
171.84886962890627
 20
140.50409912109376
 10
172.70158447265626
 20
140.50409912109376
  0
LWPOLYLINE
  5
3E8
330
17
100
AcDbEntity
  8
RASTER_TRACE
100
AcDbPolyline
 90
2
 70
1
 10
170.56979736328128
 20
140.50409912109376
 10
171.42251220703128
 20
140.50409912109376
  0
LWPOLYLINE
  5
3E9
330
17
100
AcDbEntity
  8
RASTER_TRACE
100
AcDbPolyline
 90
2
 70
1
 10
169.29072509765626
 20
140.50409912109376
 10
170.03685058593751
 20
140.50409912109376
  0
LWPOLYLINE
  5
3EA
330
17
100
AcDbEntity
  8
RASTER_TRACE
100
AcDbPolyline
 90
2
 70
1
 10
167.90506347656253
 20
140.50409912109376
 10
168.75777832031253
 20
140.50409912109376
  0
LWPOLYLINE
  5
3EB
330
17
100
AcDbEntity
  8
RASTER_TRACE
100
AcDbPolyline
 90
2
 70
1
 10
166.6259912109375
 20
140.50409912109376
 10
167.4787060546875
 20
140.50409912109376
  0
LWPOLYLINE
  5
3EC
330
17
100
AcDbEntity
  8
RASTER_TRACE
100
AcDbPolyline
 90
2
 70
1
 10
165.34691894531252
 20
140.50409912109376
 10
166.09304443359378
 20
140.50409912109376
  0
LWPOLYLINE
  5
3ED
330
17
100
AcDbEntity
  8
RASTER_TRACE
100
AcDbPolyline
 90
2
 70
1
 10
163.96125732421876
 20
140.50409912109376
 10
164.81397216796876
 20
140.50409912109376
  0
LWPOLYLINE
  5
3EE
330
17
100
AcDbEntity
  8
RASTER_TRACE
100
AcDbPolyline
 90
2
 70
1
 10
162.68218505859377
 20
140.50409912109376
 10
163.53489990234377
 20
140.50409912109376
  0
LWPOLYLINE
  5
3EF
330
17
100
AcDbEntity
  8
RASTER_TRACE
100
AcDbPolyline
 90
5
 70
1
 10
85.61808105468751
 20
140.50409912109376
 10
85.51149169921877
 20
140.29092041015625
 10
85.19172363281251
 20
139.97115234375
 10
85.19172363281251
 20
139.75797363281248
 10
85.51149169921877
 20
140.1843310546875
  0
LWPOLYLINE
  5
3F0
330
17
100
AcDbEntity
  8
RASTER_TRACE
100
AcDbPolyline
 90
4
 70
1
 10
204.78498046875004
 20
140.61068847656247
 10
204.78498046875004
 20
140.50409912109376
 10
205.53110595703126
 20
140.50409912109376
 10
205.53110595703126
 20
140.61068847656247
  0
LWPOLYLINE
  5
3F1
330
17
100
AcDbEntity
  8
RASTER_TRACE
100
AcDbPolyline
 90
4
 70
1
 10
203.50590820312502
 20
140.61068847656247
 10
203.50590820312502
 20
140.50409912109376
 10
204.25203369140627
 20
140.50409912109376
 10
204.25203369140627
 20
140.61068847656247
  0
LWPOLYLINE
  5
3F2
330
17
100
AcDbEntity
  8
RASTER_TRACE
100
AcDbPolyline
 90
4
 70
1
 10
202.12024658203129
 20
140.61068847656247
 10
202.12024658203129
 20
140.50409912109376
 10
202.97296142578128
 20
140.50409912109376
 10
202.8663720703125
 20
140.61068847656247
  0
LWPOLYLINE
  5
3F3
330
17
100
AcDbEntity
  8
RASTER_TRACE
100
AcDbPolyline
 90
4
 70
1
 10
200.84117431640627
 20
140.61068847656247
 10
200.84117431640627
 20
140.50409912109376
 10
201.58729980468752
 20
140.50409912109376
 10
201.58729980468752
 20
140.61068847656247
  0
LWPOLYLINE
  5
3F4
330
17
100
AcDbEntity
  8
RASTER_TRACE
100
AcDbPolyline
 90
4
 70
1
 10
199.45551269531254
 20
140.50409912109376
 10
200.30822753906253
 20
140.50409912109376
 10
200.20163818359376
 20
140.61068847656247
 10
199.56210205078128
 20
140.61068847656247
  0
LWPOLYLINE
  5
3F5
330
17
100
AcDbEntity
  8
RASTER_TRACE
100
AcDbPolyline
 90
4
 70
1
 10
198.17644042968752
 20
140.61068847656247
 10
198.17644042968752
 20
140.50409912109376
 10
198.92256591796877
 20
140.50409912109376
 10
198.92256591796877
 20
140.61068847656247
  0
LWPOLYLINE
  5
3F6
330
17
100
AcDbEntity
  8
RASTER_TRACE
100
AcDbPolyline
 90
6
 70
1
 10
196.79077880859379
 20
140.50409912109376
 10
197.64349365234378
 20
140.50409912109376
 10
197.536904296875
 20
140.61068847656247
 10
197.21713623046878
 20
140.61068847656247
 10
197.110546875
 20
140.50409912109376
 10
196.89736816406253
 20
140.61068847656247
  0
LWPOLYLINE
  5
3F7
330
17
100
AcDbEntity
  8
RASTER_TRACE
100
AcDbPolyline
 90
4
 70
1
 10
195.51170654296877
 20
140.61068847656247
 10
195.51170654296877
 20
140.50409912109376
 10
196.25783203125002
 20
140.50409912109376
 10
196.25783203125002
 20
140.61068847656247
  0
LWPOLYLINE
  5
3F8
330
17
100
AcDbEntity
  8
RASTER_TRACE
100
AcDbPolyline
 90
4
 70
1
 10
194.126044921875
 20
140.50409912109376
 10
194.97875976562503
 20
140.50409912109376
 10
194.87217041015626
 20
140.61068847656247
 10
194.23263427734378
 20
140.61068847656247
  0
LWPOLYLINE
  5
3F9
330
17
100
AcDbEntity
  8
RASTER_TRACE
100
AcDbPolyline
 90
4
 70
1
 10
192.84697265625002
 20
140.61068847656247
 10
192.84697265625002
 20
140.50409912109376
 10
193.59309814453127
 20
140.50409912109376
 10
192.95356201171876
 20
140.50409912109376
  0
LWPOLYLINE
  5
3FA
330
17
100
AcDbEntity
  8
RASTER_TRACE
100
AcDbPolyline
 90
4
 70
1
 10
192.31402587890628
 20
140.61068847656247
 10
192.10084716796877
 20
140.50409912109376
 10
191.46131103515626
 20
140.50409912109376
 10
192.31402587890628
 20
140.50409912109376
  0
LWPOLYLINE
  5
3FB
330
17
100
AcDbEntity
  8
RASTER_TRACE
100
AcDbPolyline
 90
3
 70
1
 10
190.92836425781252
 20
140.50409912109376
 10
190.82177490234378
 20
140.61068847656247
 10
190.07564941406253
 20
140.50409912109376
  0
LWPOLYLINE
  5
3FC
330
17
100
AcDbEntity
  8
RASTER_TRACE
100
AcDbPolyline
 90
4
 70
1
 10
187.41091552734378
 20
140.50409912109376
 10
188.26363037109377
 20
140.50409912109376
 10
187.62409423828126
 20
140.50409912109376
 10
187.51750488281252
 20
140.61068847656247
  0
LWPOLYLINE
  5
3FD
330
17
100
AcDbEntity
  8
RASTER_TRACE
100
AcDbPolyline
 90
4
 70
1
 10
186.13184326171876
 20
140.50409912109376
 10
186.98455810546878
 20
140.50409912109376
 10
186.87796875
 20
140.61068847656247
 10
186.23843261718753
 20
140.61068847656247
  0
LWPOLYLINE
  5
3FE
330
17
100
AcDbEntity
  8
RASTER_TRACE
100
AcDbPolyline
 90
6
 70
1
 10
183.57369873046878
 20
140.50409912109376
 10
184.31982421875003
 20
140.50409912109376
 10
184.31982421875003
 20
140.61068847656247
 10
184.21323486328126
 20
140.50409912109376
 10
183.78687744140626
 20
140.50409912109376
 10
183.68028808593752
 20
140.61068847656247
  0
LWPOLYLINE
  5
3FF
330
17
100
AcDbEntity
  8
RASTER_TRACE
100
AcDbPolyline
 90
6
 70
1
 10
182.29462646484376
 20
140.50409912109376
 10
183.14734130859378
 20
140.50409912109376
 10
182.82757324218753
 20
140.50409912109376
 10
182.72098388671878
 20
140.61068847656247
 10
182.61439453125
 20
140.50409912109376
 10
182.50780517578127
 20
140.61068847656247
  0
LWPOLYLINE
  5
400
330
17
100
AcDbEntity
  8
RASTER_TRACE
100
AcDbPolyline
 90
6
 70
1
 10
181.1221435546875
 20
140.61068847656247
 10
181.1221435546875
 20
140.50409912109376
 10
181.86826904296876
 20
140.50409912109376
 10
181.65509033203128
 20
140.50409912109376
 10
181.5485009765625
 20
140.61068847656247
 10
181.33532226562502
 20
140.50409912109376
  0
LWPOLYLINE
  5
401
330
17
100
AcDbEntity
  8
RASTER_TRACE
100
AcDbPolyline
 90
7
 70
1
 10
179.73648193359378
 20
140.50409912109376
 10
180.58919677734377
 20
140.50409912109376
 10
180.48260742187503
 20
140.61068847656247
 10
180.37601806640626
 20
140.50409912109376
 10
180.26942871093752
 20
140.61068847656247
 10
180.16283935546878
 20
140.50409912109376
 10
179.94966064453126
 20
140.61068847656247
  0
LWPOLYLINE
  5
402
330
17
100
AcDbEntity
  8
RASTER_TRACE
100
AcDbPolyline
 90
8
 70
1
 10
126.761572265625
 20
140.61068847656247
 10
126.86816162109375
 20
140.71727783203124
 10
127.40110839843751
 20
140.71727783203124
 10
127.72087646484377
 20
140.50409912109376
 10
127.72087646484377
 20
140.07774169921873
 10
127.614287109375
 20
139.97115234375
 10
126.86816162109375
 20
139.97115234375
 10
126.761572265625
 20
140.07774169921873
  0
LWPOLYLINE
  5
403
330
17
100
AcDbEntity
  8
RASTER_TRACE
100
AcDbPolyline
 90
8
 70
1
 10
124.52319580078125
 20
140.61068847656247
 10
124.62978515625002
 20
140.71727783203124
 10
126.54839355468752
 20
140.71727783203124
 10
126.65498291015626
 20
140.61068847656247
 10
126.65498291015626
 20
140.07774169921873
 10
126.54839355468752
 20
139.97115234375
 10
124.62978515625002
 20
139.97115234375
 10
124.52319580078125
 20
140.07774169921873
  0
LWPOLYLINE
  5
404
330
17
100
AcDbEntity
  8
RASTER_TRACE
100
AcDbPolyline
 90
9
 70
1
 10
118.98054931640627
 20
140.07774169921873
 10
118.98054931640627
 20
140.50409912109376
 10
119.19372802734375
 20
140.71727783203124
 10
124.31001708984377
 20
140.71727783203124
 10
124.52319580078125
 20
140.50409912109376
 10
124.41660644531251
 20
140.397509765625
 10
124.41660644531251
 20
140.07774169921873
 10
124.31001708984377
 20
139.97115234375
 10
119.08713867187501
 20
139.97115234375
  0
LWPOLYLINE
  5
405
330
17
100
AcDbEntity
  8
RASTER_TRACE
100
AcDbPolyline
 90
13
 70
1
 10
115.24992187500001
 20
140.61068847656247
 10
115.35651123046875
 20
140.71727783203124
 10
115.67627929687501
 20
140.71727783203124
 10
115.78286865234375
 20
140.61068847656247
 10
115.78286865234375
 20
140.397509765625
 10
115.78286865234375
 20
140.50409912109376
 10
115.99604736328126
 20
140.71727783203124
 10
118.8739599609375
 20
140.71727783203124
 10
118.98054931640627
 20
140.61068847656247
 10
118.98054931640627
 20
140.07774169921873
 10
118.8739599609375
 20
139.97115234375
 10
115.35651123046875
 20
139.97115234375
 10
115.24992187500001
 20
140.07774169921873
  0
LWPOLYLINE
  5
406
330
17
100
AcDbEntity
  8
RASTER_TRACE
100
AcDbPolyline
 90
8
 70
1
 10
114.39720703125002
 20
140.50409912109376
 10
114.50379638671876
 20
140.61068847656247
 10
115.0367431640625
 20
140.71727783203124
 10
115.24992187500001
 20
140.50409912109376
 10
115.24992187500001
 20
140.07774169921873
 10
115.14333251953127
 20
139.97115234375
 10
114.50379638671876
 20
139.97115234375
 10
114.39720703125002
 20
140.07774169921873
  0
LWPOLYLINE
  5
407
330
17
100
AcDbEntity
  8
RASTER_TRACE
100
AcDbPolyline
 90
6
 70
1
 10
87.536689453125
 20
140.71727783203124
 10
87.43010009765626
 20
140.71727783203124
 10
87.3235107421875
 20
140.50409912109376
 10
87.00374267578127
 20
140.1843310546875
 10
87.11033203125001
 20
140.1843310546875
 10
87.11033203125001
 20
140.29092041015625
  0
LWPOLYLINE
  5
408
330
17
100
AcDbEntity
  8
RASTER_TRACE
100
AcDbPolyline
 90
30
 70
1
 10
63.021137695312504
 20
140.71727783203124
 10
63.12772705078125
 20
140.8238671875
 10
63.23431640625
 20
140.71727783203124
 10
63.44749511718751
 20
140.71727783203124
 10
64.30020996093751
 20
140.29092041015625
 10
64.83315673828125
 20
140.1843310546875
 10
65.1529248046875
 20
139.97115234375
 10
65.68587158203125
 20
139.86456298828125
 10
66.0056396484375
 20
139.65138427734374
 10
66.218818359375
 20
139.65138427734374
 10
66.32540771484375
 20
139.544794921875
 10
66.53858642578126
 20
139.544794921875
 10
66.64517578125
 20
139.43820556640622
 10
66.8583544921875
 20
139.43820556640622
 10
67.28471191406251
 20
139.22502685546874
 10
67.17812255859376
 20
139.1184375
 10
66.8583544921875
 20
139.1184375
 10
66.75176513671875
 20
139.22502685546874
 10
66.32540771484375
 20
139.22502685546874
 10
66.218818359375
 20
139.3316162109375
 10
65.89905029296875
 20
139.3316162109375
 10
65.79246093750001
 20
139.43820556640622
 10
65.04633544921876
 20
139.544794921875
 10
64.61997802734376
 20
139.75797363281248
 10
64.30020996093751
 20
139.75797363281248
 10
64.19362060546875
 20
139.86456298828125
 10
63.98044189453125
 20
139.86456298828125
 10
63.873852539062504
 20
139.97115234375
 10
63.34090576171875
 20
140.07774169921873
 10
63.021137695312504
 20
140.29092041015625
  0
LWPOLYLINE
  5
409
330
17
100
AcDbEntity
  8
RASTER_TRACE
100
AcDbPolyline
 90
8
 70
1
 10
206.70358886718753
 20
140.93045654296873
 10
206.81017822265628
 20
141.0370458984375
 10
207.12994628906253
 20
141.0370458984375
 10
207.34312500000001
 20
140.8238671875
 10
207.34312500000001
 20
140.61068847656247
 10
207.12994628906253
 20
140.397509765625
 10
207.02335693359376
 20
140.397509765625
 10
206.70358886718753
 20
140.71727783203124
  0
LWPOLYLINE
  5
40A
330
17
100
AcDbEntity
  8
RASTER_TRACE
100
AcDbPolyline
 90
6
 70
1
 10
156.28682373046877
 20
140.93045654296873
 10
156.3934130859375
 20
140.8238671875
 10
156.3934130859375
 20
140.61068847656247
 10
156.50000244140628
 20
140.397509765625
 10
156.50000244140628
 20
140.71727783203124
 10
156.3934130859375
 20
140.93045654296873
  0
LWPOLYLINE
  5
40B
330
17
100
AcDbEntity
  8
RASTER_TRACE
100
AcDbPolyline
 90
4
 70
1
 10
151.0639453125
 20
140.93045654296873
 10
151.0639453125
 20
140.8238671875
 10
151.38371337890626
 20
140.397509765625
 10
151.27712402343752
 20
140.71727783203124
  0
LWPOLYLINE
  5
40C
330
17
100
AcDbEntity
  8
RASTER_TRACE
100
AcDbPolyline
 90
2
 70
1
 10
186.13184326171876
 20
141.0370458984375
 10
186.98455810546878
 20
141.0370458984375
  0
LWPOLYLINE
  5
40D
330
17
100
AcDbEntity
  8
RASTER_TRACE
100
AcDbPolyline
 90
2
 70
1
 10
183.57369873046878
 20
141.0370458984375
 10
184.42641357421877
 20
141.0370458984375
  0
LWPOLYLINE
  5
40E
330
17
100
AcDbEntity
  8
RASTER_TRACE
100
AcDbPolyline
 90
2
 70
1
 10
182.29462646484376
 20
141.0370458984375
 10
183.14734130859378
 20
141.0370458984375
  0
LWPOLYLINE
  5
40F
330
17
100
AcDbEntity
  8
RASTER_TRACE
100
AcDbPolyline
 90
2
 70
1
 10
181.01555419921877
 20
141.0370458984375
 10
181.86826904296876
 20
141.0370458984375
  0
LWPOLYLINE
  5
410
330
17
100
AcDbEntity
  8
RASTER_TRACE
100
AcDbPolyline
 90
2
 70
1
 10
179.73648193359378
 20
141.0370458984375
 10
180.58919677734377
 20
141.0370458984375
  0
LWPOLYLINE
  5
411
330
17
100
AcDbEntity
  8
RASTER_TRACE
100
AcDbPolyline
 90
2
 70
1
 10
178.45740966796876
 20
141.0370458984375
 10
179.31012451171878
 20
141.0370458984375
  0
LWPOLYLINE
  5
412
330
17
100
AcDbEntity
  8
RASTER_TRACE
100
AcDbPolyline
 90
2
 70
1
 10
175.79267578125
 20
141.0370458984375
 10
176.64539062500003
 20
141.0370458984375
  0
LWPOLYLINE
  5
413
330
17
100
AcDbEntity
  8
RASTER_TRACE
100
AcDbPolyline
 90
2
 70
1
 10
174.51360351562502
 20
141.0370458984375
 10
175.36631835937501
 20
141.0370458984375
  0
LWPOLYLINE
  5
414
330
17
100
AcDbEntity
  8
RASTER_TRACE
100
AcDbPolyline
 90
2
 70
1
 10
173.12794189453126
 20
141.0370458984375
 10
174.08724609375003
 20
141.0370458984375
  0
LWPOLYLINE
  5
415
330
17
100
AcDbEntity
  8
RASTER_TRACE
100
AcDbPolyline
 90
2
 70
1
 10
171.84886962890627
 20
141.0370458984375
 10
172.808173828125
 20
141.0370458984375
  0
LWPOLYLINE
  5
416
330
17
100
AcDbEntity
  8
RASTER_TRACE
100
AcDbPolyline
 90
2
 70
1
 10
170.56979736328128
 20
141.0370458984375
 10
171.42251220703128
 20
141.0370458984375
  0
LWPOLYLINE
  5
417
330
17
100
AcDbEntity
  8
RASTER_TRACE
100
AcDbPolyline
 90
2
 70
1
 10
169.29072509765626
 20
141.0370458984375
 10
170.14343994140626
 20
141.0370458984375
  0
LWPOLYLINE
  5
418
330
17
100
AcDbEntity
  8
RASTER_TRACE
100
AcDbPolyline
 90
2
 70
1
 10
167.90506347656253
 20
141.0370458984375
 10
168.75777832031253
 20
141.0370458984375
  0
LWPOLYLINE
  5
419
330
17
100
AcDbEntity
  8
RASTER_TRACE
100
AcDbPolyline
 90
2
 70
1
 10
166.6259912109375
 20
141.0370458984375
 10
167.4787060546875
 20
141.0370458984375
  0
LWPOLYLINE
  5
41A
330
17
100
AcDbEntity
  8
RASTER_TRACE
100
AcDbPolyline
 90
2
 70
1
 10
165.24032958984378
 20
141.0370458984375
 10
166.19963378906252
 20
141.0370458984375
  0
LWPOLYLINE
  5
41B
330
17
100
AcDbEntity
  8
RASTER_TRACE
100
AcDbPolyline
 90
2
 70
1
 10
163.96125732421876
 20
141.0370458984375
 10
164.92056152343753
 20
141.0370458984375
  0
LWPOLYLINE
  5
41C
330
17
100
AcDbEntity
  8
RASTER_TRACE
100
AcDbPolyline
 90
2
 70
1
 10
162.68218505859377
 20
141.0370458984375
 10
163.53489990234377
 20
141.0370458984375
  0
LWPOLYLINE
  5
41D
330
17
100
AcDbEntity
  8
RASTER_TRACE
100
AcDbPolyline
 90
4
 70
1
 10
204.78498046875004
 20
141.0370458984375
 10
205.53110595703126
 20
141.0370458984375
 10
205.63769531250003
 20
141.14363525390624
 10
204.78498046875004
 20
141.14363525390624
  0
LWPOLYLINE
  5
41E
330
17
100
AcDbEntity
  8
RASTER_TRACE
100
AcDbPolyline
 90
4
 70
1
 10
203.50590820312502
 20
141.14363525390624
 10
203.50590820312502
 20
141.0370458984375
 10
204.25203369140627
 20
141.0370458984375
 10
204.25203369140627
 20
141.14363525390624
  0
LWPOLYLINE
  5
41F
330
17
100
AcDbEntity
  8
RASTER_TRACE
100
AcDbPolyline
 90
4
 70
1
 10
202.12024658203129
 20
141.14363525390624
 10
202.12024658203129
 20
141.0370458984375
 10
202.97296142578128
 20
141.0370458984375
 10
202.97296142578128
 20
141.14363525390624
  0
LWPOLYLINE
  5
420
330
17
100
AcDbEntity
  8
RASTER_TRACE
100
AcDbPolyline
 90
4
 70
1
 10
200.84117431640627
 20
141.14363525390624
 10
200.84117431640627
 20
141.0370458984375
 10
201.69388916015626
 20
141.0370458984375
 10
201.58729980468752
 20
141.14363525390624
  0
LWPOLYLINE
  5
421
330
17
100
AcDbEntity
  8
RASTER_TRACE
100
AcDbPolyline
 90
4
 70
1
 10
199.45551269531254
 20
141.14363525390624
 10
199.45551269531254
 20
141.0370458984375
 10
200.30822753906253
 20
141.0370458984375
 10
200.30822753906253
 20
141.14363525390624
  0
LWPOLYLINE
  5
422
330
17
100
AcDbEntity
  8
RASTER_TRACE
100
AcDbPolyline
 90
4
 70
1
 10
198.17644042968752
 20
141.14363525390624
 10
198.17644042968752
 20
141.0370458984375
 10
199.0291552734375
 20
141.0370458984375
 10
199.0291552734375
 20
141.14363525390624
  0
LWPOLYLINE
  5
423
330
17
100
AcDbEntity
  8
RASTER_TRACE
100
AcDbPolyline
 90
4
 70
1
 10
196.79077880859379
 20
141.14363525390624
 10
196.79077880859379
 20
141.0370458984375
 10
197.64349365234378
 20
141.0370458984375
 10
197.64349365234378
 20
141.14363525390624
  0
LWPOLYLINE
  5
424
330
17
100
AcDbEntity
  8
RASTER_TRACE
100
AcDbPolyline
 90
4
 70
1
 10
195.51170654296877
 20
141.14363525390624
 10
195.51170654296877
 20
141.0370458984375
 10
196.36442138671876
 20
141.0370458984375
 10
196.25783203125002
 20
141.14363525390624
  0
LWPOLYLINE
  5
425
330
17
100
AcDbEntity
  8
RASTER_TRACE
100
AcDbPolyline
 90
4
 70
1
 10
194.126044921875
 20
141.14363525390624
 10
194.126044921875
 20
141.0370458984375
 10
194.97875976562503
 20
141.0370458984375
 10
194.97875976562503
 20
141.14363525390624
  0
LWPOLYLINE
  5
426
330
17
100
AcDbEntity
  8
RASTER_TRACE
100
AcDbPolyline
 90
4
 70
1
 10
192.74038330078128
 20
141.0370458984375
 10
193.6996875
 20
141.0370458984375
 10
193.59309814453127
 20
141.14363525390624
 10
192.84697265625002
 20
141.14363525390624
  0
LWPOLYLINE
  5
427
330
17
100
AcDbEntity
  8
RASTER_TRACE
100
AcDbPolyline
 90
4
 70
1
 10
191.46131103515626
 20
141.0370458984375
 10
192.31402587890628
 20
141.0370458984375
 10
192.31402587890628
 20
141.14363525390624
 10
191.56790039062503
 20
141.14363525390624
  0
LWPOLYLINE
  5
428
330
17
100
AcDbEntity
  8
RASTER_TRACE
100
AcDbPolyline
 90
4
 70
1
 10
190.18223876953127
 20
141.0370458984375
 10
191.03495361328126
 20
141.0370458984375
 10
191.03495361328126
 20
141.14363525390624
 10
190.288828125
 20
141.14363525390624
  0
LWPOLYLINE
  5
429
330
17
100
AcDbEntity
  8
RASTER_TRACE
100
AcDbPolyline
 90
4
 70
1
 10
188.7965771484375
 20
141.0370458984375
 10
189.75588134765627
 20
141.0370458984375
 10
189.64929199218753
 20
141.14363525390624
 10
188.90316650390628
 20
141.14363525390624
  0
LWPOLYLINE
  5
42A
330
17
100
AcDbEntity
  8
RASTER_TRACE
100
AcDbPolyline
 90
6
 70
1
 10
187.41091552734378
 20
141.0370458984375
 10
188.3702197265625
 20
141.0370458984375
 10
188.26363037109377
 20
141.14363525390624
 10
188.05045166015628
 20
141.14363525390624
 10
187.9438623046875
 20
141.0370458984375
 10
187.62409423828126
 20
141.14363525390624
  0
LWPOLYLINE
  5
42B
330
17
100
AcDbEntity
  8
RASTER_TRACE
100
AcDbPolyline
 90
4
 70
1
 10
185.70548583984376
 20
141.0370458984375
 10
185.59889648437502
 20
141.14363525390624
 10
185.38571777343753
 20
141.0370458984375
 10
184.74618164062503
 20
141.0370458984375
  0
LWPOLYLINE
  5
42C
330
17
100
AcDbEntity
  8
RASTER_TRACE
100
AcDbPolyline
 90
4
 70
1
 10
177.07174804687503
 20
141.0370458984375
 10
178.03105224609376
 20
141.0370458984375
 10
177.92446289062502
 20
141.14363525390624
 10
177.17833740234377
 20
141.14363525390624
  0
LWPOLYLINE
  5
42D
330
17
100
AcDbEntity
  8
RASTER_TRACE
100
AcDbPolyline
 90
45
 70
1
 10
144.34881591796878
 20
141.25022460937498
 10
144.45540527343752
 20
141.35681396484375
 10
144.88176269531252
 20
141.35681396484375
 10
144.98835205078126
 20
141.25022460937498
 10
145.52129882812503
 20
141.25022460937498
 10
145.62788818359377
 20
141.14363525390624
 10
146.05424560546876
 20
141.14363525390624
 10
146.1608349609375
 20
141.0370458984375
 10
146.48060302734376
 20
141.0370458984375
 10
146.5871923828125
 20
140.93045654296873
 10
146.80037109375002
 20
140.93045654296873
 10
146.90696044921876
 20
140.8238671875
 10
147.43990722656253
 20
140.71727783203124
 10
147.97285400390626
 20
140.397509765625
 10
148.18603271484378
 20
140.397509765625
 10
149.35851562500002
 20
139.75797363281248
 10
149.5716943359375
 20
139.75797363281248
 10
149.89146240234376
 20
139.544794921875
 10
150.10464111328128
 20
139.544794921875
 10
150.21123046875002
 20
139.43820556640622
 10
150.53099853515627
 20
139.43820556640622
 10
150.637587890625
 20
139.3316162109375
 10
156.28682373046877
 20
139.3316162109375
 10
156.3934130859375
 20
139.1184375
 10
155.9670556640625
 20
138.692080078125
 10
150.637587890625
 20
138.692080078125
 10
150.53099853515627
 20
138.79866943359374
 10
149.9980517578125
 20
138.79866943359374
 10
149.89146240234376
 20
138.9052587890625
 10
149.5716943359375
 20
138.9052587890625
 10
149.25192626953128
 20
139.1184375
 10
149.03874755859377
 20
139.1184375
 10
148.29262207031252
 20
139.544794921875
 10
148.079443359375
 20
139.544794921875
 10
147.33331787109375
 20
139.97115234375
 10
147.12013916015627
 20
139.97115234375
 10
146.69378173828127
 20
140.1843310546875
 10
146.37401367187502
 20
140.1843310546875
 10
146.26742431640628
 20
140.29092041015625
 10
146.05424560546876
 20
140.29092041015625
 10
145.94765625000002
 20
140.397509765625
 10
145.52129882812503
 20
140.397509765625
 10
145.41470947265626
 20
140.50409912109376
 10
144.56199462890626
 20
140.50409912109376
 10
144.34881591796878
 20
140.71727783203124
  0
LWPOLYLINE
  5
42E
330
17
100
AcDbEntity
  8
RASTER_TRACE
100
AcDbPolyline
 90
17
 70
1
 10
130.38561035156252
 20
141.0370458984375
 10
130.5987890625
 20
141.35681396484375
 10
132.83716552734376
 20
141.35681396484375
 10
132.9437548828125
 20
141.14363525390624
 10
133.05034423828127
 20
141.35681396484375
 10
144.2422265625
 20
141.35681396484375
 10
144.34881591796878
 20
141.25022460937498
 10
144.34881591796878
 20
140.61068847656247
 10
144.2422265625
 20
140.50409912109376
 10
133.15693359375
 20
140.50409912109376
 10
132.9437548828125
 20
140.71727783203124
 10
132.9437548828125
 20
140.8238671875
 10
132.9437548828125
 20
140.61068847656247
 10
132.83716552734376
 20
140.50409912109376
 10
130.5987890625
 20
140.50409912109376
 10
130.49219970703126
 20
140.61068847656247
 10
130.49219970703126
 20
140.8238671875
  0
LWPOLYLINE
  5
42F
330
17
100
AcDbEntity
  8
RASTER_TRACE
100
AcDbPolyline
 90
9
 70
1
 10
127.72087646484377
 20
141.25022460937498
 10
127.82746582031251
 20
141.35681396484375
 10
130.27902099609375
 20
141.35681396484375
 10
130.38561035156252
 20
141.25022460937498
 10
130.38561035156252
 20
140.61068847656247
 10
130.27902099609375
 20
140.50409912109376
 10
127.93405517578125
 20
140.50409912109376
 10
127.82746582031251
 20
140.61068847656247
 10
127.93405517578125
 20
140.93045654296873
  0
LWPOLYLINE
  5
430
330
17
100
AcDbEntity
  8
RASTER_TRACE
100
AcDbPolyline
 90
10
 70
1
 10
126.761572265625
 20
141.25022460937498
 10
126.86816162109375
 20
141.35681396484375
 10
127.50769775390626
 20
141.35681396484375
 10
127.82746582031251
 20
141.0370458984375
 10
127.82746582031251
 20
140.71727783203124
 10
127.614287109375
 20
140.61068847656247
 10
127.1879296875
 20
140.8238671875
 10
126.86816162109375
 20
140.8238671875
 10
126.761572265625
 20
140.93045654296873
 10
126.86816162109375
 20
141.14363525390624
  0
LWPOLYLINE
  5
431
330
17
100
AcDbEntity
  8
RASTER_TRACE
100
AcDbPolyline
 90
9
 70
1
 10
124.52319580078125
 20
140.8238671875
 10
124.52319580078125
 20
141.25022460937498
 10
124.62978515625002
 20
141.35681396484375
 10
126.65498291015626
 20
141.35681396484375
 10
126.761572265625
 20
141.25022460937498
 10
126.761572265625
 20
141.0370458984375
 10
126.54839355468752
 20
140.8238671875
 10
124.73637451171876
 20
140.8238671875
 10
124.62978515625002
 20
140.71727783203124
  0
LWPOLYLINE
  5
432
330
17
100
AcDbEntity
  8
RASTER_TRACE
100
AcDbPolyline
 90
9
 70
1
 10
118.98054931640627
 20
140.8238671875
 10
118.98054931640627
 20
141.25022460937498
 10
119.08713867187501
 20
141.35681396484375
 10
124.41660644531251
 20
141.35681396484375
 10
124.52319580078125
 20
141.25022460937498
 10
124.41660644531251
 20
141.14363525390624
 10
124.41660644531251
 20
140.8238671875
 10
124.31001708984377
 20
140.71727783203124
 10
119.08713867187501
 20
140.71727783203124
  0
LWPOLYLINE
  5
433
330
17
100
AcDbEntity
  8
RASTER_TRACE
100
AcDbPolyline
 90
9
 70
1
 10
115.78286865234375
 20
141.14363525390624
 10
115.99604736328126
 20
141.35681396484375
 10
118.8739599609375
 20
141.35681396484375
 10
118.98054931640627
 20
141.25022460937498
 10
118.98054931640627
 20
140.8238671875
 10
118.8739599609375
 20
140.71727783203124
 10
115.99604736328126
 20
140.71727783203124
 10
115.78286865234375
 20
140.93045654296873
 10
115.88945800781252
 20
141.0370458984375
  0
LWPOLYLINE
  5
434
330
17
100
AcDbEntity
  8
RASTER_TRACE
100
AcDbPolyline
 90
9
 70
1
 10
115.14333251953127
 20
141.25022460937498
 10
115.24992187500001
 20
141.35681396484375
 10
115.67627929687501
 20
141.35681396484375
 10
115.78286865234375
 20
141.25022460937498
 10
115.78286865234375
 20
140.8238671875
 10
115.67627929687501
 20
140.71727783203124
 10
115.35651123046875
 20
140.71727783203124
 10
115.24992187500001
 20
140.8238671875
 10
115.24992187500001
 20
141.0370458984375
  0
LWPOLYLINE
  5
435
330
17
100
AcDbEntity
  8
RASTER_TRACE
100
AcDbPolyline
 90
10
 70
1
 10
114.29061767578125
 20
140.61068847656247
 10
114.29061767578125
 20
141.0370458984375
 10
114.6103857421875
 20
141.35681396484375
 10
114.93015380859376
 20
141.35681396484375
 10
115.14333251953127
 20
141.14363525390624
 10
115.14333251953127
 20
140.93045654296873
 10
115.24992187500001
 20
140.8238671875
 10
115.14333251953127
 20
140.71727783203124
 10
114.6103857421875
 20
140.71727783203124
 10
114.39720703125002
 20
140.50409912109376
  0
LWPOLYLINE
  5
436
330
17
100
AcDbEntity
  8
RASTER_TRACE
100
AcDbPolyline
 90
26
 70
1
 10
97.34291015625001
 20
141.25022460937498
 10
97.44949951171876
 20
141.35681396484375
 10
109.28091796875
 20
141.35681396484375
 10
109.38750732421875
 20
141.14363525390624
 10
109.49409667968752
 20
141.14363525390624
 10
109.60068603515626
 20
141.35681396484375
 10
111.73247314453127
 20
141.35681396484375
 10
111.83906250000001
 20
141.14363525390624
 10
111.94565185546875
 20
141.14363525390624
 10
112.0522412109375
 20
141.35681396484375
 10
114.29061767578125
 20
141.35681396484375
 10
114.39720703125002
 20
141.25022460937498
 10
114.1840283203125
 20
141.0370458984375
 10
114.1840283203125
 20
140.61068847656247
 10
114.07743896484376
 20
140.50409912109376
 10
112.0522412109375
 20
140.50409912109376
 10
111.94565185546875
 20
140.71727783203124
 10
111.83906250000001
 20
140.71727783203124
 10
111.73247314453127
 20
140.50409912109376
 10
109.60068603515626
 20
140.50409912109376
 10
109.49409667968752
 20
140.71727783203124
 10
109.38750732421875
 20
140.71727783203124
 10
109.28091796875
 20
140.50409912109376
 10
97.5560888671875
 20
140.50409912109376
 10
97.44949951171876
 20
140.61068847656247
 10
97.44949951171876
 20
141.14363525390624
  0
LWPOLYLINE
  5
437
330
17
100
AcDbEntity
  8
RASTER_TRACE
100
AcDbPolyline
 90
23
 70
1
 10
97.34291015625001
 20
141.25022460937498
 10
97.23632080078124
 20
140.50409912109376
 10
94.5715869140625
 20
140.50409912109376
 10
90.94754882812501
 20
139.86456298828125
 10
85.51149169921877
 20
138.26572265624998
 10
84.44559814453126
 20
138.26572265624998
 10
84.23241943359375
 20
138.58549072265623
 10
84.125830078125
 20
138.26572265624998
 10
77.62387939453126
 20
138.37231201171875
 10
77.51729003906252
 20
138.4789013671875
 10
71.12192871093751
 20
138.4789013671875
 10
68.77696289062501
 20
138.79866943359374
 10
67.28471191406251
 20
139.3316162109375
 10
67.92424804687501
 20
139.544794921875
 10
70.2692138671875
 20
139.1184375
 10
83.80606201171875
 20
139.01184814453126
 10
84.01924072265626
 20
138.58549072265623
 10
84.01924072265626
 20
138.79866943359374
 10
84.44559814453126
 20
139.01184814453126
 10
85.72467041015625
 20
139.1184375
 10
91.37390625
 20
140.8238671875
 10
94.99794433593752
 20
141.35681396484375
 10
97.23632080078124
 20
141.35681396484375
  0
LWPOLYLINE
  5
438
330
17
100
AcDbEntity
  8
RASTER_TRACE
100
AcDbPolyline
 90
2
 70
1
 10
34.668369140625
 20
141.35681396484375
 10
35.414494628906255
 20
141.35681396484375
  0
LWPOLYLINE
  5
439
330
17
100
AcDbEntity
  8
RASTER_TRACE
100
AcDbPolyline
 90
2
 70
1
 10
33.389296875
 20
141.35681396484375
 10
34.13542236328125
 20
141.35681396484375
  0
LWPOLYLINE
  5
43A
330
17
100
AcDbEntity
  8
RASTER_TRACE
100
AcDbPolyline
 90
2
 70
1
 10
32.00363525390625
 20
141.35681396484375
 10
32.856350097656254
 20
141.35681396484375
  0
LWPOLYLINE
  5
43B
330
17
100
AcDbEntity
  8
RASTER_TRACE
100
AcDbPolyline
 90
2
 70
1
 10
30.72456298828125
 20
141.35681396484375
 10
31.57727783203125
 20
141.35681396484375
  0
LWPOLYLINE
  5
43C
330
17
100
AcDbEntity
  8
RASTER_TRACE
100
AcDbPolyline
 90
7
 70
1
 10
206.70358886718753
 20
141.4634033203125
 10
206.91676757812502
 20
141.56999267578124
 10
207.12994628906253
 20
141.4634033203125
 10
207.34312500000001
 20
141.14363525390624
 10
207.23653564453127
 20
141.0370458984375
 10
206.91676757812502
 20
141.0370458984375
 10
206.70358886718753
 20
141.25022460937498
  0
LWPOLYLINE
  5
43D
330
17
100
AcDbEntity
  8
RASTER_TRACE
100
AcDbPolyline
 90
30
 70
1
 10
156.28682373046877
 20
138.79866943359374
 10
159.69768310546877
 20
140.8238671875
 10
161.722880859375
 20
141.4634033203125
 10
161.93605957031252
 20
141.25022460937498
 10
161.722880859375
 20
140.50409912109376
 10
160.44380859375002
 20
140.29092041015625
 10
161.722880859375
 20
140.50409912109376
 10
161.93605957031252
 20
140.07774169921873
 10
161.93605957031252
 20
140.397509765625
 10
162.25582763671878
 20
140.50409912109376
 10
161.93605957031252
 20
140.61068847656247
 10
161.93605957031252
 20
140.93045654296873
 10
162.25582763671878
 20
141.0370458984375
 10
161.93605957031252
 20
141.14363525390624
 10
162.04264892578126
 20
141.4634033203125
 10
206.59699951171876
 20
141.56999267578124
 10
206.70358886718753
 20
141.25022460937498
 10
206.06405273437503
 20
141.0370458984375
 10
206.59699951171876
 20
141.0370458984375
 10
206.70358886718753
 20
140.71727783203124
 10
206.06405273437503
 20
140.50409912109376
 10
206.81017822265628
 20
140.50409912109376
 10
207.23653564453127
 20
139.3316162109375
 10
207.12994628906253
 20
139.1184375
 10
162.04264892578126
 20
139.1184375
 10
161.82947021484378
 20
139.65138427734374
 10
161.722880859375
 20
139.01184814453126
 10
157.8856640625
 20
138.79866943359374
 10
160.2306298828125
 20
140.1843310546875
 10
157.67248535156253
 20
138.692080078125
  0
LWPOLYLINE
  5
43E
330
17
100
AcDbEntity
  8
RASTER_TRACE
100
AcDbPolyline
 90
2
 70
1
 10
49.05793212890625
 20
141.4634033203125
 10
49.91064697265625
 20
141.4634033203125
  0
LWPOLYLINE
  5
43F
330
17
100
AcDbEntity
  8
RASTER_TRACE
100
AcDbPolyline
 90
2
 70
1
 10
47.778859863281255
 20
141.4634033203125
 10
48.524985351562506
 20
141.4634033203125
  0
LWPOLYLINE
  5
440
330
17
100
AcDbEntity
  8
RASTER_TRACE
100
AcDbPolyline
 90
2
 70
1
 10
46.3931982421875
 20
141.4634033203125
 10
47.2459130859375
 20
141.4634033203125
  0
LWPOLYLINE
  5
441
330
17
100
AcDbEntity
  8
RASTER_TRACE
100
AcDbPolyline
 90
2
 70
1
 10
45.114125976562505
 20
141.4634033203125
 10
45.9668408203125
 20
141.4634033203125
  0
LWPOLYLINE
  5
442
330
17
100
AcDbEntity
  8
RASTER_TRACE
100
AcDbPolyline
 90
2
 70
1
 10
43.72846435546875
 20
141.4634033203125
 10
44.58117919921875
 20
141.4634033203125
  0
LWPOLYLINE
  5
443
330
17
100
AcDbEntity
  8
RASTER_TRACE
100
AcDbPolyline
 90
2
 70
1
 10
42.449392089843755
 20
141.4634033203125
 10
43.30210693359375
 20
141.4634033203125
  0
LWPOLYLINE
  5
444
330
17
100
AcDbEntity
  8
RASTER_TRACE
100
AcDbPolyline
 90
2
 70
1
 10
41.17031982421875
 20
141.4634033203125
 10
41.9164453125
 20
141.4634033203125
  0
LWPOLYLINE
  5
445
330
17
100
AcDbEntity
  8
RASTER_TRACE
100
AcDbPolyline
 90
5
 70
1
 10
39.891247558593754
 20
141.35681396484375
 10
40.10442626953125
 20
141.35681396484375
 10
40.211015625
 20
141.4634033203125
 10
40.637373046875
 20
141.4634033203125
 10
39.891247558593754
 20
141.4634033203125
  0
LWPOLYLINE
  5
446
330
17
100
AcDbEntity
  8
RASTER_TRACE
100
AcDbPolyline
 90
4
 70
1
 10
38.61217529296876
 20
141.4634033203125
 10
38.61217529296876
 20
141.35681396484375
 10
39.35830078125
 20
141.35681396484375
 10
39.35830078125
 20
141.4634033203125
  0
LWPOLYLINE
  5
447
330
17
100
AcDbEntity
  8
RASTER_TRACE
100
AcDbPolyline
 90
4
 70
1
 10
37.33310302734375
 20
141.4634033203125
 10
37.33310302734375
 20
141.35681396484375
 10
38.079228515625005
 20
141.35681396484375
 10
38.079228515625005
 20
141.4634033203125
  0
LWPOLYLINE
  5
448
330
17
100
AcDbEntity
  8
RASTER_TRACE
100
AcDbPolyline
 90
5
 70
1
 10
35.94744140625001
 20
141.35681396484375
 10
36.69356689453125
 20
141.35681396484375
 10
36.69356689453125
 20
141.4634033203125
 10
36.26720947265625
 20
141.4634033203125
 10
36.160620117187506
 20
141.35681396484375
  0
LWPOLYLINE
  5
449
330
17
100
AcDbEntity
  8
RASTER_TRACE
100
AcDbPolyline
 90
9
 70
1
 10
29.232312011718754
 20
141.56999267578124
 10
29.445490722656253
 20
141.35681396484375
 10
29.65866943359375
 20
141.35681396484375
 10
29.7652587890625
 20
141.25022460937498
 10
29.7652587890625
 20
140.397509765625
 10
29.65866943359375
 20
140.29092041015625
 10
29.445490722656253
 20
140.397509765625
 10
29.12572265625
 20
140.71727783203124
 10
29.12572265625
 20
141.4634033203125
  0
LWPOLYLINE
  5
44A
330
17
100
AcDbEntity
  8
RASTER_TRACE
100
AcDbPolyline
 90
2
 70
1
 10
55.666472167968756
 20
141.56999267578124
 10
56.519187011718756
 20
141.56999267578124
  0
LWPOLYLINE
  5
44B
330
17
100
AcDbEntity
  8
RASTER_TRACE
100
AcDbPolyline
 90
2
 70
1
 10
54.38739990234375
 20
141.56999267578124
 10
55.24011474609375
 20
141.56999267578124
  0
LWPOLYLINE
  5
44C
330
17
100
AcDbEntity
  8
RASTER_TRACE
100
AcDbPolyline
 90
4
 70
1
 10
53.108327636718755
 20
141.56999267578124
 10
53.74786376953126
 20
141.56999267578124
 10
53.854453125000006
 20
141.4634033203125
 10
53.961042480468755
 20
141.56999267578124
  0
LWPOLYLINE
  5
44D
330
17
100
AcDbEntity
  8
RASTER_TRACE
100
AcDbPolyline
 90
4
 70
1
 10
51.82925537109375
 20
141.56999267578124
 10
51.82925537109375
 20
141.4634033203125
 10
52.575380859375
 20
141.4634033203125
 10
52.575380859375
 20
141.56999267578124
  0
LWPOLYLINE
  5
44E
330
17
100
AcDbEntity
  8
RASTER_TRACE
100
AcDbPolyline
 90
4
 70
1
 10
50.443593750000005
 20
141.56999267578124
 10
50.443593750000005
 20
141.4634033203125
 10
51.189719238281256
 20
141.4634033203125
 10
51.189719238281256
 20
141.56999267578124
  0
LWPOLYLINE
  5
44F
330
17
100
AcDbEntity
  8
RASTER_TRACE
100
AcDbPolyline
 90
6
 70
1
 10
85.61808105468751
 20
141.67658203125
 10
85.72467041015625
 20
141.4634033203125
 10
85.72467041015625
 20
140.93045654296873
 10
85.83125976562499
 20
141.25022460937498
 10
85.72467041015625
 20
141.35681396484375
 10
85.72467041015625
 20
141.67658203125
  0
LWPOLYLINE
  5
450
330
17
100
AcDbEntity
  8
RASTER_TRACE
100
AcDbPolyline
 90
4
 70
1
 10
131.77127197265625
 20
141.78317138671875
 10
131.98445068359376
 20
141.67658203125
 10
132.73057617187501
 20
141.67658203125
 10
132.62398681640627
 20
141.78317138671875
  0
LWPOLYLINE
  5
451
330
17
100
AcDbEntity
  8
RASTER_TRACE
100
AcDbPolyline
 90
4
 70
1
 10
130.5987890625
 20
141.67658203125
 10
131.34491455078125
 20
141.67658203125
 10
131.45150390625
 20
141.78317138671875
 10
130.70537841796875
 20
141.78317138671875
  0
LWPOLYLINE
  5
452
330
17
100
AcDbEntity
  8
RASTER_TRACE
100
AcDbPolyline
 90
4
 70
1
 10
110.7731689453125
 20
141.78317138671875
 10
110.87975830078125
 20
141.67658203125
 10
111.6258837890625
 20
141.67658203125
 10
111.51929443359376
 20
141.78317138671875
  0
LWPOLYLINE
  5
453
330
17
100
AcDbEntity
  8
RASTER_TRACE
100
AcDbPolyline
 90
4
 70
1
 10
109.60068603515626
 20
141.78317138671875
 10
109.60068603515626
 20
141.67658203125
 10
110.45340087890625
 20
141.67658203125
 10
110.45340087890625
 20
141.78317138671875
  0
LWPOLYLINE
  5
454
330
17
100
AcDbEntity
  8
RASTER_TRACE
100
AcDbPolyline
 90
24
 70
1
 10
63.12772705078125
 20
141.78317138671875
 10
63.23431640625
 20
141.8897607421875
 10
63.660673828125006
 20
141.67658203125
 10
64.19362060546875
 20
141.25022460937498
 10
64.93974609375
 20
140.93045654296873
 10
65.1529248046875
 20
140.71727783203124
 10
66.64517578125
 20
139.97115234375
 10
66.8583544921875
 20
139.97115234375
 10
67.39130126953125
 20
139.65138427734374
 10
67.28471191406251
 20
139.544794921875
 10
66.75176513671875
 20
139.544794921875
 10
66.64517578125
 20
139.65138427734374
 10
66.218818359375
 20
139.65138427734374
 10
65.5792822265625
 20
139.97115234375
 10
65.36610351562501
 20
139.97115234375
 10
65.25951416015626
 20
140.07774169921873
 10
64.7265673828125
 20
140.1843310546875
 10
64.40679931640625
 20
140.397509765625
 10
64.19362060546875
 20
140.397509765625
 10
63.873852539062504
 20
140.61068847656247
 10
63.660673828125006
 20
140.61068847656247
 10
63.12772705078125
 20
140.93045654296873
 10
63.12772705078125
 20
141.14363525390624
 10
63.23431640625
 20
141.25022460937498
  0
LWPOLYLINE
  5
455
330
17
100
AcDbEntity
  8
RASTER_TRACE
100
AcDbPolyline
 90
5
 70
1
 10
87.64327880859375
 20
141.99635009765626
 10
87.64327880859375
 20
141.78317138671875
 10
87.74986816406252
 20
141.67658203125
 10
87.74986816406252
 20
141.35681396484375
 10
87.74986816406252
 20
141.78317138671875
  0
LWPOLYLINE
  5
456
330
17
100
AcDbEntity
  8
RASTER_TRACE
100
AcDbPolyline
 90
8
 70
1
 10
150.42440917968753
 20
142.10293945312497
 10
150.42440917968753
 20
141.78317138671875
 10
150.53099853515627
 20
141.56999267578124
 10
150.74417724609376
 20
141.4634033203125
 10
150.53099853515627
 20
141.67658203125
 10
150.53099853515627
 20
141.8897607421875
 10
150.42440917968753
 20
141.99635009765626
 10
150.53099853515627
 20
142.10293945312497
  0
LWPOLYLINE
  5
457
330
17
100
AcDbEntity
  8
RASTER_TRACE
100
AcDbPolyline
 90
8
 70
1
 10
159.48450439453126
 20
142.20952880859375
 10
159.8042724609375
 20
141.99635009765626
 10
160.01745117187502
 20
141.99635009765626
 10
160.2306298828125
 20
141.8897607421875
 10
160.2306298828125
 20
141.99635009765626
 10
160.01745117187502
 20
141.99635009765626
 10
159.91086181640628
 20
142.10293945312497
 10
159.69768310546877
 20
142.10293945312497
  0
LWPOLYLINE
  5
458
330
17
100
AcDbEntity
  8
RASTER_TRACE
100
AcDbPolyline
 90
5
 70
1
 10
153.51550048828128
 20
142.3161181640625
 10
153.51550048828128
 20
142.20952880859375
 10
154.36821533203127
 20
142.20952880859375
 10
153.94185791015627
 20
142.20952880859375
 10
153.83526855468753
 20
142.3161181640625
  0
LWPOLYLINE
  5
459
330
17
100
AcDbEntity
  8
RASTER_TRACE
100
AcDbPolyline
 90
2
 70
1
 10
152.12983886718752
 20
142.3161181640625
 10
152.9825537109375
 20
142.3161181640625
  0
LWPOLYLINE
  5
45A
330
17
100
AcDbEntity
  8
RASTER_TRACE
100
AcDbPolyline
 90
4
 70
1
 10
150.74417724609376
 20
142.42270751953123
 10
150.74417724609376
 20
142.3161181640625
 10
151.59689208984378
 20
142.3161181640625
 10
151.59689208984378
 20
142.42270751953123
  0
LWPOLYLINE
  5
45B
330
17
100
AcDbEntity
  8
RASTER_TRACE
100
AcDbPolyline
 90
5
 70
1
 10
86.36420654296876
 20
142.42270751953123
 10
86.4707958984375
 20
142.3161181640625
 10
87.11033203125001
 20
142.3161181640625
 10
87.21692138671875
 20
142.20952880859375
 10
87.11033203125001
 20
142.42270751953123
  0
LWPOLYLINE
  5
45C
330
17
100
AcDbEntity
  8
RASTER_TRACE
100
AcDbPolyline
 90
6
 70
1
 10
84.978544921875
 20
142.3161181640625
 10
85.40490234375
 20
142.10293945312497
 10
85.29831298828125
 20
142.20952880859375
 10
85.40490234375
 20
142.42270751953123
 10
85.93784912109376
 20
142.42270751953123
 10
84.978544921875
 20
142.42270751953123
  0
LWPOLYLINE
  5
45D
330
17
100
AcDbEntity
  8
RASTER_TRACE
100
AcDbPolyline
 90
2
 70
1
 10
84.33900878906252
 20
142.42270751953123
 10
84.76536621093751
 20
142.42270751953123
  0
LWPOLYLINE
  5
45E
330
17
100
AcDbEntity
  8
RASTER_TRACE
100
AcDbPolyline
 90
2
 70
1
 10
83.16652587890624
 20
142.42270751953123
 10
83.9126513671875
 20
142.42270751953123
  0
LWPOLYLINE
  5
45F
330
17
100
AcDbEntity
  8
RASTER_TRACE
100
AcDbPolyline
 90
2
 70
1
 10
81.78086425781251
 20
142.42270751953123
 10
82.6335791015625
 20
142.42270751953123
  0
LWPOLYLINE
  5
460
330
17
100
AcDbEntity
  8
RASTER_TRACE
100
AcDbPolyline
 90
2
 70
1
 10
80.50179199218749
 20
142.42270751953123
 10
81.24791748046874
 20
142.42270751953123
  0
LWPOLYLINE
  5
461
330
17
100
AcDbEntity
  8
RASTER_TRACE
100
AcDbPolyline
 90
2
 70
1
 10
79.11613037109376
 20
142.42270751953123
 10
79.86225585937501
 20
142.42270751953123
  0
LWPOLYLINE
  5
462
330
17
100
AcDbEntity
  8
RASTER_TRACE
100
AcDbPolyline
 90
2
 70
1
 10
77.83705810546876
 20
142.42270751953123
 10
78.58318359375001
 20
142.42270751953123
  0
LWPOLYLINE
  5
463
330
17
100
AcDbEntity
  8
RASTER_TRACE
100
AcDbPolyline
 90
2
 70
1
 10
76.45139648437501
 20
142.42270751953123
 10
77.19752197265626
 20
142.42270751953123
  0
LWPOLYLINE
  5
464
330
17
100
AcDbEntity
  8
RASTER_TRACE
100
AcDbPolyline
 90
2
 70
1
 10
75.17232421875
 20
142.42270751953123
 10
75.91844970703126
 20
142.42270751953123
  0
LWPOLYLINE
  5
465
330
17
100
AcDbEntity
  8
RASTER_TRACE
100
AcDbPolyline
 90
2
 70
1
 10
73.893251953125
 20
142.42270751953123
 10
74.63937744140625
 20
142.42270751953123
  0
LWPOLYLINE
  5
466
330
17
100
AcDbEntity
  8
RASTER_TRACE
100
AcDbPolyline
 90
2
 70
1
 10
72.50759033203126
 20
142.42270751953123
 10
73.36030517578126
 20
142.42270751953123
  0
LWPOLYLINE
  5
467
330
17
100
AcDbEntity
  8
RASTER_TRACE
100
AcDbPolyline
 90
3
 70
1
 10
158.312021484375
 20
142.529296875
 10
159.05814697265626
 20
142.3161181640625
 10
158.63178955078126
 20
142.529296875
  0
LWPOLYLINE
  5
468
330
17
100
AcDbEntity
  8
RASTER_TRACE
100
AcDbPolyline
 90
3
 70
1
 10
71.22851806640625
 20
142.42270751953123
 10
71.9746435546875
 20
142.42270751953123
 10
71.76146484375
 20
142.529296875
  0
LWPOLYLINE
  5
469
330
17
100
AcDbEntity
  8
RASTER_TRACE
100
AcDbPolyline
 90
4
 70
1
 10
69.94944580078126
 20
142.529296875
 10
70.05603515625
 20
142.42270751953123
 10
70.69557128906251
 20
142.42270751953123
 10
70.69557128906251
 20
142.529296875
  0
LWPOLYLINE
  5
46A
330
17
100
AcDbEntity
  8
RASTER_TRACE
100
AcDbPolyline
 90
5
 70
1
 10
55.986240234375
 20
142.529296875
 10
56.1994189453125
 20
142.42270751953123
 10
56.838955078125004
 20
142.42270751953123
 10
56.625776367187505
 20
142.42270751953123
 10
56.519187011718756
 20
142.529296875
  0
LWPOLYLINE
  5
46B
330
17
100
AcDbEntity
  8
RASTER_TRACE
100
AcDbPolyline
 90
3
 70
1
 10
68.67037353515624
 20
142.63588623046874
 10
68.67037353515624
 20
142.529296875
 10
69.4164990234375
 20
142.529296875
  0
LWPOLYLINE
  5
46C
330
17
100
AcDbEntity
  8
RASTER_TRACE
100
AcDbPolyline
 90
4
 70
1
 10
54.920346679687505
 20
142.63588623046874
 10
54.920346679687505
 20
142.529296875
 10
55.666472167968756
 20
142.529296875
 10
55.666472167968756
 20
142.63588623046874
  0
LWPOLYLINE
  5
46D
330
17
100
AcDbEntity
  8
RASTER_TRACE
100
AcDbPolyline
 90
2
 70
1
 10
53.53468505859375
 20
142.63588623046874
 10
54.38739990234375
 20
142.63588623046874
  0
LWPOLYLINE
  5
46E
330
17
100
AcDbEntity
  8
RASTER_TRACE
100
AcDbPolyline
 90
13
 70
1
 10
155.54069824218752
 20
142.74247558593748
 10
155.32751953125
 20
142.42270751953123
 10
155.32751953125
 20
142.20952880859375
 10
155.22093017578126
 20
142.10293945312497
 10
155.00775146484378
 20
142.10293945312497
 10
154.901162109375
 20
142.20952880859375
 10
154.901162109375
 20
142.10293945312497
 10
155.32751953125
 20
142.10293945312497
 10
155.9670556640625
 20
141.4634033203125
 10
155.9670556640625
 20
141.56999267578124
 10
155.43410888671878
 20
142.10293945312497
 10
155.43410888671878
 20
142.529296875
 10
155.64728759765626
 20
142.74247558593748
  0
LWPOLYLINE
  5
46F
330
17
100
AcDbEntity
  8
RASTER_TRACE
100
AcDbPolyline
 90
6
 70
1
 10
67.39130126953125
 20
142.74247558593748
 10
67.60447998046875
 20
142.74247558593748
 10
67.71106933593751
 20
142.63588623046874
 10
68.1374267578125
 20
142.63588623046874
 10
67.92424804687501
 20
142.63588623046874
 10
67.81765869140625
 20
142.74247558593748
  0
LWPOLYLINE
  5
470
330
17
100
AcDbEntity
  8
RASTER_TRACE
100
AcDbPolyline
 90
5
 70
1
 10
52.255612792968755
 20
142.74247558593748
 10
52.68197021484375
 20
142.74247558593748
 10
52.7885595703125
 20
142.63588623046874
 10
53.001738281250006
 20
142.63588623046874
 10
53.001738281250006
 20
142.74247558593748
  0
LWPOLYLINE
  5
471
330
17
100
AcDbEntity
  8
RASTER_TRACE
100
AcDbPolyline
 90
5
 70
1
 10
157.03294921875002
 20
142.84906494140625
 10
157.24612792968753
 20
142.74247558593748
 10
157.56589599609376
 20
142.74247558593748
 10
157.67248535156253
 20
142.63588623046874
 10
157.77907470703127
 20
142.74247558593748
  0
LWPOLYLINE
  5
472
330
17
100
AcDbEntity
  8
RASTER_TRACE
100
AcDbPolyline
 90
4
 70
1
 10
50.869951171875
 20
142.84906494140625
 10
50.869951171875
 20
142.74247558593748
 10
51.722666015625
 20
142.74247558593748
 10
51.61607666015625
 20
142.84906494140625
  0
LWPOLYLINE
  5
473
330
17
100
AcDbEntity
  8
RASTER_TRACE
100
AcDbPolyline
 90
2
 70
1
 10
155.86046630859377
 20
142.955654296875
 10
156.50000244140628
 20
142.955654296875
  0
LWPOLYLINE
  5
474
330
17
100
AcDbEntity
  8
RASTER_TRACE
100
AcDbPolyline
 90
6
 70
1
 10
66.11222900390626
 20
142.955654296875
 10
66.11222900390626
 20
142.84906494140625
 10
66.64517578125
 20
142.84906494140625
 10
66.8583544921875
 20
142.74247558593748
 10
66.8583544921875
 20
142.84906494140625
 10
66.32540771484375
 20
142.84906494140625
  0
LWPOLYLINE
  5
475
330
17
100
AcDbEntity
  8
RASTER_TRACE
100
AcDbPolyline
 90
5
 70
1
 10
49.484289550781256
 20
142.955654296875
 10
49.484289550781256
 20
142.84906494140625
 10
50.337004394531256
 20
142.84906494140625
 10
49.91064697265625
 20
142.84906494140625
 10
49.8040576171875
 20
142.955654296875
  0
LWPOLYLINE
  5
476
330
17
100
AcDbEntity
  8
RASTER_TRACE
100
AcDbPolyline
 90
5
 70
1
 10
64.83315673828125
 20
143.06224365234374
 10
65.25951416015626
 20
143.06224365234374
 10
65.36610351562501
 20
142.955654296875
 10
65.5792822265625
 20
142.955654296875
 10
65.47269287109376
 20
143.06224365234374
  0
LWPOLYLINE
  5
477
330
17
100
AcDbEntity
  8
RASTER_TRACE
100
AcDbPolyline
 90
4
 70
1
 10
48.0986279296875
 20
143.06224365234374
 10
48.0986279296875
 20
142.955654296875
 10
48.9513427734375
 20
142.955654296875
 10
48.31180664062501
 20
142.955654296875
  0
LWPOLYLINE
  5
478
330
17
100
AcDbEntity
  8
RASTER_TRACE
100
AcDbPolyline
 90
2
 70
1
 10
46.819555664062506
 20
143.06224365234374
 10
47.56568115234376
 20
143.06224365234374
  0
LWPOLYLINE
  5
479
330
17
100
AcDbEntity
  8
RASTER_TRACE
100
AcDbPolyline
 90
5
 70
1
 10
45.43389404296875
 20
143.1688330078125
 10
45.860251464843756
 20
143.1688330078125
 10
45.9668408203125
 20
143.06224365234374
 10
46.28660888671875
 20
143.06224365234374
 10
46.28660888671875
 20
143.1688330078125
  0
LWPOLYLINE
  5
47A
330
17
100
AcDbEntity
  8
RASTER_TRACE
100
AcDbPolyline
 90
4
 70
1
 10
63.55408447265626
 20
143.27542236328122
 10
64.30020996093751
 20
143.1688330078125
 10
64.08703125
 20
143.1688330078125
 10
63.98044189453125
 20
143.27542236328122
  0
LWPOLYLINE
  5
47B
330
17
100
AcDbEntity
  8
RASTER_TRACE
100
AcDbPolyline
 90
5
 70
1
 10
44.154821777343756
 20
143.27542236328122
 10
44.154821777343756
 20
143.1688330078125
 10
44.90094726562501
 20
143.1688330078125
 10
44.6877685546875
 20
143.1688330078125
 10
44.58117919921875
 20
143.27542236328122
  0
LWPOLYLINE
  5
47C
330
17
100
AcDbEntity
  8
RASTER_TRACE
100
AcDbPolyline
 90
2
 70
1
 10
42.76916015625
 20
143.27542236328122
 10
43.621875
 20
143.27542236328122
  0
LWPOLYLINE
  5
47D
330
17
100
AcDbEntity
  8
RASTER_TRACE
100
AcDbPolyline
 90
5
 70
1
 10
41.490087890625006
 20
143.38201171875
 10
41.703266601562504
 20
143.38201171875
 10
41.80985595703125
 20
143.27542236328122
 10
42.23621337890626
 20
143.27542236328122
 10
42.23621337890626
 20
143.38201171875
  0
LWPOLYLINE
  5
47E
330
17
100
AcDbEntity
  8
RASTER_TRACE
100
AcDbPolyline
 90
4
 70
1
 10
62.27501220703125
 20
143.48860107421876
 10
62.27501220703125
 20
143.38201171875
 10
63.021137695312504
 20
143.38201171875
 10
62.48819091796875
 20
143.38201171875
  0
LWPOLYLINE
  5
47F
330
17
100
AcDbEntity
  8
RASTER_TRACE
100
AcDbPolyline
 90
4
 70
1
 10
40.10442626953125
 20
143.48860107421876
 10
40.10442626953125
 20
143.38201171875
 10
40.850551757812504
 20
143.38201171875
 10
40.31760498046875
 20
143.38201171875
  0
LWPOLYLINE
  5
480
330
17
100
AcDbEntity
  8
RASTER_TRACE
100
AcDbPolyline
 90
2
 70
1
 10
38.7187646484375
 20
143.48860107421876
 10
39.57147949218751
 20
143.48860107421876
  0
LWPOLYLINE
  5
481
330
17
100
AcDbEntity
  8
RASTER_TRACE
100
AcDbPolyline
 90
14
 70
1
 10
29.978437500000002
 20
143.59519042968748
 10
30.404794921875002
 20
143.06224365234374
 10
30.404794921875002
 20
142.84906494140625
 10
30.191616210937504
 20
142.63588623046874
 10
29.871848144531253
 20
141.99635009765626
 10
29.7652587890625
 20
141.4634033203125
 10
29.552080078125
 20
141.35681396484375
 10
29.338901367187503
 20
141.56999267578124
 10
29.552080078125
 20
141.78317138671875
 10
29.7652587890625
 20
142.20952880859375
 10
29.7652587890625
 20
142.42270751953123
 10
29.338901367187503
 20
141.56999267578124
 10
29.12572265625
 20
141.67658203125
 10
29.12572265625
 20
141.99635009765626
  0
LWPOLYLINE
  5
482
330
17
100
AcDbEntity
  8
RASTER_TRACE
100
AcDbPolyline
 90
5
 70
1
 10
61.102529296875005
 20
143.59519042968748
 10
61.102529296875005
 20
143.48860107421876
 10
61.74206542968751
 20
143.48860107421876
 10
61.52888671875
 20
143.48860107421876
 10
61.42229736328125
 20
143.59519042968748
  0
LWPOLYLINE
  5
483
330
17
100
AcDbEntity
  8
RASTER_TRACE
100
AcDbPolyline
 90
4
 70
1
 10
37.4396923828125
 20
143.59519042968748
 10
37.4396923828125
 20
143.48860107421876
 10
38.185817871093754
 20
143.48860107421876
 10
37.97263916015625
 20
143.59519042968748
  0
LWPOLYLINE
  5
484
330
17
100
AcDbEntity
  8
RASTER_TRACE
100
AcDbPolyline
 90
2
 70
1
 10
36.05403076171875
 20
143.59519042968748
 10
36.90674560546876
 20
143.59519042968748
  0
LWPOLYLINE
  5
485
330
17
100
AcDbEntity
  8
RASTER_TRACE
100
AcDbPolyline
 90
5
 70
1
 10
31.79045654296875
 20
143.48860107421876
 10
32.110224609375
 20
143.48860107421876
 10
32.21681396484375
 20
143.59519042968748
 10
32.64317138671875
 20
143.59519042968748
 10
32.00363525390625
 20
143.59519042968748
  0
LWPOLYLINE
  5
486
330
17
100
AcDbEntity
  8
RASTER_TRACE
100
AcDbPolyline
 90
5
 70
1
 10
34.77495849609375
 20
143.70177978515625
 10
34.77495849609375
 20
143.59519042968748
 10
35.521083984375004
 20
143.59519042968748
 10
35.3079052734375
 20
143.59519042968748
 10
35.201315917968756
 20
143.70177978515625
  0
LWPOLYLINE
  5
487
330
17
100
AcDbEntity
  8
RASTER_TRACE
100
AcDbPolyline
 90
4
 70
1
 10
33.389296875
 20
143.70177978515625
 10
33.495886230468756
 20
143.59519042968748
 10
34.13542236328125
 20
143.59519042968748
 10
34.24201171875001
 20
143.70177978515625
  0
LWPOLYLINE
  5
488
330
17
100
AcDbEntity
  8
RASTER_TRACE
100
AcDbPolyline
 90
10
 70
1
 10
30.191616210937504
 20
144.12813720703124
 10
30.298205566406253
 20
144.0215478515625
 10
30.51138427734375
 20
144.12813720703124
 10
30.6179736328125
 20
144.0215478515625
 10
30.6179736328125
 20
143.38201171875
 10
30.51138427734375
 20
143.27542236328122
 10
30.298205566406253
 20
143.27542236328122
 10
30.191616210937504
 20
143.38201171875
 10
30.191616210937504
 20
143.808369140625
 10
30.08502685546875
 20
143.91495849609373
  0
LWPOLYLINE
  5
489
330
17
100
AcDbEntity
  8
RASTER_TRACE
100
AcDbPolyline
 90
28
 70
1
 10
29.871848144531253
 20
141.78317138671875
 10
30.51138427734375
 20
143.06224365234374
 10
31.257509765625002
 20
143.38201171875
 10
30.6179736328125
 20
143.38201171875
 10
30.6179736328125
 20
144.0215478515625
 10
30.831152343750002
 20
144.2347265625
 10
32.856350097656254
 20
144.4479052734375
 10
33.06952880859375
 20
143.70177978515625
 10
33.06952880859375
 20
144.34131591796876
 10
33.28270751953126
 20
144.55449462890624
 10
55.24011474609375
 20
143.48860107421876
 10
55.666472167968756
 20
143.27542236328122
 10
55.666472167968756
 20
142.955654296875
 10
55.773061523437505
 20
143.38201171875
 10
56.625776367187505
 20
143.38201171875
 10
58.437795410156255
 20
142.955654296875
 10
62.914548339843755
 20
140.93045654296873
 10
63.021137695312504
 20
140.397509765625
 10
62.3816015625
 20
140.397509765625
 10
57.37190185546876
 20
142.3161181640625
 10
58.11802734375
 20
141.99635009765626
 10
56.94554443359375
 20
141.56999267578124
 10
56.838955078125004
 20
141.25022460937498
 10
55.55988281250001
 20
140.50409912109376
 10
29.978437500000002
 20
140.29092041015625
 10
29.871848144531253
 20
141.25022460937498
 10
30.298205566406253
 20
141.35681396484375
 10
29.978437500000002
 20
141.35681396484375
  0
LWPOLYLINE
  5
48A
330
17
100
AcDbEntity
  8
RASTER_TRACE
100
AcDbPolyline
 90
32
 70
1
 10
207.55630371093753
 20
141.35681396484375
 10
160.76357666015628
 20
141.78317138671875
 10
156.71318115234376
 20
139.3316162109375
 10
156.60659179687502
 20
139.97115234375
 10
156.3934130859375
 20
139.3316162109375
 10
151.81007080078126
 20
139.3316162109375
 10
151.59689208984378
 20
139.86456298828125
 10
151.490302734375
 20
139.3316162109375
 10
144.45540527343752
 20
141.4634033203125
 10
144.34881591796878
 20
142.20952880859375
 10
144.2422265625
 20
141.4634033203125
 10
115.99604736328126
 20
141.4634033203125
 10
115.78286865234375
 20
142.84906494140625
 10
115.67627929687501
 20
141.4634033203125
 10
97.44949951171876
 20
141.4634033203125
 10
97.34291015625001
 20
142.20952880859375
 10
97.23632080078124
 20
141.4634033203125
 10
92.01344238281251
 20
141.0370458984375
 10
84.87195556640626
 20
139.01184814453126
 10
67.60447998046875
 20
139.65138427734374
 10
59.503688964843754
 20
143.808369140625
 10
97.23632080078124
 20
143.48860107421876
 10
97.34291015625001
 20
142.529296875
 10
97.44949951171876
 20
143.48860107421876
 10
144.2422265625
 20
143.48860107421876
 10
144.34881591796878
 20
142.529296875
 10
144.45540527343752
 20
143.48860107421876
 10
158.63178955078126
 20
143.48860107421876
 10
179.09694580078127
 20
142.10293945312497
 10
177.7112841796875
 20
142.529296875
 10
185.06594970703128
 20
144.76767333984372
 10
207.02335693359376
 20
144.76767333984372
  0
LWPOLYLINE
  5
48B
330
17
100
AcDbEntity
  8
RASTER_TRACE
100
AcDbPolyline
 90
7
 70
1
 10
30.404794921875002
 20
144.76767333984372
 10
30.6179736328125
 20
144.661083984375
 10
30.6179736328125
 20
144.2347265625
 10
30.51138427734375
 20
144.12813720703124
 10
30.298205566406253
 20
144.12813720703124
 10
30.191616210937504
 20
144.2347265625
 10
30.191616210937504
 20
144.4479052734375
  0
LWPOLYLINE
  5
48C
330
17
100
AcDbEntity
  8
RASTER_TRACE
100
AcDbPolyline
 90
17
 70
1
 10
33.06952880859375
 20
144.98085205078124
 10
33.06952880859375
 20
144.76767333984372
 10
32.749760742187505
 20
144.4479052734375
 10
31.897045898437504
 20
144.4479052734375
 10
31.79045654296875
 20
144.34131591796876
 10
31.257509765625002
 20
144.34131591796876
 10
31.150920410156253
 20
144.2347265625
 10
30.72456298828125
 20
144.2347265625
 10
30.6179736328125
 20
144.34131591796876
 10
30.72456298828125
 20
144.4479052734375
 10
30.6179736328125
 20
144.661083984375
 10
30.831152343750002
 20
144.8742626953125
 10
31.36409912109375
 20
144.8742626953125
 10
31.4706884765625
 20
144.98085205078124
 10
32.3234033203125
 20
144.98085205078124
 10
32.42999267578125
 20
145.08744140624998
 10
32.962939453125
 20
145.08744140624998
  0
LWPOLYLINE
  5
48D
330
17
100
AcDbEntity
  8
RASTER_TRACE
100
AcDbPolyline
 90
26
 70
1
 10
33.06952880859375
 20
144.8742626953125
 10
33.495886230468756
 20
145.19403076171875
 10
34.8815478515625
 20
145.19403076171875
 10
34.98813720703125
 20
145.08744140624998
 10
37.54628173828125
 20
145.08744140624998
 10
37.65287109375
 20
144.98085205078124
 10
58.22461669921876
 20
144.0215478515625
 10
60.56958251953125
 20
143.38201171875
 10
62.807958984375006
 20
142.20952880859375
 10
63.12772705078125
 20
141.78317138671875
 10
63.12772705078125
 20
141.0370458984375
 10
63.021137695312504
 20
140.93045654296873
 10
58.65097412109375
 20
142.955654296875
 10
57.0521337890625
 20
143.38201171875
 10
55.773061523437505
 20
143.48860107421876
 10
55.666472167968756
 20
143.91495849609373
 10
55.55988281250001
 20
143.91495849609373
 10
55.666472167968756
 20
143.59519042968748
 10
55.55988281250001
 20
143.48860107421876
 10
54.38739990234375
 20
143.48860107421876
 10
54.280810546875
 20
143.59519042968748
 10
52.362202148437504
 20
143.59519042968748
 10
52.255612792968755
 20
143.70177978515625
 10
42.449392089843755
 20
144.12813720703124
 10
42.342802734375
 20
144.2347265625
 10
33.1761181640625
 20
144.55449462890624
  0
LWPOLYLINE
  5
48E
330
17
100
AcDbEntity
  8
RASTER_TRACE
100
AcDbPolyline
 90
20
 70
1
 10
28.9125439453125
 20
141.99635009765626
 10
29.65866943359375
 20
140.07774169921873
 10
55.3467041015625
 20
140.29092041015625
 10
58.65097412109375
 20
141.67658203125
 10
69.30990966796875
 20
138.4789013671875
 10
83.4862939453125
 20
138.0525439453125
 10
95.53089111328126
 20
140.397509765625
 10
114.07743896484376
 20
140.397509765625
 10
115.78286865234375
 20
139.43820556640622
 10
144.668583984375
 20
140.397509765625
 10
150.53099853515627
 20
138.4789013671875
 10
207.87607177734378
 20
139.22502685546874
 10
207.769482421875
 20
144.34131591796876
 10
206.91676757812502
 20
144.98085205078124
 10
185.49230712890628
 20
144.98085205078124
 10
177.60469482421877
 20
142.74247558593748
 10
157.99225341796875
 20
143.70177978515625
 10
67.39130126953125
 20
143.59519042968748
 10
33.709064941406254
 20
145.40720947265623
 10
30.404794921875002
 20
144.98085205078124
  0
LWPOLYLINE
  5
48F
330
17
100
AcDbEntity
  8
RASTER_TRACE
100
AcDbPolyline
 90
2
 70
1
 10
115.78286865234375
 20
145.7269775390625
 10
115.78286865234375
 20
144.34131591796876
  0
LWPOLYLINE
  5
490
330
17
100
AcDbEntity
  8
RASTER_TRACE
100
AcDbPolyline
 90
4
 70
1
 10
115.78286865234375
 20
156.27932373046875
 10
115.78286865234375
 20
155.21343017578124
 10
115.88945800781252
 20
155.1068408203125
 10
115.88945800781252
 20
156.27932373046875
  0
LWPOLYLINE
  5
491
330
17
100
AcDbEntity
  8
RASTER_TRACE
100
AcDbPolyline
 90
4
 70
1
 10
147.01354980468753
 20
157.6649853515625
 10
147.01354980468753
 20
157.55839599609374
 10
147.75967529296878
 20
157.55839599609374
 10
147.75967529296878
 20
157.6649853515625
  0
LWPOLYLINE
  5
492
330
17
100
AcDbEntity
  8
RASTER_TRACE
100
AcDbPolyline
 90
4
 70
1
 10
145.7344775390625
 20
157.6649853515625
 10
145.7344775390625
 20
157.55839599609374
 10
146.37401367187502
 20
157.55839599609374
 10
146.37401367187502
 20
157.6649853515625
  0
LWPOLYLINE
  5
493
330
17
100
AcDbEntity
  8
RASTER_TRACE
100
AcDbPolyline
 90
5
 70
1
 10
225.46331542968753
 20
157.8781640625
 10
225.676494140625
 20
157.451806640625
 10
225.46331542968753
 20
157.23862792968748
 10
225.35672607421878
 20
157.34521728515625
 10
225.35672607421878
 20
157.77157470703125
  0
LWPOLYLINE
  5
494
330
17
100
AcDbEntity
  8
RASTER_TRACE
100
AcDbPolyline
 90
10
 70
1
 10
144.45540527343752
 20
157.23862792968748
 10
144.56199462890626
 20
157.23862792968748
 10
144.56199462890626
 20
157.55839599609374
 10
144.668583984375
 20
157.6649853515625
 10
144.77517333984378
 20
157.55839599609374
 10
144.98835205078126
 20
157.55839599609374
 10
145.09494140625003
 20
157.6649853515625
 10
144.668583984375
 20
157.6649853515625
 10
144.56199462890626
 20
157.8781640625
 10
144.45540527343752
 20
157.8781640625
  0
LWPOLYLINE
  5
495
330
17
100
AcDbEntity
  8
RASTER_TRACE
100
AcDbPolyline
 90
8
 70
1
 10
157.13953857421876
 20
158.09134277343747
 10
157.24612792968753
 20
157.98475341796876
 10
157.24612792968753
 20
157.6649853515625
 10
157.13953857421876
 20
157.55839599609374
 10
156.8197705078125
 20
157.55839599609374
 10
156.60659179687502
 20
157.451806640625
 10
156.50000244140628
 20
157.55839599609374
 10
157.03294921875002
 20
158.09134277343747
  0
LWPOLYLINE
  5
496
330
17
100
AcDbEntity
  8
RASTER_TRACE
100
AcDbPolyline
 90
13
 70
1
 10
150.85076660156253
 20
158.09134277343747
 10
150.74417724609376
 20
158.09134277343747
 10
150.637587890625
 20
157.77157470703125
 10
150.42440917968753
 20
157.55839599609374
 10
150.21123046875002
 20
157.451806640625
 10
149.89146240234376
 20
157.451806640625
 10
150.21123046875002
 20
157.451806640625
 10
150.42440917968753
 20
157.55839599609374
 10
150.74417724609376
 20
157.98475341796876
 10
150.85076660156253
 20
157.8781640625
 10
150.85076660156253
 20
157.6649853515625
 10
150.74417724609376
 20
157.55839599609374
 10
150.85076660156253
 20
157.55839599609374
  0
LWPOLYLINE
  5
497
330
17
100
AcDbEntity
  8
RASTER_TRACE
100
AcDbPolyline
 90
9
 70
1
 10
224.71718994140628
 20
158.19793212890625
 10
225.03695800781253
 20
158.19793212890625
 10
225.14354736328127
 20
158.30452148437502
 10
225.35672607421878
 20
158.19793212890625
 10
225.35672607421878
 20
157.34521728515625
 10
225.25013671875
 20
157.23862792968748
 10
225.03695800781253
 20
157.23862792968748
 10
224.61060058593753
 20
157.451806640625
 10
224.61060058593753
 20
158.09134277343747
  0
LWPOLYLINE
  5
498
330
17
100
AcDbEntity
  8
RASTER_TRACE
100
AcDbPolyline
 90
2
 70
1
 10
204.25203369140627
 20
158.30452148437502
 10
205.31792724609377
 20
158.30452148437502
  0
LWPOLYLINE
  5
499
330
17
100
AcDbEntity
  8
RASTER_TRACE
100
AcDbPolyline
 90
2
 70
1
 10
202.8663720703125
 20
158.30452148437502
 10
203.932265625
 20
158.30452148437502
  0
LWPOLYLINE
  5
49A
330
17
100
AcDbEntity
  8
RASTER_TRACE
100
AcDbPolyline
 90
2
 70
1
 10
201.05435302734378
 20
158.30452148437502
 10
202.4400146484375
 20
158.30452148437502
  0
LWPOLYLINE
  5
49B
330
17
100
AcDbEntity
  8
RASTER_TRACE
100
AcDbPolyline
 90
2
 70
1
 10
199.77528076171876
 20
158.30452148437502
 10
200.73458496093753
 20
158.30452148437502
  0
LWPOLYLINE
  5
49C
330
17
100
AcDbEntity
  8
RASTER_TRACE
100
AcDbPolyline
 90
2
 70
1
 10
198.38961914062503
 20
158.30452148437502
 10
199.34892333984376
 20
158.30452148437502
  0
LWPOLYLINE
  5
49D
330
17
100
AcDbEntity
  8
RASTER_TRACE
100
AcDbPolyline
 90
2
 70
1
 10
197.00395751953127
 20
158.30452148437502
 10
197.85667236328126
 20
158.30452148437502
  0
LWPOLYLINE
  5
49E
330
17
100
AcDbEntity
  8
RASTER_TRACE
100
AcDbPolyline
 90
2
 70
1
 10
195.6182958984375
 20
158.30452148437502
 10
196.57760009765627
 20
158.30452148437502
  0
LWPOLYLINE
  5
49F
330
17
100
AcDbEntity
  8
RASTER_TRACE
100
AcDbPolyline
 90
2
 70
1
 10
194.23263427734378
 20
158.30452148437502
 10
195.08534912109377
 20
158.30452148437502
  0
LWPOLYLINE
  5
4A0
330
17
100
AcDbEntity
  8
RASTER_TRACE
100
AcDbPolyline
 90
2
 70
1
 10
192.74038330078128
 20
158.30452148437502
 10
193.80627685546878
 20
158.30452148437502
  0
LWPOLYLINE
  5
4A1
330
17
100
AcDbEntity
  8
RASTER_TRACE
100
AcDbPolyline
 90
2
 70
1
 10
191.46131103515626
 20
158.30452148437502
 10
192.42061523437502
 20
158.30452148437502
  0
LWPOLYLINE
  5
4A2
330
17
100
AcDbEntity
  8
RASTER_TRACE
100
AcDbPolyline
 90
2
 70
1
 10
189.96906005859378
 20
158.30452148437502
 10
190.92836425781252
 20
158.30452148437502
  0
LWPOLYLINE
  5
4A3
330
17
100
AcDbEntity
  8
RASTER_TRACE
100
AcDbPolyline
 90
2
 70
1
 10
188.68998779296876
 20
158.30452148437502
 10
189.64929199218753
 20
158.30452148437502
  0
LWPOLYLINE
  5
4A4
330
17
100
AcDbEntity
  8
RASTER_TRACE
100
AcDbPolyline
 90
2
 70
1
 10
187.30432617187503
 20
158.30452148437502
 10
188.15704101562503
 20
158.30452148437502
  0
LWPOLYLINE
  5
4A5
330
17
100
AcDbEntity
  8
RASTER_TRACE
100
AcDbPolyline
 90
2
 70
1
 10
185.81207519531253
 20
158.30452148437502
 10
186.77137939453127
 20
158.30452148437502
  0
LWPOLYLINE
  5
4A6
330
17
100
AcDbEntity
  8
RASTER_TRACE
100
AcDbPolyline
 90
2
 70
1
 10
184.63959228515628
 20
158.30452148437502
 10
185.38571777343753
 20
158.30452148437502
  0
LWPOLYLINE
  5
4A7
330
17
100
AcDbEntity
  8
RASTER_TRACE
100
AcDbPolyline
 90
2
 70
1
 10
182.82757324218753
 20
158.30452148437502
 10
184.10664550781252
 20
158.30452148437502
  0
LWPOLYLINE
  5
4A8
330
17
100
AcDbEntity
  8
RASTER_TRACE
100
AcDbPolyline
 90
2
 70
1
 10
181.22873291015628
 20
158.30452148437502
 10
182.29462646484376
 20
158.30452148437502
  0
LWPOLYLINE
  5
4A9
330
17
100
AcDbEntity
  8
RASTER_TRACE
100
AcDbPolyline
 90
2
 70
1
 10
179.94966064453126
 20
158.30452148437502
 10
180.80237548828126
 20
158.30452148437502
  0
LWPOLYLINE
  5
4AA
330
17
100
AcDbEntity
  8
RASTER_TRACE
100
AcDbPolyline
 90
2
 70
1
 10
178.67058837890627
 20
158.30452148437502
 10
179.52330322265627
 20
158.30452148437502
  0
LWPOLYLINE
  5
4AB
330
17
100
AcDbEntity
  8
RASTER_TRACE
100
AcDbPolyline
 90
2
 70
1
 10
177.2849267578125
 20
158.30452148437502
 10
178.1376416015625
 20
158.30452148437502
  0
LWPOLYLINE
  5
4AC
330
17
100
AcDbEntity
  8
RASTER_TRACE
100
AcDbPolyline
 90
2
 70
1
 10
175.89926513671878
 20
158.30452148437502
 10
176.75197998046878
 20
158.30452148437502
  0
LWPOLYLINE
  5
4AD
330
17
100
AcDbEntity
  8
RASTER_TRACE
100
AcDbPolyline
 90
4
 70
1
 10
174.40701416015628
 20
158.19793212890625
 10
174.62019287109376
 20
158.30452148437502
 10
175.36631835937501
 20
158.30452148437502
 10
174.40701416015628
 20
158.30452148437502
  0
LWPOLYLINE
  5
4AE
330
17
100
AcDbEntity
  8
RASTER_TRACE
100
AcDbPolyline
 90
7
 70
1
 10
173.12794189453126
 20
158.19793212890625
 10
173.23453125000003
 20
158.30452148437502
 10
173.44770996093752
 20
158.30452148437502
 10
173.55429931640626
 20
158.19793212890625
 10
173.8740673828125
 20
158.19793212890625
 10
173.98065673828128
 20
158.30452148437502
 10
173.12794189453126
 20
158.30452148437502
  0
LWPOLYLINE
  5
4AF
330
17
100
AcDbEntity
  8
RASTER_TRACE
100
AcDbPolyline
 90
5
 70
1
 10
171.84886962890627
 20
158.19793212890625
 10
172.06204833984376
 20
158.19793212890625
 10
172.16863769531253
 20
158.30452148437502
 10
172.59499511718752
 20
158.30452148437502
 10
171.84886962890627
 20
158.30452148437502
  0
LWPOLYLINE
  5
4B0
330
17
100
AcDbEntity
  8
RASTER_TRACE
100
AcDbPolyline
 90
4
 70
1
 10
170.25002929687503
 20
158.30452148437502
 10
170.25002929687503
 20
158.19793212890625
 10
171.31592285156253
 20
158.19793212890625
 10
171.31592285156253
 20
158.30452148437502
  0
LWPOLYLINE
  5
4B1
330
17
100
AcDbEntity
  8
RASTER_TRACE
100
AcDbPolyline
 90
4
 70
1
 10
168.86436767578127
 20
158.30452148437502
 10
168.86436767578127
 20
158.19793212890625
 10
169.82367187500003
 20
158.19793212890625
 10
169.82367187500003
 20
158.30452148437502
  0
LWPOLYLINE
  5
4B2
330
17
100
AcDbEntity
  8
RASTER_TRACE
100
AcDbPolyline
 90
4
 70
1
 10
167.4787060546875
 20
158.30452148437502
 10
167.4787060546875
 20
158.19793212890625
 10
168.43801025390627
 20
158.19793212890625
 10
168.43801025390627
 20
158.30452148437502
  0
LWPOLYLINE
  5
4B3
330
17
100
AcDbEntity
  8
RASTER_TRACE
100
AcDbPolyline
 90
4
 70
1
 10
166.30622314453126
 20
158.30452148437502
 10
166.30622314453126
 20
158.19793212890625
 10
167.15893798828128
 20
158.19793212890625
 10
167.15893798828128
 20
158.30452148437502
  0
LWPOLYLINE
  5
4B4
330
17
100
AcDbEntity
  8
RASTER_TRACE
100
AcDbPolyline
 90
4
 70
1
 10
164.92056152343753
 20
158.30452148437502
 10
164.92056152343753
 20
158.19793212890625
 10
165.77327636718752
 20
158.19793212890625
 10
165.77327636718752
 20
158.30452148437502
  0
LWPOLYLINE
  5
4B5
330
17
100
AcDbEntity
  8
RASTER_TRACE
100
AcDbPolyline
 90
4
 70
1
 10
163.42831054687503
 20
158.30452148437502
 10
163.42831054687503
 20
158.19793212890625
 10
164.49420410156253
 20
158.19793212890625
 10
164.49420410156253
 20
158.30452148437502
  0
LWPOLYLINE
  5
4B6
330
17
100
AcDbEntity
  8
RASTER_TRACE
100
AcDbPolyline
 90
4
 70
1
 10
162.04264892578126
 20
158.19793212890625
 10
163.00195312500003
 20
158.19793212890625
 10
163.00195312500003
 20
158.30452148437502
 10
162.14923828125
 20
158.30452148437502
  0
LWPOLYLINE
  5
4B7
330
17
100
AcDbEntity
  8
RASTER_TRACE
100
AcDbPolyline
 90
4
 70
1
 10
160.6569873046875
 20
158.19793212890625
 10
161.61629150390627
 20
158.19793212890625
 10
161.61629150390627
 20
158.30452148437502
 10
160.76357666015628
 20
158.30452148437502
  0
LWPOLYLINE
  5
4B8
330
17
100
AcDbEntity
  8
RASTER_TRACE
100
AcDbPolyline
 90
4
 70
1
 10
159.59109375000003
 20
158.19793212890625
 10
160.44380859375002
 20
158.19793212890625
 10
160.33721923828128
 20
158.30452148437502
 10
159.69768310546877
 20
158.30452148437502
  0
LWPOLYLINE
  5
4B9
330
17
100
AcDbEntity
  8
RASTER_TRACE
100
AcDbPolyline
 90
13
 70
1
 10
148.61239013671877
 20
158.30452148437502
 10
148.93215820312503
 20
157.77157470703125
 10
148.82556884765626
 20
157.6649853515625
 10
148.39921142578126
 20
157.6649853515625
 10
148.39921142578126
 20
157.55839599609374
 10
148.93215820312503
 20
157.55839599609374
 10
149.03874755859377
 20
157.6649853515625
 10
149.35851562500002
 20
157.451806640625
 10
149.5716943359375
 20
157.451806640625
 10
149.46510498046877
 20
157.55839599609374
 10
149.1453369140625
 20
157.55839599609374
 10
148.93215820312503
 20
157.77157470703125
 10
148.71897949218751
 20
158.30452148437502
  0
LWPOLYLINE
  5
4BA
330
17
100
AcDbEntity
  8
RASTER_TRACE
100
AcDbPolyline
 90
7
 70
1
 10
207.34312500000001
 20
158.62428955078124
 10
207.44971435546879
 20
158.5177001953125
 10
207.44971435546879
 20
157.98475341796876
 10
207.12994628906253
 20
157.6649853515625
 10
206.91676757812502
 20
157.6649853515625
 10
206.81017822265628
 20
157.77157470703125
 10
206.81017822265628
 20
158.19793212890625
  0
LWPOLYLINE
  5
4BB
330
17
100
AcDbEntity
  8
RASTER_TRACE
100
AcDbPolyline
 90
6
 70
1
 10
226.31603027343752
 20
158.9440576171875
 10
226.42261962890626
 20
158.83746826171875
 10
226.42261962890626
 20
158.62428955078124
 10
226.31603027343752
 20
158.5177001953125
 10
226.20944091796878
 20
158.62428955078124
 10
226.20944091796878
 20
158.83746826171875
  0
LWPOLYLINE
  5
4BC
330
17
100
AcDbEntity
  8
RASTER_TRACE
100
AcDbPolyline
 90
2
 70
1
 10
181.76167968750002
 20
158.83746826171875
 10
182.50780517578127
 20
158.83746826171875
  0
LWPOLYLINE
  5
4BD
330
17
100
AcDbEntity
  8
RASTER_TRACE
100
AcDbPolyline
 90
2
 70
1
 10
180.37601806640626
 20
158.83746826171875
 10
181.1221435546875
 20
158.83746826171875
  0
LWPOLYLINE
  5
4BE
330
17
100
AcDbEntity
  8
RASTER_TRACE
100
AcDbPolyline
 90
2
 70
1
 10
178.99035644531253
 20
158.83746826171875
 10
179.73648193359378
 20
158.83746826171875
  0
LWPOLYLINE
  5
4BF
330
17
100
AcDbEntity
  8
RASTER_TRACE
100
AcDbPolyline
 90
2
 70
1
 10
177.60469482421877
 20
158.83746826171875
 10
178.24423095703128
 20
158.83746826171875
  0
LWPOLYLINE
  5
4C0
330
17
100
AcDbEntity
  8
RASTER_TRACE
100
AcDbPolyline
 90
2
 70
1
 10
176.11244384765627
 20
158.83746826171875
 10
176.85856933593752
 20
158.83746826171875
  0
LWPOLYLINE
  5
4C1
330
17
100
AcDbEntity
  8
RASTER_TRACE
100
AcDbPolyline
 90
2
 70
1
 10
174.83337158203128
 20
158.83746826171875
 10
175.47290771484376
 20
158.83746826171875
  0
LWPOLYLINE
  5
4C2
330
17
100
AcDbEntity
  8
RASTER_TRACE
100
AcDbPolyline
 90
2
 70
1
 10
173.44770996093752
 20
158.83746826171875
 10
174.08724609375003
 20
158.83746826171875
  0
LWPOLYLINE
  5
4C3
330
17
100
AcDbEntity
  8
RASTER_TRACE
100
AcDbPolyline
 90
2
 70
1
 10
172.06204833984376
 20
158.83746826171875
 10
172.808173828125
 20
158.83746826171875
  0
LWPOLYLINE
  5
4C4
330
17
100
AcDbEntity
  8
RASTER_TRACE
100
AcDbPolyline
 90
4
 70
1
 10
170.67638671875002
 20
158.73087890624998
 10
171.20933349609376
 20
158.73087890624998
 10
171.31592285156253
 20
158.83746826171875
 10
170.67638671875002
 20
158.83746826171875
  0
LWPOLYLINE
  5
4C5
330
17
100
AcDbEntity
  8
RASTER_TRACE
100
AcDbPolyline
 90
8
 70
1
 10
169.29072509765626
 20
158.83746826171875
 10
169.29072509765626
 20
158.73087890624998
 10
169.397314453125
 20
158.83746826171875
 10
169.50390380859378
 20
158.73087890624998
 10
169.71708251953126
 20
158.73087890624998
 10
169.82367187500003
 20
158.83746826171875
 10
169.93026123046877
 20
158.73087890624998
 10
169.93026123046877
 20
158.83746826171875
  0
LWPOLYLINE
  5
4C6
330
17
100
AcDbEntity
  8
RASTER_TRACE
100
AcDbPolyline
 90
4
 70
1
 10
167.79847412109376
 20
158.83746826171875
 10
167.90506347656253
 20
158.73087890624998
 10
168.544599609375
 20
158.73087890624998
 10
168.544599609375
 20
158.83746826171875
  0
LWPOLYLINE
  5
4C7
330
17
100
AcDbEntity
  8
RASTER_TRACE
100
AcDbPolyline
 90
4
 70
1
 10
166.51940185546877
 20
158.83746826171875
 10
166.51940185546877
 20
158.73087890624998
 10
167.15893798828128
 20
158.73087890624998
 10
167.15893798828128
 20
158.83746826171875
  0
LWPOLYLINE
  5
4C8
330
17
100
AcDbEntity
  8
RASTER_TRACE
100
AcDbPolyline
 90
4
 70
1
 10
165.02715087890627
 20
158.83746826171875
 10
165.02715087890627
 20
158.73087890624998
 10
165.77327636718752
 20
158.73087890624998
 10
165.77327636718752
 20
158.83746826171875
  0
LWPOLYLINE
  5
4C9
330
17
100
AcDbEntity
  8
RASTER_TRACE
100
AcDbPolyline
 90
4
 70
1
 10
163.6414892578125
 20
158.83746826171875
 10
163.6414892578125
 20
158.73087890624998
 10
164.38761474609376
 20
158.73087890624998
 10
164.38761474609376
 20
158.83746826171875
  0
LWPOLYLINE
  5
4CA
330
17
100
AcDbEntity
  8
RASTER_TRACE
100
AcDbPolyline
 90
4
 70
1
 10
162.25582763671878
 20
158.83746826171875
 10
162.25582763671878
 20
158.73087890624998
 10
163.00195312500003
 20
158.73087890624998
 10
163.00195312500003
 20
158.83746826171875
  0
LWPOLYLINE
  5
4CB
330
17
100
AcDbEntity
  8
RASTER_TRACE
100
AcDbPolyline
 90
4
 70
1
 10
160.87016601562502
 20
158.83746826171875
 10
160.87016601562502
 20
158.73087890624998
 10
161.61629150390627
 20
158.73087890624998
 10
161.61629150390627
 20
158.83746826171875
  0
LWPOLYLINE
  5
4CC
330
17
100
AcDbEntity
  8
RASTER_TRACE
100
AcDbPolyline
 90
4
 70
1
 10
159.48450439453126
 20
158.73087890624998
 10
160.2306298828125
 20
158.73087890624998
 10
160.2306298828125
 20
158.83746826171875
 10
159.59109375000003
 20
158.83746826171875
  0
LWPOLYLINE
  5
4CD
330
17
100
AcDbEntity
  8
RASTER_TRACE
100
AcDbPolyline
 90
4
 70
1
 10
158.20543212890627
 20
158.83746826171875
 10
158.20543212890627
 20
158.73087890624998
 10
158.84496826171878
 20
158.73087890624998
 10
158.84496826171878
 20
158.83746826171875
  0
LWPOLYLINE
  5
4CE
330
17
100
AcDbEntity
  8
RASTER_TRACE
100
AcDbPolyline
 90
4
 70
1
 10
205.63769531250003
 20
158.83746826171875
 10
206.2772314453125
 20
158.83746826171875
 10
206.38382080078128
 20
158.9440576171875
 10
205.63769531250003
 20
158.9440576171875
  0
LWPOLYLINE
  5
4CF
330
17
100
AcDbEntity
  8
RASTER_TRACE
100
AcDbPolyline
 90
4
 70
1
 10
204.25203369140627
 20
158.9440576171875
 10
204.25203369140627
 20
158.83746826171875
 10
204.99815917968752
 20
158.83746826171875
 10
204.99815917968752
 20
158.9440576171875
  0
LWPOLYLINE
  5
4D0
330
17
100
AcDbEntity
  8
RASTER_TRACE
100
AcDbPolyline
 90
4
 70
1
 10
202.8663720703125
 20
158.9440576171875
 10
202.8663720703125
 20
158.83746826171875
 10
203.61249755859376
 20
158.83746826171875
 10
203.61249755859376
 20
158.9440576171875
  0
LWPOLYLINE
  5
4D1
330
17
100
AcDbEntity
  8
RASTER_TRACE
100
AcDbPolyline
 90
4
 70
1
 10
201.48071044921878
 20
158.9440576171875
 10
201.48071044921878
 20
158.83746826171875
 10
202.22683593750003
 20
158.83746826171875
 10
202.22683593750003
 20
158.9440576171875
  0
LWPOLYLINE
  5
4D2
330
17
100
AcDbEntity
  8
RASTER_TRACE
100
AcDbPolyline
 90
4
 70
1
 10
200.09504882812502
 20
158.9440576171875
 10
200.09504882812502
 20
158.83746826171875
 10
200.84117431640627
 20
158.83746826171875
 10
200.84117431640627
 20
158.9440576171875
  0
LWPOLYLINE
  5
4D3
330
17
100
AcDbEntity
  8
RASTER_TRACE
100
AcDbPolyline
 90
4
 70
1
 10
198.70938720703128
 20
158.9440576171875
 10
198.70938720703128
 20
158.83746826171875
 10
199.45551269531254
 20
158.83746826171875
 10
199.45551269531254
 20
158.9440576171875
  0
LWPOLYLINE
  5
4D4
330
17
100
AcDbEntity
  8
RASTER_TRACE
100
AcDbPolyline
 90
4
 70
1
 10
197.32372558593752
 20
158.9440576171875
 10
197.32372558593752
 20
158.83746826171875
 10
198.06985107421878
 20
158.83746826171875
 10
198.06985107421878
 20
158.9440576171875
  0
LWPOLYLINE
  5
4D5
330
17
100
AcDbEntity
  8
RASTER_TRACE
100
AcDbPolyline
 90
4
 70
1
 10
195.93806396484376
 20
158.9440576171875
 10
195.93806396484376
 20
158.83746826171875
 10
196.68418945312501
 20
158.83746826171875
 10
196.68418945312501
 20
158.9440576171875
  0
LWPOLYLINE
  5
4D6
330
17
100
AcDbEntity
  8
RASTER_TRACE
100
AcDbPolyline
 90
4
 70
1
 10
194.55240234375003
 20
158.9440576171875
 10
194.55240234375003
 20
158.83746826171875
 10
195.29852783203128
 20
158.83746826171875
 10
195.29852783203128
 20
158.9440576171875
  0
LWPOLYLINE
  5
4D7
330
17
100
AcDbEntity
  8
RASTER_TRACE
100
AcDbPolyline
 90
4
 70
1
 10
193.16674072265627
 20
158.9440576171875
 10
193.16674072265627
 20
158.83746826171875
 10
193.91286621093752
 20
158.83746826171875
 10
193.91286621093752
 20
158.9440576171875
  0
LWPOLYLINE
  5
4D8
330
17
100
AcDbEntity
  8
RASTER_TRACE
100
AcDbPolyline
 90
4
 70
1
 10
191.7810791015625
 20
158.9440576171875
 10
191.7810791015625
 20
158.83746826171875
 10
192.52720458984376
 20
158.83746826171875
 10
192.52720458984376
 20
158.9440576171875
  0
LWPOLYLINE
  5
4D9
330
17
100
AcDbEntity
  8
RASTER_TRACE
100
AcDbPolyline
 90
4
 70
1
 10
190.288828125
 20
158.9440576171875
 10
190.288828125
 20
158.83746826171875
 10
191.03495361328126
 20
158.83746826171875
 10
191.03495361328126
 20
158.9440576171875
  0
LWPOLYLINE
  5
4DA
330
17
100
AcDbEntity
  8
RASTER_TRACE
100
AcDbPolyline
 90
4
 70
1
 10
188.90316650390628
 20
158.9440576171875
 10
188.90316650390628
 20
158.83746826171875
 10
189.64929199218753
 20
158.83746826171875
 10
189.64929199218753
 20
158.9440576171875
  0
LWPOLYLINE
  5
4DB
330
17
100
AcDbEntity
  8
RASTER_TRACE
100
AcDbPolyline
 90
4
 70
1
 10
187.51750488281252
 20
158.9440576171875
 10
187.51750488281252
 20
158.83746826171875
 10
188.26363037109377
 20
158.83746826171875
 10
188.26363037109377
 20
158.9440576171875
  0
LWPOLYLINE
  5
4DC
330
17
100
AcDbEntity
  8
RASTER_TRACE
100
AcDbPolyline
 90
4
 70
1
 10
186.02525390625001
 20
158.83746826171875
 10
186.77137939453127
 20
158.83746826171875
 10
186.77137939453127
 20
158.9440576171875
 10
186.13184326171876
 20
158.9440576171875
  0
LWPOLYLINE
  5
4DD
330
17
100
AcDbEntity
  8
RASTER_TRACE
100
AcDbPolyline
 90
8
 70
1
 10
184.63959228515628
 20
158.9440576171875
 10
184.63959228515628
 20
158.83746826171875
 10
185.38571777343753
 20
158.83746826171875
 10
185.27912841796876
 20
158.9440576171875
 10
185.17253906250002
 20
158.83746826171875
 10
185.06594970703128
 20
158.9440576171875
 10
184.9593603515625
 20
158.83746826171875
 10
184.85277099609377
 20
158.9440576171875
  0
LWPOLYLINE
  5
4DE
330
17
100
AcDbEntity
  8
RASTER_TRACE
100
AcDbPolyline
 90
4
 70
1
 10
183.14734130859378
 20
158.83746826171875
 10
183.89346679687503
 20
158.83746826171875
 10
183.36052001953126
 20
158.83746826171875
 10
183.25393066406252
 20
158.9440576171875
  0
LWPOLYLINE
  5
4DF
330
17
100
AcDbEntity
  8
RASTER_TRACE
100
AcDbPolyline
 90
4
 70
1
 10
144.56199462890626
 20
158.9440576171875
 10
144.45540527343752
 20
158.83746826171875
 10
144.45540527343752
 20
158.19793212890625
 10
144.56199462890626
 20
158.19793212890625
  0
LWPOLYLINE
  5
4E0
330
17
100
AcDbEntity
  8
RASTER_TRACE
100
AcDbPolyline
 90
5
 70
1
 10
150.637587890625
 20
159.05064697265624
 10
150.637587890625
 20
158.83746826171875
 10
150.85076660156253
 20
158.41111083984373
 10
150.74417724609376
 20
158.62428955078124
 10
150.74417724609376
 20
158.9440576171875
  0
LWPOLYLINE
  5
4E1
330
17
100
AcDbEntity
  8
RASTER_TRACE
100
AcDbPolyline
 90
7
 70
1
 10
155.11434082031252
 20
159.157236328125
 10
155.00775146484378
 20
159.157236328125
 10
155.00775146484378
 20
158.9440576171875
 10
154.901162109375
 20
158.83746826171875
 10
154.901162109375
 20
158.41111083984373
 10
155.00775146484378
 20
158.62428955078124
 10
155.00775146484378
 20
159.05064697265624
  0
LWPOLYLINE
  5
4E2
330
17
100
AcDbEntity
  8
RASTER_TRACE
100
AcDbPolyline
 90
6
 70
1
 10
147.86626464843752
 20
159.26382568359375
 10
148.18603271484378
 20
158.9440576171875
 10
148.18603271484378
 20
158.83746826171875
 10
148.29262207031252
 20
158.83746826171875
 10
148.079443359375
 20
159.05064697265624
 10
148.079443359375
 20
159.157236328125
  0
LWPOLYLINE
  5
4E3
330
17
100
AcDbEntity
  8
RASTER_TRACE
100
AcDbPolyline
 90
2
 70
1
 10
97.5560888671875
 20
159.58359374999998
 10
97.5560888671875
 20
158.73087890624998
  0
LWPOLYLINE
  5
4E4
330
17
100
AcDbEntity
  8
RASTER_TRACE
100
AcDbPolyline
 90
7
 70
1
 10
83.9126513671875
 20
159.58359374999998
 10
83.9126513671875
 20
159.47700439453126
 10
84.33900878906252
 20
159.47700439453126
 10
84.44559814453126
 20
159.3704150390625
 10
84.65877685546874
 20
159.3704150390625
 10
84.5521875
 20
159.47700439453126
 10
84.125830078125
 20
159.47700439453126
  0
LWPOLYLINE
  5
4E5
330
17
100
AcDbEntity
  8
RASTER_TRACE
100
AcDbPolyline
 90
5
 70
1
 10
82.6335791015625
 20
159.7967724609375
 10
82.84675781250002
 20
159.69018310546875
 10
83.37970458984375
 20
159.69018310546875
 10
83.16652587890624
 20
159.69018310546875
 10
83.0599365234375
 20
159.7967724609375
  0
LWPOLYLINE
  5
4E6
330
17
100
AcDbEntity
  8
RASTER_TRACE
100
AcDbPolyline
 90
3
 70
1
 10
150.10464111328128
 20
160.009951171875
 10
150.42440917968753
 20
159.3704150390625
 10
150.42440917968753
 20
159.58359374999998
  0
LWPOLYLINE
  5
4E7
330
17
100
AcDbEntity
  8
RASTER_TRACE
100
AcDbPolyline
 90
5
 70
1
 10
81.35450683593751
 20
160.11654052734374
 10
81.35450683593751
 20
160.009951171875
 10
82.10063232421876
 20
159.90336181640623
 10
81.88745361328125
 20
160.009951171875
 10
81.46109619140626
 20
160.009951171875
  0
LWPOLYLINE
  5
4E8
330
17
100
AcDbEntity
  8
RASTER_TRACE
100
AcDbPolyline
 90
5
 70
1
 10
87.74986816406252
 20
160.2231298828125
 10
87.64327880859375
 20
160.009951171875
 10
87.64327880859375
 20
159.58359374999998
 10
87.43010009765626
 20
159.157236328125
 10
87.74986816406252
 20
159.7967724609375
  0
LWPOLYLINE
  5
4E9
330
17
100
AcDbEntity
  8
RASTER_TRACE
100
AcDbPolyline
 90
6
 70
1
 10
155.75387695312503
 20
160.32971923828126
 10
155.43410888671878
 20
160.009951171875
 10
155.32751953125
 20
159.7967724609375
 10
155.43410888671878
 20
159.7967724609375
 10
155.43410888671878
 20
159.90336181640623
 10
155.75387695312503
 20
160.2231298828125
  0
LWPOLYLINE
  5
4EA
330
17
100
AcDbEntity
  8
RASTER_TRACE
100
AcDbPolyline
 90
4
 70
1
 10
144.56199462890626
 20
160.32971923828126
 10
144.45540527343752
 20
160.2231298828125
 10
144.45540527343752
 20
159.58359374999998
 10
144.56199462890626
 20
159.58359374999998
  0
LWPOLYLINE
  5
4EB
330
17
100
AcDbEntity
  8
RASTER_TRACE
100
AcDbPolyline
 90
5
 70
1
 10
79.96884521484375
 20
160.32971923828126
 10
80.18202392578127
 20
160.2231298828125
 10
80.60838134765626
 20
160.2231298828125
 10
80.714970703125
 20
160.11654052734374
 10
80.714970703125
 20
160.2231298828125
  0
LWPOLYLINE
  5
4EC
330
17
100
AcDbEntity
  8
RASTER_TRACE
100
AcDbPolyline
 90
3
 70
1
 10
86.57738525390624
 20
160.43630859375
 10
86.36420654296876
 20
160.009951171875
 10
86.57738525390624
 20
160.11654052734374
  0
LWPOLYLINE
  5
4ED
330
17
100
AcDbEntity
  8
RASTER_TRACE
100
AcDbPolyline
 90
3
 70
1
 10
78.68977294921876
 20
160.54289794921874
 10
79.43589843750001
 20
160.43630859375
 10
79.2227197265625
 20
160.54289794921874
  0
LWPOLYLINE
  5
4EE
330
17
100
AcDbEntity
  8
RASTER_TRACE
100
AcDbPolyline
 90
5
 70
1
 10
146.5871923828125
 20
160.75607666015622
 10
147.01354980468753
 20
160.11654052734374
 10
147.01354980468753
 20
160.32971923828126
 10
146.69378173828127
 20
160.6494873046875
 10
146.69378173828127
 20
160.75607666015622
  0
LWPOLYLINE
  5
4EF
330
17
100
AcDbEntity
  8
RASTER_TRACE
100
AcDbPolyline
 90
4
 70
1
 10
226.10285156250004
 20
160.862666015625
 10
226.10285156250004
 20
160.11654052734374
 10
226.20944091796878
 20
160.11654052734374
 10
226.20944091796878
 20
160.862666015625
  0
LWPOLYLINE
  5
4F0
330
17
100
AcDbEntity
  8
RASTER_TRACE
100
AcDbPolyline
 90
9
 70
1
 10
225.25013671875
 20
160.96925537109377
 10
225.35672607421878
 20
160.862666015625
 10
225.35672607421878
 20
158.41111083984373
 10
225.25013671875
 20
158.30452148437502
 10
224.61060058593753
 20
158.30452148437502
 10
224.50401123046876
 20
158.41111083984373
 10
224.50401123046876
 20
160.43630859375
 10
224.71718994140628
 20
160.6494873046875
 10
224.93036865234376
 20
160.6494873046875
  0
LWPOLYLINE
  5
4F1
330
17
100
AcDbEntity
  8
RASTER_TRACE
100
AcDbPolyline
 90
4
 70
1
 10
121.53869384765625
 20
160.862666015625
 10
121.53869384765625
 20
160.11654052734374
 10
121.64528320312502
 20
160.11654052734374
 10
121.64528320312502
 20
160.862666015625
  0
LWPOLYLINE
  5
4F2
330
17
100
AcDbEntity
  8
RASTER_TRACE
100
AcDbPolyline
 90
7
 70
1
 10
77.41070068359375
 20
160.862666015625
 10
77.51729003906252
 20
160.75607666015622
 10
77.94364746093751
 20
160.75607666015622
 10
78.156826171875
 20
160.6494873046875
 10
78.156826171875
 20
160.75607666015622
 10
77.73046875
 20
160.75607666015622
 10
77.62387939453126
 20
160.862666015625
  0
LWPOLYLINE
  5
4F3
330
17
100
AcDbEntity
  8
RASTER_TRACE
100
AcDbPolyline
 90
2
 70
1
 10
163.74807861328128
 20
160.96925537109377
 10
164.49420410156253
 20
160.96925537109377
  0
LWPOLYLINE
  5
4F4
330
17
100
AcDbEntity
  8
RASTER_TRACE
100
AcDbPolyline
 90
2
 70
1
 10
162.36241699218752
 20
160.96925537109377
 10
163.10854248046877
 20
160.96925537109377
  0
LWPOLYLINE
  5
4F5
330
17
100
AcDbEntity
  8
RASTER_TRACE
100
AcDbPolyline
 90
4
 70
1
 10
160.87016601562502
 20
160.96925537109377
 10
160.97675537109376
 20
160.862666015625
 10
161.61629150390627
 20
160.862666015625
 10
161.722880859375
 20
160.96925537109377
  0
LWPOLYLINE
  5
4F6
330
17
100
AcDbEntity
  8
RASTER_TRACE
100
AcDbPolyline
 90
4
 70
1
 10
159.48450439453126
 20
160.862666015625
 10
160.33721923828128
 20
160.862666015625
 10
160.33721923828128
 20
160.96925537109377
 10
159.59109375000003
 20
160.96925537109377
  0
LWPOLYLINE
  5
4F7
330
17
100
AcDbEntity
  8
RASTER_TRACE
100
AcDbPolyline
 90
4
 70
1
 10
158.09884277343753
 20
160.862666015625
 10
158.84496826171878
 20
160.862666015625
 10
158.84496826171878
 20
160.96925537109377
 10
158.20543212890627
 20
160.96925537109377
  0
LWPOLYLINE
  5
4F8
330
17
100
AcDbEntity
  8
RASTER_TRACE
100
AcDbPolyline
 90
15
 70
1
 10
156.18023437500003
 20
160.6494873046875
 10
156.50000244140628
 20
160.6494873046875
 10
156.60659179687502
 20
160.75607666015622
 10
156.8197705078125
 20
160.75607666015622
 10
157.03294921875002
 20
160.862666015625
 10
157.13953857421876
 20
160.75607666015622
 10
157.13953857421876
 20
160.11654052734374
 10
157.24612792968753
 20
160.11654052734374
 10
157.24612792968753
 20
160.75607666015622
 10
157.35271728515627
 20
160.862666015625
 10
157.67248535156253
 20
160.862666015625
 10
156.60659179687502
 20
160.862666015625
 10
156.3934130859375
 20
160.96925537109377
 10
156.50000244140628
 20
160.75607666015622
 10
156.3934130859375
 20
160.6494873046875
  0
LWPOLYLINE
  5
4F9
330
17
100
AcDbEntity
  8
RASTER_TRACE
100
AcDbPolyline
 90
4
 70
1
 10
155.00775146484378
 20
160.96925537109377
 10
155.00775146484378
 20
160.862666015625
 10
155.86046630859377
 20
160.862666015625
 10
155.86046630859377
 20
160.96925537109377
  0
LWPOLYLINE
  5
4FA
330
17
100
AcDbEntity
  8
RASTER_TRACE
100
AcDbPolyline
 90
4
 70
1
 10
153.51550048828128
 20
160.96925537109377
 10
153.72867919921876
 20
160.862666015625
 10
154.36821533203127
 20
160.862666015625
 10
154.36821533203127
 20
160.96925537109377
  0
LWPOLYLINE
  5
4FB
330
17
100
AcDbEntity
  8
RASTER_TRACE
100
AcDbPolyline
 90
4
 70
1
 10
152.12983886718752
 20
160.96925537109377
 10
152.76937500000003
 20
160.96925537109377
 10
152.87596435546877
 20
160.862666015625
 10
152.9825537109375
 20
160.96925537109377
  0
LWPOLYLINE
  5
4FC
330
17
100
AcDbEntity
  8
RASTER_TRACE
100
AcDbPolyline
 90
2
 70
1
 10
150.74417724609376
 20
160.96925537109377
 10
151.59689208984378
 20
160.96925537109377
  0
LWPOLYLINE
  5
4FD
330
17
100
AcDbEntity
  8
RASTER_TRACE
100
AcDbPolyline
 90
9
 70
1
 10
149.35851562500002
 20
160.862666015625
 10
149.46510498046877
 20
160.6494873046875
 10
149.67828369140628
 20
160.43630859375
 10
149.78487304687502
 20
160.43630859375
 10
149.46510498046877
 20
160.75607666015622
 10
149.46510498046877
 20
160.862666015625
 10
149.5716943359375
 20
160.96925537109377
 10
150.21123046875002
 20
160.96925537109377
 10
149.46510498046877
 20
160.96925537109377
  0
LWPOLYLINE
  5
4FE
330
17
100
AcDbEntity
  8
RASTER_TRACE
100
AcDbPolyline
 90
2
 70
1
 10
97.5560888671875
 20
160.96925537109377
 10
97.5560888671875
 20
160.2231298828125
  0
LWPOLYLINE
  5
4FF
330
17
100
AcDbEntity
  8
RASTER_TRACE
100
AcDbPolyline
 90
4
 70
1
 10
166.51940185546877
 20
161.07584472656248
 10
166.6259912109375
 20
160.96925537109377
 10
166.73258056640626
 20
161.07584472656248
 10
167.37211669921876
 20
161.07584472656248
  0
LWPOLYLINE
  5
500
330
17
100
AcDbEntity
  8
RASTER_TRACE
100
AcDbPolyline
 90
4
 70
1
 10
165.133740234375
 20
160.96925537109377
 10
165.87986572265626
 20
160.96925537109377
 10
165.98645507812503
 20
161.07584472656248
 10
165.24032958984378
 20
161.07584472656248
  0
LWPOLYLINE
  5
501
330
17
100
AcDbEntity
  8
RASTER_TRACE
100
AcDbPolyline
 90
2
 70
1
 10
94.25181884765627
 20
161.07584472656248
 10
94.99794433593752
 20
161.07584472656248
  0
LWPOLYLINE
  5
502
330
17
100
AcDbEntity
  8
RASTER_TRACE
100
AcDbPolyline
 90
6
 70
1
 10
76.13162841796876
 20
161.07584472656248
 10
76.34480712890625
 20
161.07584472656248
 10
76.45139648437501
 20
160.96925537109377
 10
76.87775390625
 20
160.96925537109377
 10
76.66457519531251
 20
160.96925537109377
 10
76.55798583984375
 20
161.07584472656248
  0
LWPOLYLINE
  5
503
330
17
100
AcDbEntity
  8
RASTER_TRACE
100
AcDbPolyline
 90
6
 70
1
 10
224.93036865234376
 20
161.2890234375
 10
225.14354736328127
 20
161.07584472656248
 10
225.14354736328127
 20
160.96925537109377
 10
224.82377929687502
 20
160.6494873046875
 10
224.71718994140628
 20
160.6494873046875
 10
224.61060058593753
 20
160.75607666015622
  0
LWPOLYLINE
  5
504
330
17
100
AcDbEntity
  8
RASTER_TRACE
100
AcDbPolyline
 90
2
 70
1
 10
170.67638671875002
 20
161.18243408203125
 10
171.42251220703128
 20
161.18243408203125
  0
LWPOLYLINE
  5
505
330
17
100
AcDbEntity
  8
RASTER_TRACE
100
AcDbPolyline
 90
6
 70
1
 10
169.29072509765626
 20
161.18243408203125
 10
169.397314453125
 20
161.07584472656248
 10
169.82367187500003
 20
161.07584472656248
 10
169.93026123046877
 20
161.18243408203125
 10
170.03685058593751
 20
161.07584472656248
 10
170.03685058593751
 20
161.18243408203125
  0
LWPOLYLINE
  5
506
330
17
100
AcDbEntity
  8
RASTER_TRACE
100
AcDbPolyline
 90
4
 70
1
 10
168.75777832031253
 20
161.07584472656248
 10
168.65118896484378
 20
161.18243408203125
 10
168.544599609375
 20
161.07584472656248
 10
167.90506347656253
 20
161.07584472656248
  0
LWPOLYLINE
  5
507
330
17
100
AcDbEntity
  8
RASTER_TRACE
100
AcDbPolyline
 90
4
 70
1
 10
92.8661572265625
 20
161.18243408203125
 10
92.8661572265625
 20
161.07584472656248
 10
93.61228271484376
 20
161.07584472656248
 10
93.61228271484376
 20
161.18243408203125
  0
LWPOLYLINE
  5
508
330
17
100
AcDbEntity
  8
RASTER_TRACE
100
AcDbPolyline
 90
4
 70
1
 10
91.26731689453126
 20
161.18243408203125
 10
92.01344238281251
 20
161.18243408203125
 10
92.22662109375
 20
161.07584472656248
 10
92.22662109375
 20
161.18243408203125
  0
LWPOLYLINE
  5
509
330
17
100
AcDbEntity
  8
RASTER_TRACE
100
AcDbPolyline
 90
2
 70
1
 10
90.09483398437501
 20
161.18243408203125
 10
90.7343701171875
 20
161.18243408203125
  0
LWPOLYLINE
  5
50A
330
17
100
AcDbEntity
  8
RASTER_TRACE
100
AcDbPolyline
 90
2
 70
1
 10
173.44770996093752
 20
161.2890234375
 10
174.19383544921877
 20
161.2890234375
  0
LWPOLYLINE
  5
50B
330
17
100
AcDbEntity
  8
RASTER_TRACE
100
AcDbPolyline
 90
4
 70
1
 10
172.06204833984376
 20
161.2890234375
 10
172.06204833984376
 20
161.18243408203125
 10
172.808173828125
 20
161.18243408203125
 10
172.808173828125
 20
161.2890234375
  0
LWPOLYLINE
  5
50C
330
17
100
AcDbEntity
  8
RASTER_TRACE
100
AcDbPolyline
 90
4
 70
1
 10
88.70917236328125
 20
161.2890234375
 10
88.70917236328125
 20
161.18243408203125
 10
89.4552978515625
 20
161.18243408203125
 10
89.34870849609376
 20
161.2890234375
  0
LWPOLYLINE
  5
50D
330
17
100
AcDbEntity
  8
RASTER_TRACE
100
AcDbPolyline
 90
8
 70
1
 10
87.3235107421875
 20
161.2890234375
 10
87.64327880859375
 20
160.6494873046875
 10
87.74986816406252
 20
160.6494873046875
 10
87.64327880859375
 20
160.75607666015622
 10
87.64327880859375
 20
160.96925537109377
 10
87.536689453125
 20
161.18243408203125
 10
87.64327880859375
 20
161.2890234375
 10
88.17622558593752
 20
161.2890234375
  0
LWPOLYLINE
  5
50E
330
17
100
AcDbEntity
  8
RASTER_TRACE
100
AcDbPolyline
 90
4
 70
1
 10
174.83337158203128
 20
161.2890234375
 10
175.36631835937501
 20
161.2890234375
 10
175.57949707031253
 20
161.39561279296873
 10
174.83337158203128
 20
161.39561279296873
  0
LWPOLYLINE
  5
50F
330
17
100
AcDbEntity
  8
RASTER_TRACE
100
AcDbPolyline
 90
9
 70
1
 10
87.11033203125001
 20
161.39561279296873
 10
86.4707958984375
 20
161.39561279296873
 10
86.68397460937501
 20
161.18243408203125
 10
86.57738525390624
 20
161.07584472656248
 10
86.57738525390624
 20
160.75607666015622
 10
86.68397460937501
 20
160.75607666015622
 10
86.68397460937501
 20
161.18243408203125
 10
86.79056396484376
 20
161.2890234375
 10
87.11033203125001
 20
161.2890234375
  0
LWPOLYLINE
  5
510
330
17
100
AcDbEntity
  8
RASTER_TRACE
100
AcDbPolyline
 90
6
 70
1
 10
74.95914550781251
 20
161.39561279296873
 10
74.95914550781251
 20
161.2890234375
 10
75.3855029296875
 20
161.2890234375
 10
75.598681640625
 20
161.18243408203125
 10
75.49209228515625
 20
161.2890234375
 10
75.06573486328125
 20
161.2890234375
  0
LWPOLYLINE
  5
511
330
17
100
AcDbEntity
  8
RASTER_TRACE
100
AcDbPolyline
 90
2
 70
1
 10
223.86447509765628
 20
161.5022021484375
 10
224.61060058593753
 20
161.5022021484375
  0
LWPOLYLINE
  5
512
330
17
100
AcDbEntity
  8
RASTER_TRACE
100
AcDbPolyline
 90
5
 70
1
 10
177.60469482421877
 20
161.39561279296873
 10
177.81787353515628
 20
161.39561279296873
 10
177.92446289062502
 20
161.5022021484375
 10
178.35082031250002
 20
161.5022021484375
 10
177.60469482421877
 20
161.5022021484375
  0
LWPOLYLINE
  5
513
330
17
100
AcDbEntity
  8
RASTER_TRACE
100
AcDbPolyline
 90
4
 70
1
 10
176.96515869140626
 20
161.39561279296873
 10
176.85856933593752
 20
161.5022021484375
 10
176.75197998046878
 20
161.39561279296873
 10
176.11244384765627
 20
161.39561279296873
  0
LWPOLYLINE
  5
514
330
17
100
AcDbEntity
  8
RASTER_TRACE
100
AcDbPolyline
 90
4
 70
1
 10
178.99035644531253
 20
161.5022021484375
 10
179.629892578125
 20
161.5022021484375
 10
179.73648193359378
 20
161.60879150390625
 10
178.99035644531253
 20
161.60879150390625
  0
LWPOLYLINE
  5
515
330
17
100
AcDbEntity
  8
RASTER_TRACE
100
AcDbPolyline
 90
6
 70
1
 10
146.26742431640628
 20
161.60879150390625
 10
146.37401367187502
 20
161.39561279296873
 10
146.37401367187502
 20
161.18243408203125
 10
146.48060302734376
 20
161.18243408203125
 10
146.37401367187502
 20
161.39561279296873
 10
146.37401367187502
 20
161.60879150390625
  0
LWPOLYLINE
  5
516
330
17
100
AcDbEntity
  8
RASTER_TRACE
100
AcDbPolyline
 90
7
 70
1
 10
85.29831298828125
 20
161.60879150390625
 10
85.40490234375
 20
161.5022021484375
 10
85.83125976562499
 20
161.5022021484375
 10
85.93784912109376
 20
161.39561279296873
 10
85.93784912109376
 20
161.5022021484375
 10
85.72467041015625
 20
161.5022021484375
 10
85.61808105468751
 20
161.60879150390625
  0
LWPOLYLINE
  5
517
330
17
100
AcDbEntity
  8
RASTER_TRACE
100
AcDbPolyline
 90
5
 70
1
 10
73.893251953125
 20
161.60879150390625
 10
73.99984130859376
 20
161.5022021484375
 10
74.319609375
 20
161.5022021484375
 10
74.42619873046876
 20
161.39561279296873
 10
74.42619873046876
 20
161.5022021484375
  0
LWPOLYLINE
  5
518
330
17
100
AcDbEntity
  8
RASTER_TRACE
100
AcDbPolyline
 90
5
 70
1
 10
180.37601806640626
 20
161.60879150390625
 10
181.1221435546875
 20
161.60879150390625
 10
181.1221435546875
 20
161.715380859375
 10
180.69578613281251
 20
161.715380859375
 10
180.58919677734377
 20
161.60879150390625
  0
LWPOLYLINE
  5
519
330
17
100
AcDbEntity
  8
RASTER_TRACE
100
AcDbPolyline
 90
4
 70
1
 10
144.56199462890626
 20
161.715380859375
 10
144.45540527343752
 20
161.60879150390625
 10
144.45540527343752
 20
160.96925537109377
 10
144.56199462890626
 20
160.96925537109377
  0
LWPOLYLINE
  5
51A
330
17
100
AcDbEntity
  8
RASTER_TRACE
100
AcDbPolyline
 90
33
 70
1
 10
28.9125439453125
 20
161.715380859375
 10
29.019133300781252
 20
161.82197021484376
 10
29.445490722656253
 20
161.18243408203125
 10
30.404794921875002
 20
160.54289794921874
 10
32.42999267578125
 20
160.2231298828125
 10
32.536582031250006
 20
159.69018310546875
 10
32.64317138671875
 20
160.2231298828125
 10
54.38739990234375
 20
159.58359374999998
 10
54.4939892578125
 20
159.05064697265624
 10
54.70716796875001
 20
159.58359374999998
 10
55.133525390625
 20
159.58359374999998
 10
55.3467041015625
 20
159.157236328125
 10
55.45329345703125
 20
159.58359374999998
 10
59.6102783203125
 20
159.90336181640623
 10
62.59478027343751
 20
160.6494873046875
 10
63.767263183593755
 20
161.18243408203125
 10
63.873852539062504
 20
160.32971923828126
 10
59.07733154296876
 20
158.73087890624998
 10
55.773061523437505
 20
158.19793212890625
 10
55.3467041015625
 20
158.30452148437502
 10
55.3467041015625
 20
158.9440576171875
 10
55.3467041015625
 20
158.41111083984373
 10
55.133525390625
 20
158.19793212890625
 10
54.70716796875001
 20
158.19793212890625
 10
54.4939892578125
 20
158.83746826171875
 10
54.38739990234375
 20
158.30452148437502
 10
35.84085205078125
 20
158.83746826171875
 10
32.536582031250006
 20
159.05064697265624
 10
32.42999267578125
 20
159.47700439453126
 10
32.3234033203125
 20
159.05064697265624
 10
30.6179736328125
 20
159.26382568359375
 10
29.978437500000002
 20
159.58359374999998
 10
29.232312011718754
 20
160.32971923828126
  0
LWPOLYLINE
  5
51B
330
17
100
AcDbEntity
  8
RASTER_TRACE
100
AcDbPolyline
 90
4
 70
1
 10
181.76167968750002
 20
161.715380859375
 10
182.50780517578127
 20
161.715380859375
 10
182.50780517578127
 20
161.82197021484376
 10
181.97485839843753
 20
161.82197021484376
  0
LWPOLYLINE
  5
51C
330
17
100
AcDbEntity
  8
RASTER_TRACE
100
AcDbPolyline
 90
5
 70
1
 10
84.01924072265626
 20
161.82197021484376
 10
84.23241943359375
 20
161.82197021484376
 10
84.33900878906252
 20
161.715380859375
 10
84.76536621093751
 20
161.715380859375
 10
84.5521875
 20
161.82197021484376
  0
LWPOLYLINE
  5
51D
330
17
100
AcDbEntity
  8
RASTER_TRACE
100
AcDbPolyline
 90
8
 70
1
 10
120.15303222656252
 20
161.9285595703125
 10
120.15303222656252
 20
161.82197021484376
 10
120.57938964843751
 20
161.82197021484376
 10
120.68597900390625
 20
161.715380859375
 10
120.89915771484377
 20
161.715380859375
 10
121.00574707031251
 20
161.82197021484376
 10
120.47280029296877
 20
161.82197021484376
 10
120.3662109375
 20
161.9285595703125
  0
LWPOLYLINE
  5
51E
330
17
100
AcDbEntity
  8
RASTER_TRACE
100
AcDbPolyline
 90
8
 70
1
 10
183.89346679687503
 20
162.03514892578124
 10
183.68028808593752
 20
162.03514892578124
 10
183.57369873046878
 20
161.9285595703125
 10
183.14734130859378
 20
161.9285595703125
 10
183.14734130859378
 20
161.82197021484376
 10
183.36052001953126
 20
161.82197021484376
 10
183.467109375
 20
161.9285595703125
 10
183.89346679687503
 20
161.9285595703125
  0
LWPOLYLINE
  5
51F
330
17
100
AcDbEntity
  8
RASTER_TRACE
100
AcDbPolyline
 90
8
 70
1
 10
66.32540771484375
 20
162.03514892578124
 10
66.218818359375
 20
161.9285595703125
 10
65.47269287109376
 20
161.82197021484376
 10
65.47269287109376
 20
161.715380859375
 10
65.68587158203125
 20
161.82197021484376
 10
66.0056396484375
 20
161.82197021484376
 10
66.11222900390626
 20
161.9285595703125
 10
66.32540771484375
 20
161.9285595703125
  0
LWPOLYLINE
  5
520
330
17
100
AcDbEntity
  8
RASTER_TRACE
100
AcDbPolyline
 90
7
 70
1
 10
222.05245605468753
 20
162.14173828125
 10
222.15904541015627
 20
162.24832763671873
 10
222.58540283203126
 20
162.24832763671873
 10
222.69199218750003
 20
162.14173828125
 10
222.69199218750003
 20
161.60879150390625
 10
222.47881347656252
 20
161.5022021484375
 10
222.15904541015627
 20
161.82197021484376
  0
LWPOLYLINE
  5
521
330
17
100
AcDbEntity
  8
RASTER_TRACE
100
AcDbPolyline
 90
6
 70
1
 10
123.99024902343751
 20
162.14173828125
 10
123.24412353515626
 20
162.03514892578124
 10
123.24412353515626
 20
161.9285595703125
 10
123.45730224609375
 20
161.9285595703125
 10
123.56389160156252
 20
162.03514892578124
 10
123.7770703125
 20
162.03514892578124
  0
LWPOLYLINE
  5
522
330
17
100
AcDbEntity
  8
RASTER_TRACE
100
AcDbPolyline
 90
16
 70
1
 10
121.32551513671876
 20
161.715380859375
 10
121.53869384765625
 20
161.60879150390625
 10
121.53869384765625
 20
161.2890234375
 10
121.64528320312502
 20
161.2890234375
 10
121.64528320312502
 20
161.60879150390625
 10
121.75187255859376
 20
161.715380859375
 10
122.7111767578125
 20
161.82197021484376
 10
122.7111767578125
 20
161.9285595703125
 10
122.49799804687501
 20
161.9285595703125
 10
122.39140869140627
 20
161.82197021484376
 10
121.75187255859376
 20
161.82197021484376
 10
121.64528320312502
 20
161.9285595703125
 10
121.64528320312502
 20
162.14173828125
 10
121.53869384765625
 20
162.14173828125
 10
121.53869384765625
 20
161.9285595703125
 10
121.32551513671876
 20
161.82197021484376
  0
LWPOLYLINE
  5
523
330
17
100
AcDbEntity
  8
RASTER_TRACE
100
AcDbPolyline
 90
8
 70
1
 10
119.08713867187501
 20
162.14173828125
 10
119.19372802734375
 20
162.03514892578124
 10
119.51349609375
 20
162.03514892578124
 10
119.62008544921875
 20
161.9285595703125
 10
119.83326416015626
 20
161.9285595703125
 10
119.72667480468752
 20
162.03514892578124
 10
119.40690673828126
 20
162.03514892578124
 10
119.3003173828125
 20
162.14173828125
  0
LWPOLYLINE
  5
524
330
17
100
AcDbEntity
  8
RASTER_TRACE
100
AcDbPolyline
 90
7
 70
1
 10
82.84675781250002
 20
162.14173828125
 10
82.84675781250002
 20
162.03514892578124
 10
83.0599365234375
 20
162.03514892578124
 10
83.16652587890624
 20
161.9285595703125
 10
83.59288330078127
 20
161.9285595703125
 10
83.4862939453125
 20
162.03514892578124
 10
83.0599365234375
 20
162.03514892578124
  0
LWPOLYLINE
  5
525
330
17
100
AcDbEntity
  8
RASTER_TRACE
100
AcDbPolyline
 90
7
 70
1
 10
71.12192871093751
 20
162.24832763671873
 10
71.12192871093751
 20
162.14173828125
 10
71.5482861328125
 20
162.14173828125
 10
71.65487548828125
 20
162.03514892578124
 10
71.9746435546875
 20
162.03514892578124
 10
71.76146484375
 20
162.14173828125
 10
71.335107421875
 20
162.14173828125
  0
LWPOLYLINE
  5
526
330
17
100
AcDbEntity
  8
RASTER_TRACE
100
AcDbPolyline
 90
6
 70
1
 10
67.71106933593751
 20
162.24832763671873
 10
67.497890625
 20
162.14173828125
 10
66.8583544921875
 20
162.14173828125
 10
66.8583544921875
 20
162.03514892578124
 10
67.071533203125
 20
162.14173828125
 10
67.71106933593751
 20
162.14173828125
  0
LWPOLYLINE
  5
527
330
17
100
AcDbEntity
  8
RASTER_TRACE
100
AcDbPolyline
 90
6
 70
1
 10
226.10285156250004
 20
162.3549169921875
 10
226.10285156250004
 20
161.9285595703125
 10
225.78308349609378
 20
161.715380859375
 10
225.99626220703126
 20
161.82197021484376
 10
226.10285156250004
 20
161.715380859375
 10
226.10285156250004
 20
161.39561279296873
  0
LWPOLYLINE
  5
528
330
17
100
AcDbEntity
  8
RASTER_TRACE
100
AcDbPolyline
 90
3
 70
1
 10
185.17253906250002
 20
162.3549169921875
 10
184.42641357421877
 20
162.14173828125
 10
184.74618164062503
 20
162.14173828125
  0
LWPOLYLINE
  5
529
330
17
100
AcDbEntity
  8
RASTER_TRACE
100
AcDbPolyline
 90
7
 70
1
 10
81.567685546875
 20
162.3549169921875
 10
81.567685546875
 20
162.24832763671873
 10
82.10063232421876
 20
162.24832763671873
 10
82.2072216796875
 20
162.14173828125
 10
82.2072216796875
 20
162.24832763671873
 10
81.88745361328125
 20
162.24832763671873
 10
81.78086425781251
 20
162.3549169921875
  0
LWPOLYLINE
  5
52A
330
17
100
AcDbEntity
  8
RASTER_TRACE
100
AcDbPolyline
 90
5
 70
1
 10
69.62967773437501
 20
162.24832763671873
 10
70.58898193359376
 20
162.24832763671873
 10
70.37580322265626
 20
162.24832763671873
 10
70.2692138671875
 20
162.3549169921875
 10
69.73626708984375
 20
162.3549169921875
  0
LWPOLYLINE
  5
52B
330
17
100
AcDbEntity
  8
RASTER_TRACE
100
AcDbPolyline
 90
5
 70
1
 10
69.09673095703126
 20
162.3549169921875
 10
68.67037353515624
 20
162.3549169921875
 10
68.5637841796875
 20
162.24832763671873
 10
68.24401611328125
 20
162.24832763671873
 10
69.09673095703126
 20
162.24832763671873
  0
LWPOLYLINE
  5
52C
330
17
100
AcDbEntity
  8
RASTER_TRACE
100
AcDbPolyline
 90
4
 70
1
 10
62.48819091796875
 20
162.3549169921875
 10
62.48819091796875
 20
162.24832763671873
 10
63.12772705078125
 20
161.9285595703125
 10
62.914548339843755
 20
162.14173828125
  0
LWPOLYLINE
  5
52D
330
17
100
AcDbEntity
  8
RASTER_TRACE
100
AcDbPolyline
 90
2
 70
1
 10
97.5560888671875
 20
162.46150634765624
 10
97.5560888671875
 20
161.60879150390625
  0
LWPOLYLINE
  5
52E
330
17
100
AcDbEntity
  8
RASTER_TRACE
100
AcDbPolyline
 90
7
 70
1
 10
125.16273193359376
 20
162.56809570312498
 10
124.94955322265625
 20
162.56809570312498
 10
124.31001708984377
 20
162.24832763671873
 10
124.52319580078125
 20
162.3549169921875
 10
124.73637451171876
 20
162.3549169921875
 10
124.8429638671875
 20
162.46150634765624
 10
125.05614257812502
 20
162.46150634765624
  0
LWPOLYLINE
  5
52F
330
17
100
AcDbEntity
  8
RASTER_TRACE
100
AcDbPolyline
 90
5
 70
1
 10
117.91465576171876
 20
162.56809570312498
 10
118.23442382812502
 20
162.3549169921875
 10
118.76737060546876
 20
162.24832763671873
 10
118.34101318359376
 20
162.46150634765624
 10
118.12783447265625
 20
162.46150634765624
  0
LWPOLYLINE
  5
530
330
17
100
AcDbEntity
  8
RASTER_TRACE
100
AcDbPolyline
 90
5
 70
1
 10
80.28861328125001
 20
162.56809570312498
 10
80.50179199218749
 20
162.46150634765624
 10
81.03473876953126
 20
162.46150634765624
 10
80.82156005859375
 20
162.46150634765624
 10
80.714970703125
 20
162.56809570312498
  0
LWPOLYLINE
  5
531
330
17
100
AcDbEntity
  8
RASTER_TRACE
100
AcDbPolyline
 90
4
 70
1
 10
146.69378173828127
 20
162.67468505859375
 10
146.48060302734376
 20
162.46150634765624
 10
146.37401367187502
 20
162.14173828125
 10
146.69378173828127
 20
162.56809570312498
  0
LWPOLYLINE
  5
532
330
17
100
AcDbEntity
  8
RASTER_TRACE
100
AcDbPolyline
 90
4
 70
1
 10
115.78286865234375
 20
162.7812744140625
 10
115.78286865234375
 20
160.6494873046875
 10
115.88945800781252
 20
160.54289794921874
 10
115.88945800781252
 20
162.7812744140625
  0
LWPOLYLINE
  5
533
330
17
100
AcDbEntity
  8
RASTER_TRACE
100
AcDbPolyline
 90
4
 70
1
 10
186.34502197265627
 20
162.88786376953124
 10
185.70548583984376
 20
162.56809570312498
 10
185.91866455078127
 20
162.56809570312498
 10
186.34502197265627
 20
162.7812744140625
  0
LWPOLYLINE
  5
534
330
17
100
AcDbEntity
  8
RASTER_TRACE
100
AcDbPolyline
 90
6
 70
1
 10
116.74217285156251
 20
162.88786376953124
 10
116.84876220703126
 20
162.7812744140625
 10
117.59488769531251
 20
162.67468505859375
 10
117.381708984375
 20
162.7812744140625
 10
117.06194091796877
 20
162.7812744140625
 10
116.9553515625
 20
162.88786376953124
  0
LWPOLYLINE
  5
535
330
17
100
AcDbEntity
  8
RASTER_TRACE
100
AcDbPolyline
 90
5
 70
1
 10
79.009541015625
 20
162.88786376953124
 10
79.009541015625
 20
162.7812744140625
 10
79.75566650390626
 20
162.67468505859375
 10
79.6490771484375
 20
162.7812744140625
 10
79.2227197265625
 20
162.7812744140625
  0
LWPOLYLINE
  5
536
330
17
100
AcDbEntity
  8
RASTER_TRACE
100
AcDbPolyline
 90
4
 70
1
 10
144.45540527343752
 20
162.994453125
 10
144.45540527343752
 20
162.3549169921875
 10
144.56199462890626
 20
162.3549169921875
 10
144.56199462890626
 20
162.994453125
  0
LWPOLYLINE
  5
537
330
17
100
AcDbEntity
  8
RASTER_TRACE
100
AcDbPolyline
 90
6
 70
1
 10
126.22862548828127
 20
162.994453125
 10
125.6956787109375
 20
162.88786376953124
 10
125.48250000000002
 20
162.7812744140625
 10
125.48250000000002
 20
162.67468505859375
 10
125.90885742187501
 20
162.88786376953124
 10
126.1220361328125
 20
162.88786376953124
  0
LWPOLYLINE
  5
538
330
17
100
AcDbEntity
  8
RASTER_TRACE
100
AcDbPolyline
 90
7
 70
1
 10
77.83705810546876
 20
163.10104248046875
 10
77.83705810546876
 20
162.994453125
 10
78.26341552734375
 20
162.994453125
 10
78.47659423828125
 20
162.88786376953124
 10
78.47659423828125
 20
162.994453125
 10
78.156826171875
 20
162.994453125
 10
78.05023681640625
 20
163.10104248046875
  0
LWPOLYLINE
  5
539
330
17
100
AcDbEntity
  8
RASTER_TRACE
100
AcDbPolyline
 90
4
 70
1
 10
147.75967529296878
 20
163.31422119140626
 10
147.12013916015627
 20
162.994453125
 10
147.33331787109375
 20
162.994453125
 10
147.75967529296878
 20
163.2076318359375
  0
LWPOLYLINE
  5
53A
330
17
100
AcDbEntity
  8
RASTER_TRACE
100
AcDbPolyline
 90
12
 70
1
 10
60.88935058593751
 20
163.10104248046875
 10
60.88935058593751
 20
162.994453125
 10
61.102529296875005
 20
162.88786376953124
 10
61.3157080078125
 20
162.88786376953124
 10
61.63547607421875
 20
162.67468505859375
 10
61.848654785156256
 20
162.67468505859375
 10
62.061833496093755
 20
162.56809570312498
 10
61.74206542968751
 20
162.7812744140625
 10
61.63547607421875
 20
162.994453125
 10
61.63547607421875
 20
163.31422119140626
 10
61.63547607421875
 20
162.88786376953124
 10
61.52888671875
 20
162.7812744140625
  0
LWPOLYLINE
  5
53B
330
17
100
AcDbEntity
  8
RASTER_TRACE
100
AcDbPolyline
 90
3
 70
1
 10
187.51750488281252
 20
163.42081054687497
 10
186.87796875
 20
163.10104248046875
 10
187.09114746093752
 20
163.10104248046875
  0
LWPOLYLINE
  5
53C
330
17
100
AcDbEntity
  8
RASTER_TRACE
100
AcDbPolyline
 90
5
 70
1
 10
115.4631005859375
 20
163.42081054687497
 10
115.56968994140627
 20
163.2076318359375
 10
116.20922607421875
 20
162.994453125
 10
116.20922607421875
 20
163.10104248046875
 10
115.99604736328126
 20
163.10104248046875
  0
LWPOLYLINE
  5
53D
330
17
100
AcDbEntity
  8
RASTER_TRACE
100
AcDbPolyline
 90
7
 70
1
 10
76.55798583984375
 20
163.42081054687497
 10
76.55798583984375
 20
163.31422119140626
 10
76.77116455078126
 20
163.31422119140626
 10
76.87775390625
 20
163.2076318359375
 10
77.19752197265626
 20
163.2076318359375
 10
76.98434326171875
 20
163.31422119140626
 10
76.66457519531251
 20
163.31422119140626
  0
LWPOLYLINE
  5
53E
330
17
100
AcDbEntity
  8
RASTER_TRACE
100
AcDbPolyline
 90
6
 70
1
 10
63.98044189453125
 20
163.42081054687497
 10
63.98044189453125
 20
163.10104248046875
 10
63.873852539062504
 20
162.994453125
 10
63.98044189453125
 20
162.88786376953124
 10
63.873852539062504
 20
162.7812744140625
 10
63.98044189453125
 20
162.7812744140625
  0
LWPOLYLINE
  5
53F
330
17
100
AcDbEntity
  8
RASTER_TRACE
100
AcDbPolyline
 90
7
 70
1
 10
59.503688964843754
 20
163.42081054687497
 10
59.503688964843754
 20
163.31422119140626
 10
59.82345703125
 20
163.31422119140626
 10
59.93004638671876
 20
163.2076318359375
 10
60.356403808593754
 20
163.2076318359375
 10
60.143225097656256
 20
163.31422119140626
 10
59.71686767578125
 20
163.31422119140626
  0
LWPOLYLINE
  5
540
330
17
100
AcDbEntity
  8
RASTER_TRACE
100
AcDbPolyline
 90
5
 70
1
 10
148.39921142578126
 20
163.42081054687497
 10
148.82556884765626
 20
163.42081054687497
 10
148.93215820312503
 20
163.52739990234375
 10
149.1453369140625
 20
163.52739990234375
 10
148.61239013671877
 20
163.52739990234375
  0
LWPOLYLINE
  5
541
330
17
100
AcDbEntity
  8
RASTER_TRACE
100
AcDbPolyline
 90
4
 70
1
 10
127.29451904296877
 20
163.52739990234375
 10
126.65498291015626
 20
163.2076318359375
 10
126.65498291015626
 20
163.10104248046875
 10
127.29451904296877
 20
163.42081054687497
  0
LWPOLYLINE
  5
542
330
17
100
AcDbEntity
  8
RASTER_TRACE
100
AcDbPolyline
 90
15
 70
1
 10
123.7770703125
 20
163.42081054687497
 10
123.7770703125
 20
163.2076318359375
 10
123.67048095703126
 20
163.10104248046875
 10
123.350712890625
 20
163.10104248046875
 10
123.24412353515626
 20
162.994453125
 10
122.17822998046876
 20
162.994453125
 10
122.07164062500001
 20
162.88786376953124
 10
121.75187255859376
 20
162.88786376953124
 10
121.64528320312502
 20
162.994453125
 10
121.64528320312502
 20
163.31422119140626
 10
121.75187255859376
 20
163.42081054687497
 10
123.03094482421875
 20
163.42081054687497
 10
123.13753417968752
 20
163.52739990234375
 10
123.45730224609375
 20
163.52739990234375
 10
123.56389160156252
 20
163.63398925781252
  0
LWPOLYLINE
  5
543
330
17
100
AcDbEntity
  8
RASTER_TRACE
100
AcDbPolyline
 90
17
 70
1
 10
119.3003173828125
 20
163.42081054687497
 10
119.51349609375
 20
163.63398925781252
 10
119.72667480468752
 20
163.63398925781252
 10
119.83326416015626
 20
163.52739990234375
 10
120.3662109375
 20
163.52739990234375
 10
120.47280029296877
 20
163.42081054687497
 10
121.4321044921875
 20
163.42081054687497
 10
121.53869384765625
 20
163.31422119140626
 10
121.53869384765625
 20
162.994453125
 10
121.4321044921875
 20
162.88786376953124
 10
121.11233642578125
 20
162.88786376953124
 10
121.00574707031251
 20
162.994453125
 10
120.15303222656252
 20
162.994453125
 10
120.04644287109375
 20
163.10104248046875
 10
119.72667480468752
 20
163.10104248046875
 10
119.62008544921875
 20
163.2076318359375
 10
119.40690673828126
 20
163.2076318359375
  0
LWPOLYLINE
  5
544
330
17
100
AcDbEntity
  8
RASTER_TRACE
100
AcDbPolyline
 90
5
 70
1
 10
75.17232421875
 20
163.63398925781252
 10
75.27891357421876
 20
163.52739990234375
 10
75.70527099609376
 20
163.52739990234375
 10
75.91844970703126
 20
163.42081054687497
 10
75.91844970703126
 20
163.52739990234375
  0
LWPOLYLINE
  5
545
330
17
100
AcDbEntity
  8
RASTER_TRACE
100
AcDbPolyline
 90
7
 70
1
 10
58.11802734375
 20
163.63398925781252
 10
58.22461669921876
 20
163.52739990234375
 10
58.7575634765625
 20
163.52739990234375
 10
58.9707421875
 20
163.42081054687497
 10
58.9707421875
 20
163.52739990234375
 10
58.65097412109375
 20
163.52739990234375
 10
58.544384765625004
 20
163.63398925781252
  0
LWPOLYLINE
  5
546
330
17
100
AcDbEntity
  8
RASTER_TRACE
100
AcDbPolyline
 90
2
 70
1
 10
226.10285156250004
 20
163.74057861328123
 10
226.10285156250004
 20
162.88786376953124
  0
LWPOLYLINE
  5
547
330
17
100
AcDbEntity
  8
RASTER_TRACE
100
AcDbPolyline
 90
2
 70
1
 10
173.66088867187503
 20
163.74057861328123
 10
174.51360351562502
 20
163.74057861328123
  0
LWPOLYLINE
  5
548
330
17
100
AcDbEntity
  8
RASTER_TRACE
100
AcDbPolyline
 90
2
 70
1
 10
172.38181640625
 20
163.74057861328123
 10
173.12794189453126
 20
163.74057861328123
  0
LWPOLYLINE
  5
549
330
17
100
AcDbEntity
  8
RASTER_TRACE
100
AcDbPolyline
 90
2
 70
1
 10
170.99615478515628
 20
163.74057861328123
 10
171.74228027343753
 20
163.74057861328123
  0
LWPOLYLINE
  5
54A
330
17
100
AcDbEntity
  8
RASTER_TRACE
100
AcDbPolyline
 90
4
 70
1
 10
169.61049316406252
 20
163.74057861328123
 10
169.71708251953126
 20
163.63398925781252
 10
169.82367187500003
 20
163.74057861328123
 10
170.4632080078125
 20
163.74057861328123
  0
LWPOLYLINE
  5
54B
330
17
100
AcDbEntity
  8
RASTER_TRACE
100
AcDbPolyline
 90
4
 70
1
 10
168.33142089843753
 20
163.63398925781252
 10
168.97095703125
 20
163.63398925781252
 10
169.07754638671878
 20
163.74057861328123
 10
168.33142089843753
 20
163.74057861328123
  0
LWPOLYLINE
  5
54C
330
17
100
AcDbEntity
  8
RASTER_TRACE
100
AcDbPolyline
 90
4
 70
1
 10
166.94575927734377
 20
163.74057861328123
 10
166.94575927734377
 20
163.63398925781252
 10
167.69188476562502
 20
163.63398925781252
 10
167.69188476562502
 20
163.74057861328123
  0
LWPOLYLINE
  5
54D
330
17
100
AcDbEntity
  8
RASTER_TRACE
100
AcDbPolyline
 90
4
 70
1
 10
165.66668701171878
 20
163.63398925781252
 10
166.30622314453126
 20
163.63398925781252
 10
166.41281250000003
 20
163.74057861328123
 10
165.66668701171878
 20
163.74057861328123
  0
LWPOLYLINE
  5
54E
330
17
100
AcDbEntity
  8
RASTER_TRACE
100
AcDbPolyline
 90
4
 70
1
 10
164.28102539062502
 20
163.74057861328123
 10
164.28102539062502
 20
163.63398925781252
 10
165.02715087890627
 20
163.63398925781252
 10
165.02715087890627
 20
163.74057861328123
  0
LWPOLYLINE
  5
54F
330
17
100
AcDbEntity
  8
RASTER_TRACE
100
AcDbPolyline
 90
4
 70
1
 10
163.00195312500003
 20
163.74057861328123
 10
163.10854248046877
 20
163.63398925781252
 10
163.74807861328128
 20
163.63398925781252
 10
163.74807861328128
 20
163.74057861328123
  0
LWPOLYLINE
  5
550
330
17
100
AcDbEntity
  8
RASTER_TRACE
100
AcDbPolyline
 90
4
 70
1
 10
161.722880859375
 20
163.74057861328123
 10
161.82947021484378
 20
163.63398925781252
 10
162.46900634765626
 20
163.63398925781252
 10
162.46900634765626
 20
163.74057861328123
  0
LWPOLYLINE
  5
551
330
17
100
AcDbEntity
  8
RASTER_TRACE
100
AcDbPolyline
 90
4
 70
1
 10
160.44380859375002
 20
163.74057861328123
 10
160.97675537109376
 20
163.74057861328123
 10
161.18993408203127
 20
163.63398925781252
 10
161.18993408203127
 20
163.74057861328123
  0
LWPOLYLINE
  5
552
330
17
100
AcDbEntity
  8
RASTER_TRACE
100
AcDbPolyline
 90
2
 70
1
 10
159.16473632812503
 20
163.74057861328123
 10
159.91086181640628
 20
163.74057861328123
  0
LWPOLYLINE
  5
553
330
17
100
AcDbEntity
  8
RASTER_TRACE
100
AcDbPolyline
 90
2
 70
1
 10
157.77907470703127
 20
163.74057861328123
 10
158.52520019531252
 20
163.74057861328123
  0
LWPOLYLINE
  5
554
330
17
100
AcDbEntity
  8
RASTER_TRACE
100
AcDbPolyline
 90
2
 70
1
 10
156.50000244140628
 20
163.74057861328123
 10
157.24612792968753
 20
163.74057861328123
  0
LWPOLYLINE
  5
555
330
17
100
AcDbEntity
  8
RASTER_TRACE
100
AcDbPolyline
 90
2
 70
1
 10
155.11434082031252
 20
163.74057861328123
 10
155.86046630859377
 20
163.74057861328123
  0
LWPOLYLINE
  5
556
330
17
100
AcDbEntity
  8
RASTER_TRACE
100
AcDbPolyline
 90
2
 70
1
 10
153.72867919921876
 20
163.74057861328123
 10
154.4748046875
 20
163.74057861328123
  0
LWPOLYLINE
  5
557
330
17
100
AcDbEntity
  8
RASTER_TRACE
100
AcDbPolyline
 90
4
 70
1
 10
150.95735595703127
 20
163.74057861328123
 10
151.0639453125
 20
163.63398925781252
 10
151.27712402343752
 20
163.74057861328123
 10
151.81007080078126
 20
163.74057861328123
  0
LWPOLYLINE
  5
558
330
17
100
AcDbEntity
  8
RASTER_TRACE
100
AcDbPolyline
 90
3
 70
1
 10
150.42440917968753
 20
163.74057861328123
 10
149.67828369140628
 20
163.63398925781252
 10
150.42440917968753
 20
163.63398925781252
  0
LWPOLYLINE
  5
559
330
17
100
AcDbEntity
  8
RASTER_TRACE
100
AcDbPolyline
 90
4
 70
1
 10
56.732365722656255
 20
163.74057861328123
 10
56.94554443359375
 20
163.63398925781252
 10
57.585080566406255
 20
163.63398925781252
 10
57.585080566406255
 20
163.74057861328123
  0
LWPOLYLINE
  5
55A
330
17
100
AcDbEntity
  8
RASTER_TRACE
100
AcDbPolyline
 90
2
 70
1
 10
55.3467041015625
 20
163.74057861328123
 10
56.1994189453125
 20
163.74057861328123
  0
LWPOLYLINE
  5
55B
330
17
100
AcDbEntity
  8
RASTER_TRACE
100
AcDbPolyline
 90
3
 70
1
 10
53.854453125000006
 20
163.74057861328123
 10
53.961042480468755
 20
163.63398925781252
 10
54.70716796875001
 20
163.74057861328123
  0
LWPOLYLINE
  5
55C
330
17
100
AcDbEntity
  8
RASTER_TRACE
100
AcDbPolyline
 90
8
 70
1
 10
53.32150634765625
 20
163.74057861328123
 10
52.7885595703125
 20
163.74057861328123
 10
52.68197021484375
 20
163.63398925781252
 10
52.255612792968755
 20
163.63398925781252
 10
52.362202148437504
 20
163.52739990234375
 10
52.68197021484375
 20
163.52739990234375
 10
52.7885595703125
 20
163.63398925781252
 10
53.32150634765625
 20
163.63398925781252
  0
LWPOLYLINE
  5
55D
330
17
100
AcDbEntity
  8
RASTER_TRACE
100
AcDbPolyline
 90
5
 70
1
 10
50.6567724609375
 20
163.74057861328123
 10
50.6567724609375
 20
163.63398925781252
 10
51.61607666015625
 20
163.52739990234375
 10
51.61607666015625
 20
163.63398925781252
 10
50.869951171875
 20
163.63398925781252
  0
LWPOLYLINE
  5
55E
330
17
100
AcDbEntity
  8
RASTER_TRACE
100
AcDbPolyline
 90
6
 70
1
 10
179.20353515625
 20
163.74057861328123
 10
179.52330322265627
 20
163.74057861328123
 10
179.629892578125
 20
163.84716796875
 10
179.84307128906252
 20
163.74057861328123
 10
179.94966064453126
 20
163.84716796875
 10
179.20353515625
 20
163.84716796875
  0
LWPOLYLINE
  5
55F
330
17
100
AcDbEntity
  8
RASTER_TRACE
100
AcDbPolyline
 90
4
 70
1
 10
177.81787353515628
 20
163.84716796875
 10
177.81787353515628
 20
163.74057861328123
 10
178.56399902343753
 20
163.74057861328123
 10
178.56399902343753
 20
163.84716796875
  0
LWPOLYLINE
  5
560
330
17
100
AcDbEntity
  8
RASTER_TRACE
100
AcDbPolyline
 90
4
 70
1
 10
176.43221191406252
 20
163.84716796875
 10
176.43221191406252
 20
163.74057861328123
 10
177.17833740234377
 20
163.74057861328123
 10
177.17833740234377
 20
163.84716796875
  0
LWPOLYLINE
  5
561
330
17
100
AcDbEntity
  8
RASTER_TRACE
100
AcDbPolyline
 90
5
 70
1
 10
175.04655029296876
 20
163.74057861328123
 10
175.79267578125
 20
163.74057861328123
 10
175.79267578125
 20
163.84716796875
 10
175.36631835937501
 20
163.84716796875
 10
175.25972900390627
 20
163.74057861328123
  0
LWPOLYLINE
  5
562
330
17
100
AcDbEntity
  8
RASTER_TRACE
100
AcDbPolyline
 90
5
 70
1
 10
153.19573242187502
 20
163.74057861328123
 10
153.08914306640628
 20
163.84716796875
 10
152.87596435546877
 20
163.84716796875
 10
152.76937500000003
 20
163.74057861328123
 10
152.34301757812503
 20
163.74057861328123
  0
LWPOLYLINE
  5
563
330
17
100
AcDbEntity
  8
RASTER_TRACE
100
AcDbPolyline
 90
4
 70
1
 10
115.78286865234375
 20
163.84716796875
 10
115.78286865234375
 20
163.52739990234375
 10
115.88945800781252
 20
163.42081054687497
 10
115.88945800781252
 20
163.84716796875
  0
LWPOLYLINE
  5
564
330
17
100
AcDbEntity
  8
RASTER_TRACE
100
AcDbPolyline
 90
2
 70
1
 10
97.5560888671875
 20
163.84716796875
 10
97.5560888671875
 20
163.10104248046875
  0
LWPOLYLINE
  5
565
330
17
100
AcDbEntity
  8
RASTER_TRACE
100
AcDbPolyline
 90
5
 70
1
 10
181.33532226562502
 20
163.84716796875
 10
181.22873291015628
 20
163.95375732421874
 10
181.01555419921877
 20
163.95375732421874
 10
180.90896484375003
 20
163.84716796875
 10
180.48260742187503
 20
163.84716796875
  0
LWPOLYLINE
  5
566
330
17
100
AcDbEntity
  8
RASTER_TRACE
100
AcDbPolyline
 90
6
 70
1
 10
73.99984130859376
 20
163.95375732421874
 10
73.99984130859376
 20
163.84716796875
 10
74.21302001953126
 20
163.74057861328123
 10
74.63937744140625
 20
163.74057861328123
 10
74.42619873046876
 20
163.84716796875
 10
74.10643066406251
 20
163.84716796875
  0
LWPOLYLINE
  5
567
330
17
100
AcDbEntity
  8
RASTER_TRACE
100
AcDbPolyline
 90
8
 70
1
 10
49.27111083984375
 20
163.95375732421874
 10
49.27111083984375
 20
163.84716796875
 10
49.590878906250005
 20
163.84716796875
 10
49.697468261718754
 20
163.74057861328123
 10
50.12382568359375
 20
163.74057861328123
 10
49.91064697265625
 20
163.84716796875
 10
49.590878906250005
 20
163.84716796875
 10
49.484289550781256
 20
163.95375732421874
  0
LWPOLYLINE
  5
568
330
17
100
AcDbEntity
  8
RASTER_TRACE
100
AcDbPolyline
 90
4
 70
1
 10
188.58339843750002
 20
164.06034667968748
 10
187.9438623046875
 20
163.74057861328123
 10
187.9438623046875
 20
163.63398925781252
 10
188.3702197265625
 20
163.84716796875
  0
LWPOLYLINE
  5
569
330
17
100
AcDbEntity
  8
RASTER_TRACE
100
AcDbPolyline
 90
5
 70
1
 10
182.61439453125
 20
164.06034667968748
 10
182.40121582031253
 20
164.06034667968748
 10
182.29462646484376
 20
163.95375732421874
 10
181.86826904296876
 20
163.95375732421874
 10
182.61439453125
 20
163.95375732421874
  0
LWPOLYLINE
  5
56A
330
17
100
AcDbEntity
  8
RASTER_TRACE
100
AcDbPolyline
 90
7
 70
1
 10
128.2538232421875
 20
164.16693603515625
 10
128.04064453125
 20
163.95375732421874
 10
127.93405517578125
 20
163.95375732421874
 10
127.72087646484377
 20
163.74057861328123
 10
127.72087646484377
 20
163.63398925781252
 10
127.93405517578125
 20
163.74057861328123
 10
128.2538232421875
 20
164.06034667968748
  0
LWPOLYLINE
  5
56B
330
17
100
AcDbEntity
  8
RASTER_TRACE
100
AcDbPolyline
 90
11
 70
1
 10
72.50759033203126
 20
164.16693603515625
 10
72.72076904296875
 20
164.06034667968748
 10
73.04053710937501
 20
164.06034667968748
 10
73.14712646484375
 20
163.95375732421874
 10
73.14712646484375
 20
163.42081054687497
 10
73.25371582031251
 20
163.42081054687497
 10
73.25371582031251
 20
163.84716796875
 10
73.46689453125
 20
163.95375732421874
 10
73.36030517578126
 20
164.06034667968748
 10
73.04053710937501
 20
164.06034667968748
 10
72.93394775390625
 20
164.16693603515625
  0
LWPOLYLINE
  5
56C
330
17
100
AcDbEntity
  8
RASTER_TRACE
100
AcDbPolyline
 90
5
 70
1
 10
183.89346679687503
 20
164.273525390625
 10
183.57369873046878
 20
164.273525390625
 10
183.14734130859378
 20
164.06034667968748
 10
183.36052001953126
 20
164.16693603515625
 10
183.78687744140626
 20
164.16693603515625
  0
LWPOLYLINE
  5
56D
330
17
100
AcDbEntity
  8
RASTER_TRACE
100
AcDbPolyline
 90
4
 70
1
 10
144.45540527343752
 20
164.273525390625
 10
144.45540527343752
 20
163.63398925781252
 10
144.56199462890626
 20
163.63398925781252
 10
144.56199462890626
 20
164.273525390625
  0
LWPOLYLINE
  5
56E
330
17
100
AcDbEntity
  8
RASTER_TRACE
100
AcDbPolyline
 90
4
 70
1
 10
114.39720703125002
 20
164.273525390625
 10
114.39720703125002
 20
164.16693603515625
 10
114.93015380859376
 20
163.63398925781252
 10
115.0367431640625
 20
163.63398925781252
  0
LWPOLYLINE
  5
56F
330
17
100
AcDbEntity
  8
RASTER_TRACE
100
AcDbPolyline
 90
7
 70
1
 10
118.34101318359376
 20
164.59329345703125
 10
119.40690673828126
 20
163.63398925781252
 10
119.19372802734375
 20
163.31422119140626
 10
118.98054931640627
 20
163.42081054687497
 10
118.66078125000001
 20
163.74057861328123
 10
118.55419189453127
 20
163.74057861328123
 10
118.12783447265625
 20
164.16693603515625
  0
LWPOLYLINE
  5
570
330
17
100
AcDbEntity
  8
RASTER_TRACE
100
AcDbPolyline
 90
7
 70
1
 10
71.335107421875
 20
164.4867041015625
 10
71.5482861328125
 20
164.38011474609374
 10
71.86805419921876
 20
164.38011474609374
 10
71.9746435546875
 20
164.273525390625
 10
71.9746435546875
 20
164.38011474609374
 10
71.76146484375
 20
164.38011474609374
 10
71.65487548828125
 20
164.4867041015625
  0
LWPOLYLINE
  5
571
330
17
100
AcDbEntity
  8
RASTER_TRACE
100
AcDbPolyline
 90
2
 70
1
 10
61.63547607421875
 20
164.4867041015625
 10
61.63547607421875
 20
163.74057861328123
  0
LWPOLYLINE
  5
572
330
17
100
AcDbEntity
  8
RASTER_TRACE
100
AcDbPolyline
 90
5
 70
1
 10
47.885449218750004
 20
164.4867041015625
 10
48.41839599609375
 20
164.16693603515625
 10
48.738164062500005
 20
164.16693603515625
 10
48.524985351562506
 20
164.273525390625
 10
48.31180664062501
 20
164.273525390625
  0
LWPOLYLINE
  5
573
330
17
100
AcDbEntity
  8
RASTER_TRACE
100
AcDbPolyline
 90
10
 70
1
 10
125.05614257812502
 20
164.6998828125
 10
125.2693212890625
 20
164.4867041015625
 10
125.2693212890625
 20
164.273525390625
 10
124.31001708984377
 20
163.42081054687497
 10
124.09683837890626
 20
163.31422119140626
 10
123.88365966796877
 20
163.31422119140626
 10
123.7770703125
 20
163.42081054687497
 10
123.7770703125
 20
163.63398925781252
 10
124.203427734375
 20
163.95375732421874
 10
124.31001708984377
 20
163.95375732421874
  0
LWPOLYLINE
  5
574
330
17
100
AcDbEntity
  8
RASTER_TRACE
100
AcDbPolyline
 90
6
 70
1
 10
185.17253906250002
 20
164.6998828125
 10
184.74618164062503
 20
164.4867041015625
 10
184.5330029296875
 20
164.4867041015625
 10
184.42641357421877
 20
164.38011474609374
 10
184.9593603515625
 20
164.4867041015625
 10
185.17253906250002
 20
164.59329345703125
  0
LWPOLYLINE
  5
575
330
17
100
AcDbEntity
  8
RASTER_TRACE
100
AcDbPolyline
 90
2
 70
1
 10
63.98044189453125
 20
164.6998828125
 10
63.98044189453125
 20
163.95375732421874
  0
LWPOLYLINE
  5
576
330
17
100
AcDbEntity
  8
RASTER_TRACE
100
AcDbPolyline
 90
2
 70
1
 10
222.69199218750003
 20
164.80647216796876
 10
222.69199218750003
 20
163.74057861328123
  0
LWPOLYLINE
  5
577
330
17
100
AcDbEntity
  8
RASTER_TRACE
100
AcDbPolyline
 90
5
 70
1
 10
189.64929199218753
 20
164.80647216796876
 10
189.22293457031253
 20
164.4867041015625
 10
189.11634521484376
 20
164.4867041015625
 10
189.11634521484376
 20
164.38011474609374
 10
189.54270263671876
 20
164.59329345703125
  0
LWPOLYLINE
  5
578
330
17
100
AcDbEntity
  8
RASTER_TRACE
100
AcDbPolyline
 90
6
 70
1
 10
70.05603515625
 20
164.80647216796876
 10
70.16262451171875
 20
164.6998828125
 10
70.482392578125
 20
164.6998828125
 10
70.58898193359376
 20
164.59329345703125
 10
70.80216064453126
 20
164.59329345703125
 10
70.37580322265626
 20
164.80647216796876
  0
LWPOLYLINE
  5
579
330
17
100
AcDbEntity
  8
RASTER_TRACE
100
AcDbPolyline
 90
11
 70
1
 10
115.88945800781252
 20
164.91306152343748
 10
115.99604736328126
 20
165.01965087890625
 10
116.20922607421875
 20
164.91306152343748
 10
117.91465576171876
 20
164.91306152343748
 10
118.34101318359376
 20
164.59329345703125
 10
118.0212451171875
 20
164.273525390625
 10
117.80806640625002
 20
164.38011474609374
 10
116.84876220703126
 20
164.38011474609374
 10
116.74217285156251
 20
164.4867041015625
 10
116.20922607421875
 20
164.4867041015625
 10
115.88945800781252
 20
164.6998828125
  0
LWPOLYLINE
  5
57A
330
17
100
AcDbEntity
  8
RASTER_TRACE
100
AcDbPolyline
 90
2
 70
1
 10
51.189719238281256
 20
164.91306152343748
 10
51.9358447265625
 20
164.91306152343748
  0
LWPOLYLINE
  5
57B
330
17
100
AcDbEntity
  8
RASTER_TRACE
100
AcDbPolyline
 90
4
 70
1
 10
52.46879150390625
 20
164.91306152343748
 10
53.108327636718755
 20
164.91306152343748
 10
53.214916992187504
 20
165.01965087890625
 10
52.46879150390625
 20
165.01965087890625
  0
LWPOLYLINE
  5
57C
330
17
100
AcDbEntity
  8
RASTER_TRACE
100
AcDbPolyline
 90
5
 70
1
 10
68.77696289062501
 20
165.126240234375
 10
68.77696289062501
 20
165.01965087890625
 10
69.52308837890625
 20
164.91306152343748
 10
69.4164990234375
 20
165.01965087890625
 10
68.9901416015625
 20
165.01965087890625
  0
LWPOLYLINE
  5
57D
330
17
100
AcDbEntity
  8
RASTER_TRACE
100
AcDbPolyline
 90
4
 70
1
 10
53.74786376953126
 20
165.01965087890625
 10
54.4939892578125
 20
165.01965087890625
 10
54.4939892578125
 20
165.126240234375
 10
53.961042480468755
 20
165.126240234375
  0
LWPOLYLINE
  5
57E
330
17
100
AcDbEntity
  8
RASTER_TRACE
100
AcDbPolyline
 90
4
 70
1
 10
186.34502197265627
 20
165.23282958984373
 10
185.70548583984376
 20
164.91306152343748
 10
185.70548583984376
 20
164.80647216796876
 10
186.34502197265627
 20
165.126240234375
  0
LWPOLYLINE
  5
57F
330
17
100
AcDbEntity
  8
RASTER_TRACE
100
AcDbPolyline
 90
19
 70
1
 10
127.72087646484377
 20
165.23282958984373
 10
127.72087646484377
 20
165.126240234375
 10
127.29451904296877
 20
164.6998828125
 10
127.08134033203126
 20
164.6998828125
 10
126.97475097656252
 20
164.59329345703125
 10
126.54839355468752
 20
164.59329345703125
 10
126.44180419921875
 20
164.4867041015625
 10
125.48250000000002
 20
164.4867041015625
 10
125.37591064453125
 20
164.38011474609374
 10
125.16273193359376
 20
164.6998828125
 10
125.37591064453125
 20
164.91306152343748
 10
126.33521484375001
 20
164.91306152343748
 10
126.44180419921875
 20
165.01965087890625
 10
126.65498291015626
 20
164.91306152343748
 10
126.761572265625
 20
165.01965087890625
 10
126.86816162109375
 20
164.91306152343748
 10
126.97475097656252
 20
165.01965087890625
 10
127.1879296875
 20
165.01965087890625
 10
127.50769775390626
 20
165.3394189453125
  0
LWPOLYLINE
  5
580
330
17
100
AcDbEntity
  8
RASTER_TRACE
100
AcDbPolyline
 90
4
 70
1
 10
55.133525390625
 20
165.23282958984373
 10
55.133525390625
 20
165.126240234375
 10
55.879650878906254
 20
165.126240234375
 10
55.879650878906254
 20
165.23282958984373
  0
LWPOLYLINE
  5
581
330
17
100
AcDbEntity
  8
RASTER_TRACE
100
AcDbPolyline
 90
6
 70
1
 10
50.017236328125
 20
165.23282958984373
 10
50.443593750000005
 20
165.01965087890625
 10
50.76336181640625
 20
165.01965087890625
 10
50.550183105468754
 20
165.126240234375
 10
50.337004394531256
 20
165.126240234375
 10
50.23041503906251
 20
165.23282958984373
  0
LWPOLYLINE
  5
582
330
17
100
AcDbEntity
  8
RASTER_TRACE
100
AcDbPolyline
 90
2
 70
1
 10
97.5560888671875
 20
165.3394189453125
 10
97.5560888671875
 20
164.59329345703125
  0
LWPOLYLINE
  5
583
330
17
100
AcDbEntity
  8
RASTER_TRACE
100
AcDbPolyline
 90
7
 70
1
 10
67.60447998046875
 20
165.3394189453125
 10
67.60447998046875
 20
165.23282958984373
 10
68.03083740234376
 20
165.23282958984373
 10
68.24401611328125
 20
165.126240234375
 10
68.24401611328125
 20
165.23282958984373
 10
67.92424804687501
 20
165.23282958984373
 10
67.81765869140625
 20
165.3394189453125
  0
LWPOLYLINE
  5
584
330
17
100
AcDbEntity
  8
RASTER_TRACE
100
AcDbPolyline
 90
4
 70
1
 10
56.41259765625001
 20
165.23282958984373
 10
57.2653125
 20
165.23282958984373
 10
57.2653125
 20
165.3394189453125
 10
56.625776367187505
 20
165.3394189453125
  0
LWPOLYLINE
  5
585
330
17
100
AcDbEntity
  8
RASTER_TRACE
100
AcDbPolyline
 90
4
 70
1
 10
46.819555664062506
 20
165.3394189453125
 10
47.35250244140625
 20
164.80647216796876
 10
47.459091796875
 20
164.80647216796876
 10
46.926145019531255
 20
165.3394189453125
  0
LWPOLYLINE
  5
586
330
17
100
AcDbEntity
  8
RASTER_TRACE
100
AcDbPolyline
 90
5
 70
1
 10
57.79825927734375
 20
165.3394189453125
 10
58.65097412109375
 20
165.3394189453125
 10
58.65097412109375
 20
165.44600830078124
 10
58.11802734375
 20
165.44600830078124
 10
58.01143798828125
 20
165.3394189453125
  0
LWPOLYLINE
  5
587
330
17
100
AcDbEntity
  8
RASTER_TRACE
100
AcDbPolyline
 90
5
 70
1
 10
110.24022216796877
 20
165.55259765625
 10
110.45340087890625
 20
165.3394189453125
 10
111.09293701171876
 20
165.126240234375
 10
111.09293701171876
 20
165.23282958984373
 10
110.87975830078125
 20
165.23282958984373
  0
LWPOLYLINE
  5
588
330
17
100
AcDbEntity
  8
RASTER_TRACE
100
AcDbPolyline
 90
5
 70
1
 10
66.32540771484375
 20
165.55259765625
 10
66.32540771484375
 20
165.44600830078124
 10
67.071533203125
 20
165.3394189453125
 10
66.96494384765626
 20
165.44600830078124
 10
66.4319970703125
 20
165.44600830078124
  0
LWPOLYLINE
  5
589
330
17
100
AcDbEntity
  8
RASTER_TRACE
100
AcDbPolyline
 90
3
 70
1
 10
59.93004638671876
 20
165.55259765625
 10
59.183920898437506
 20
165.44600830078124
 10
59.93004638671876
 20
165.44600830078124
  0
LWPOLYLINE
  5
58A
330
17
100
AcDbEntity
  8
RASTER_TRACE
100
AcDbPolyline
 90
4
 70
1
 10
190.71518554687503
 20
165.65918701171876
 10
190.60859619140626
 20
165.65918701171876
 10
190.07564941406253
 20
165.126240234375
 10
190.50200683593752
 20
165.3394189453125
  0
LWPOLYLINE
  5
58B
330
17
100
AcDbEntity
  8
RASTER_TRACE
100
AcDbPolyline
 90
5
 70
1
 10
144.56199462890626
 20
165.65918701171876
 10
144.56199462890626
 20
165.3394189453125
 10
144.45540527343752
 20
165.23282958984373
 10
144.45540527343752
 20
165.01965087890625
 10
144.56199462890626
 20
164.91306152343748
  0
LWPOLYLINE
  5
58C
330
17
100
AcDbEntity
  8
RASTER_TRACE
100
AcDbPolyline
 90
4
 70
1
 10
121.53869384765625
 20
165.65918701171876
 10
121.53869384765625
 20
165.126240234375
 10
121.64528320312502
 20
165.126240234375
 10
121.64528320312502
 20
165.65918701171876
  0
LWPOLYLINE
  5
58D
330
17
100
AcDbEntity
  8
RASTER_TRACE
100
AcDbPolyline
 90
7
 70
1
 10
112.90495605468752
 20
165.65918701171876
 10
112.79836669921875
 20
165.65918701171876
 10
112.58518798828126
 20
165.44600830078124
 10
112.15883056640627
 20
165.23282958984373
 10
111.94565185546875
 20
165.23282958984373
 10
111.94565185546875
 20
165.126240234375
 10
112.58518798828126
 20
165.3394189453125
  0
LWPOLYLINE
  5
58E
330
17
100
AcDbEntity
  8
RASTER_TRACE
100
AcDbPolyline
 90
3
 70
1
 10
65.04633544921876
 20
165.65918701171876
 10
65.04633544921876
 20
165.55259765625
 10
65.79246093750001
 20
165.55259765625
  0
LWPOLYLINE
  5
58F
330
17
100
AcDbEntity
  8
RASTER_TRACE
100
AcDbPolyline
 90
7
 70
1
 10
63.660673828125006
 20
165.65918701171876
 10
63.873852539062504
 20
165.65918701171876
 10
63.98044189453125
 20
165.55259765625
 10
63.98044189453125
 20
165.126240234375
 10
63.98044189453125
 20
165.55259765625
 10
64.08703125
 20
165.65918701171876
 10
64.513388671875
 20
165.65918701171876
  0
LWPOLYLINE
  5
590
330
17
100
AcDbEntity
  8
RASTER_TRACE
100
AcDbPolyline
 90
2
 70
1
 10
62.3816015625
 20
165.65918701171876
 10
63.23431640625
 20
165.65918701171876
  0
LWPOLYLINE
  5
591
330
17
100
AcDbEntity
  8
RASTER_TRACE
100
AcDbPolyline
 90
10
 70
1
 10
60.4629931640625
 20
165.55259765625
 10
61.52888671875
 20
165.55259765625
 10
61.63547607421875
 20
165.44600830078124
 10
61.63547607421875
 20
164.80647216796876
 10
61.63547607421875
 20
165.44600830078124
 10
61.74206542968751
 20
165.55259765625
 10
61.955244140625005
 20
165.55259765625
 10
61.955244140625005
 20
165.65918701171876
 10
61.3157080078125
 20
165.65918701171876
 10
61.209118652343754
 20
165.55259765625
  0
LWPOLYLINE
  5
592
330
17
100
AcDbEntity
  8
RASTER_TRACE
100
AcDbPolyline
 90
6
 70
1
 10
225.25013671875
 20
165.65918701171876
 10
225.25013671875
 20
165.87236572265624
 10
225.35672607421878
 20
165.978955078125
 10
225.676494140625
 20
165.978955078125
 10
225.78308349609378
 20
165.87236572265624
 10
225.35672607421878
 20
165.55259765625
  0
LWPOLYLINE
  5
593
330
17
100
AcDbEntity
  8
RASTER_TRACE
100
AcDbPolyline
 90
7
 70
1
 10
187.41091552734378
 20
165.87236572265624
 10
187.30432617187503
 20
165.87236572265624
 10
186.98455810546878
 20
165.55259765625
 10
186.87796875
 20
165.55259765625
 10
186.87796875
 20
165.44600830078124
 10
187.30432617187503
 20
165.7657763671875
 10
187.41091552734378
 20
165.7657763671875
  0
LWPOLYLINE
  5
594
330
17
100
AcDbEntity
  8
RASTER_TRACE
100
AcDbPolyline
 90
9
 70
1
 10
129.1065380859375
 20
165.978955078125
 10
128.99994873046876
 20
165.978955078125
 10
128.99994873046876
 20
165.55259765625
 10
128.89335937500002
 20
165.44600830078124
 10
128.89335937500002
 20
165.23282958984373
 10
128.78677001953125
 20
165.01965087890625
 10
128.99994873046876
 20
165.3394189453125
 10
128.99994873046876
 20
165.65918701171876
 10
129.1065380859375
 20
165.7657763671875
  0
LWPOLYLINE
  5
595
330
17
100
AcDbEntity
  8
RASTER_TRACE
100
AcDbPolyline
 90
4
 70
1
 10
223.7578857421875
 20
165.978955078125
 10
224.50401123046876
 20
165.978955078125
 10
224.61060058593753
 20
166.08554443359372
 10
223.7578857421875
 20
166.08554443359372
  0
LWPOLYLINE
  5
596
330
17
100
AcDbEntity
  8
RASTER_TRACE
100
AcDbPolyline
 90
5
 70
1
 10
49.164521484375
 20
166.08554443359372
 10
49.164521484375
 20
165.87236572265624
 10
49.590878906250005
 20
165.44600830078124
 10
49.590878906250005
 20
165.55259765625
 10
49.164521484375
 20
165.978955078125
  0
LWPOLYLINE
  5
597
330
17
100
AcDbEntity
  8
RASTER_TRACE
100
AcDbPolyline
 90
11
 70
1
 10
113.86426025390625
 20
166.29872314453127
 10
113.86426025390625
 20
165.55259765625
 10
113.970849609375
 20
165.44600830078124
 10
113.970849609375
 20
165.126240234375
 10
114.07743896484376
 20
165.01965087890625
 10
114.07743896484376
 20
164.80647216796876
 10
114.1840283203125
 20
164.59329345703125
 10
114.1840283203125
 20
164.80647216796876
 10
113.970849609375
 20
165.23282958984373
 10
113.970849609375
 20
165.55259765625
 10
113.86426025390625
 20
165.65918701171876
  0
LWPOLYLINE
  5
598
330
17
100
AcDbEntity
  8
RASTER_TRACE
100
AcDbPolyline
 90
6
 70
1
 10
46.28660888671875
 20
166.51190185546875
 10
46.3931982421875
 20
165.978955078125
 10
46.49978759765625
 20
165.7657763671875
 10
46.60637695312501
 20
165.7657763671875
 10
46.3931982421875
 20
166.1921337890625
 10
46.3931982421875
 20
166.51190185546875
  0
LWPOLYLINE
  5
599
330
17
100
AcDbEntity
  8
RASTER_TRACE
100
AcDbPolyline
 90
8
 70
1
 10
109.49409667968752
 20
166.72508056640623
 10
109.49409667968752
 20
166.51190185546875
 10
109.707275390625
 20
166.08554443359372
 10
110.02704345703125
 20
165.7657763671875
 10
110.02704345703125
 20
165.87236572265624
 10
109.707275390625
 20
166.1921337890625
 10
109.60068603515626
 20
166.40531249999998
 10
109.60068603515626
 20
166.72508056640623
  0
LWPOLYLINE
  5
59A
330
17
100
AcDbEntity
  8
RASTER_TRACE
100
AcDbPolyline
 90
7
 70
1
 10
224.71718994140628
 20
166.831669921875
 10
224.82377929687502
 20
166.93825927734375
 10
225.25013671875
 20
166.93825927734375
 10
225.46331542968753
 20
166.72508056640623
 10
225.46331542968753
 20
166.51190185546875
 10
225.676494140625
 20
166.08554443359372
 10
225.25013671875
 20
165.87236572265624
  0
LWPOLYLINE
  5
59B
330
17
100
AcDbEntity
  8
RASTER_TRACE
100
AcDbPolyline
 90
44
 70
1
 10
222.79858154296878
 20
166.93825927734375
 10
224.39742187500002
 20
166.93825927734375
 10
224.61060058593753
 20
166.72508056640623
 10
224.82377929687502
 20
166.29872314453127
 10
224.82377929687502
 20
166.08554443359372
 10
225.03695800781253
 20
165.87236572265624
 10
225.03695800781253
 20
165.65918701171876
 10
225.25013671875
 20
165.23282958984373
 10
225.25013671875
 20
161.9285595703125
 10
224.71718994140628
 20
161.2890234375
 10
224.71718994140628
 20
161.18243408203125
 10
224.39742187500002
 20
160.862666015625
 10
224.18424316406254
 20
160.96925537109377
 10
223.97106445312502
 20
160.96925537109377
 10
223.86447509765628
 20
161.07584472656248
 10
223.54470703125003
 20
161.07584472656248
 10
223.22493896484377
 20
161.2890234375
 10
223.01176025390626
 20
161.2890234375
 10
222.79858154296878
 20
161.5022021484375
 10
222.79858154296878
 20
161.715380859375
 10
222.90517089843752
 20
161.82197021484376
 10
223.11834960937503
 20
161.60879150390625
 10
223.43811767578129
 20
161.5022021484375
 10
223.43811767578129
 20
161.60879150390625
 10
223.22493896484377
 20
161.60879150390625
 10
222.79858154296878
 20
162.03514892578124
 10
222.79858154296878
 20
163.42081054687497
 10
222.69199218750003
 20
163.42081054687497
 10
222.69199218750003
 20
162.3549169921875
 10
222.58540283203126
 20
162.24832763671873
 10
222.15904541015627
 20
162.24832763671873
 10
222.05245605468753
 20
162.3549169921875
 10
222.05245605468753
 20
165.978955078125
 10
222.15904541015627
 20
166.08554443359372
 10
222.37222412109378
 20
166.08554443359372
 10
222.69199218750003
 20
165.87236572265624
 10
222.69199218750003
 20
165.23282958984373
 10
222.69199218750003
 20
165.87236572265624
 10
222.79858154296878
 20
165.978955078125
 10
223.33152832031251
 20
165.978955078125
 10
223.33152832031251
 20
166.08554443359372
 10
222.79858154296878
 20
166.08554443359372
 10
222.69199218750003
 20
166.1921337890625
 10
222.69199218750003
 20
166.831669921875
  0
LWPOLYLINE
  5
59C
330
17
100
AcDbEntity
  8
RASTER_TRACE
100
AcDbPolyline
 90
8
 70
1
 10
222.15904541015627
 20
166.93825927734375
 10
222.58540283203126
 20
166.93825927734375
 10
222.69199218750003
 20
166.831669921875
 10
222.69199218750003
 20
166.1921337890625
 10
222.58540283203126
 20
166.08554443359372
 10
222.15904541015627
 20
166.08554443359372
 10
222.05245605468753
 20
166.1921337890625
 10
222.05245605468753
 20
166.831669921875
  0
LWPOLYLINE
  5
59D
330
17
100
AcDbEntity
  8
RASTER_TRACE
100
AcDbPolyline
 90
6
 70
1
 10
191.24813232421877
 20
166.831669921875
 10
191.14154296875003
 20
166.831669921875
 10
191.14154296875003
 20
166.40531249999998
 10
190.92836425781252
 20
166.08554443359372
 10
191.03495361328126
 20
166.08554443359372
 10
191.14154296875003
 20
166.29872314453127
  0
LWPOLYLINE
  5
59E
330
17
100
AcDbEntity
  8
RASTER_TRACE
100
AcDbPolyline
 90
5
 70
1
 10
188.05045166015628
 20
166.831669921875
 10
187.9438623046875
 20
166.51190185546875
 10
187.73068359375003
 20
166.29872314453127
 10
187.83727294921877
 20
166.1921337890625
 10
188.05045166015628
 20
166.51190185546875
  0
LWPOLYLINE
  5
59F
330
17
100
AcDbEntity
  8
RASTER_TRACE
100
AcDbPolyline
 90
2
 70
1
 10
97.5560888671875
 20
166.831669921875
 10
97.5560888671875
 20
165.978955078125
  0
LWPOLYLINE
  5
5A0
330
17
100
AcDbEntity
  8
RASTER_TRACE
100
AcDbPolyline
 90
2
 70
1
 10
144.56199462890626
 20
166.93825927734375
 10
144.56199462890626
 20
166.1921337890625
  0
LWPOLYLINE
  5
5A1
330
17
100
AcDbEntity
  8
RASTER_TRACE
100
AcDbPolyline
 90
5
 70
1
 10
113.5444921875
 20
166.93825927734375
 10
113.43790283203126
 20
166.40531249999998
 10
113.118134765625
 20
165.978955078125
 10
113.33131347656251
 20
166.08554443359372
 10
113.5444921875
 20
166.51190185546875
  0
LWPOLYLINE
  5
5A2
330
17
100
AcDbEntity
  8
RASTER_TRACE
100
AcDbPolyline
 90
4
 70
1
 10
228.76758544921879
 20
166.93825927734375
 10
229.51371093750004
 20
166.93825927734375
 10
228.98076416015627
 20
166.93825927734375
 10
228.87417480468753
 20
167.0448486328125
  0
LWPOLYLINE
  5
5A3
330
17
100
AcDbEntity
  8
RASTER_TRACE
100
AcDbPolyline
 90
4
 70
1
 10
218.64159667968752
 20
166.93825927734375
 10
220.3470263671875
 20
166.93825927734375
 10
220.3470263671875
 20
167.0448486328125
 10
218.74818603515627
 20
167.0448486328125
  0
LWPOLYLINE
  5
5A4
330
17
100
AcDbEntity
  8
RASTER_TRACE
100
AcDbPolyline
 90
20
 70
1
 10
134.22282714843752
 20
167.15143798828126
 10
134.32941650390626
 20
167.0448486328125
 10
134.32941650390626
 20
166.72508056640623
 10
134.22282714843752
 20
166.6184912109375
 10
134.22282714843752
 20
166.40531249999998
 10
134.11623779296875
 20
166.1921337890625
 10
133.3701123046875
 20
165.44600830078124
 10
133.15693359375
 20
165.3394189453125
 10
132.9437548828125
 20
165.3394189453125
 10
132.83716552734376
 20
165.23282958984373
 10
132.62398681640627
 20
165.23282958984373
 10
132.41080810546876
 20
165.44600830078124
 10
132.62398681640627
 20
165.65918701171876
 10
132.9437548828125
 20
165.65918701171876
 10
133.3701123046875
 20
165.87236572265624
 10
133.79646972656252
 20
166.29872314453127
 10
133.90305908203126
 20
166.51190185546875
 10
133.90305908203126
 20
166.72508056640623
 10
134.0096484375
 20
166.831669921875
 10
134.0096484375
 20
167.0448486328125
  0
LWPOLYLINE
  5
5A5
330
17
100
AcDbEntity
  8
RASTER_TRACE
100
AcDbPolyline
 90
18
 70
1
 10
130.5987890625
 20
167.0448486328125
 10
130.81196777343752
 20
167.15143798828126
 10
130.91855712890626
 20
167.0448486328125
 10
130.91855712890626
 20
166.6184912109375
 10
131.025146484375
 20
166.40531249999998
 10
131.6646826171875
 20
165.7657763671875
 10
131.87786132812502
 20
165.7657763671875
 10
131.98445068359376
 20
165.65918701171876
 10
132.30421875000002
 20
165.65918701171876
 10
132.41080810546876
 20
165.55259765625
 10
132.41080810546876
 20
165.3394189453125
 10
132.30421875000002
 20
165.23282958984373
 10
131.98445068359376
 20
165.23282958984373
 10
131.34491455078125
 20
165.55259765625
 10
130.81196777343752
 20
166.08554443359372
 10
130.70537841796875
 20
166.29872314453127
 10
130.70537841796875
 20
166.51190185546875
 10
130.5987890625
 20
166.6184912109375
  0
LWPOLYLINE
  5
5A6
330
17
100
AcDbEntity
  8
RASTER_TRACE
100
AcDbPolyline
 90
5
 70
1
 10
208.30242919921878
 20
167.15143798828126
 10
210.00785888671876
 20
167.15143798828126
 10
209.90126953125002
 20
167.25802734375
 10
208.83537597656252
 20
167.25802734375
 10
208.72878662109378
 20
167.15143798828126
  0
LWPOLYLINE
  5
5A7
330
17
100
AcDbEntity
  8
RASTER_TRACE
100
AcDbPolyline
 90
4
 70
1
 10
204.57180175781252
 20
167.15143798828126
 10
206.81017822265628
 20
167.15143798828126
 10
206.59699951171876
 20
167.25802734375
 10
204.67839111328126
 20
167.25802734375
  0
LWPOLYLINE
  5
5A8
330
17
100
AcDbEntity
  8
RASTER_TRACE
100
AcDbPolyline
 90
4
 70
1
 10
200.84117431640627
 20
167.25802734375
 10
200.84117431640627
 20
167.15143798828126
 10
202.97296142578128
 20
167.15143798828126
 10
202.8663720703125
 20
167.25802734375
  0
LWPOLYLINE
  5
5A9
330
17
100
AcDbEntity
  8
RASTER_TRACE
100
AcDbPolyline
 90
4
 70
1
 10
197.110546875
 20
167.25802734375
 10
197.110546875
 20
167.15143798828126
 10
199.24233398437502
 20
167.15143798828126
 10
199.13574462890628
 20
167.25802734375
  0
LWPOLYLINE
  5
5AA
330
17
100
AcDbEntity
  8
RASTER_TRACE
100
AcDbPolyline
 90
4
 70
1
 10
193.37991943359378
 20
167.25802734375
 10
193.37991943359378
 20
167.15143798828126
 10
195.51170654296877
 20
167.15143798828126
 10
195.40511718750003
 20
167.25802734375
  0
LWPOLYLINE
  5
5AB
330
17
100
AcDbEntity
  8
RASTER_TRACE
100
AcDbPolyline
 90
4
 70
1
 10
188.68998779296876
 20
167.25802734375
 10
188.68998779296876
 20
167.15143798828126
 10
189.00975585937502
 20
167.15143798828126
 10
189.00975585937502
 20
167.25802734375
  0
LWPOLYLINE
  5
5AC
330
17
100
AcDbEntity
  8
RASTER_TRACE
100
AcDbPolyline
 90
4
 70
1
 10
185.81207519531253
 20
167.25802734375
 10
185.81207519531253
 20
167.15143798828126
 10
188.15704101562503
 20
167.15143798828126
 10
188.15704101562503
 20
167.25802734375
  0
LWPOLYLINE
  5
5AD
330
17
100
AcDbEntity
  8
RASTER_TRACE
100
AcDbPolyline
 90
4
 70
1
 10
181.97485839843753
 20
167.25802734375
 10
181.97485839843753
 20
167.15143798828126
 10
184.21323486328126
 20
167.15143798828126
 10
184.21323486328126
 20
167.25802734375
  0
LWPOLYLINE
  5
5AE
330
17
100
AcDbEntity
  8
RASTER_TRACE
100
AcDbPolyline
 90
4
 70
1
 10
181.01555419921877
 20
167.25802734375
 10
181.01555419921877
 20
167.15143798828126
 10
181.33532226562502
 20
167.15143798828126
 10
181.33532226562502
 20
167.25802734375
  0
LWPOLYLINE
  5
5AF
330
17
100
AcDbEntity
  8
RASTER_TRACE
100
AcDbPolyline
 90
4
 70
1
 10
170.14343994140626
 20
167.25802734375
 10
170.14343994140626
 20
167.15143798828126
 10
172.48840576171878
 20
167.15143798828126
 10
172.48840576171878
 20
167.25802734375
  0
LWPOLYLINE
  5
5B0
330
17
100
AcDbEntity
  8
RASTER_TRACE
100
AcDbPolyline
 90
4
 70
1
 10
169.18413574218752
 20
167.25802734375
 10
169.18413574218752
 20
167.15143798828126
 10
169.50390380859378
 20
167.15143798828126
 10
169.50390380859378
 20
167.25802734375
  0
LWPOLYLINE
  5
5B1
330
17
100
AcDbEntity
  8
RASTER_TRACE
100
AcDbPolyline
 90
4
 70
1
 10
166.30622314453126
 20
167.25802734375
 10
166.30622314453126
 20
167.15143798828126
 10
168.544599609375
 20
167.15143798828126
 10
168.544599609375
 20
167.25802734375
  0
LWPOLYLINE
  5
5B2
330
17
100
AcDbEntity
  8
RASTER_TRACE
100
AcDbPolyline
 90
4
 70
1
 10
165.24032958984378
 20
167.25802734375
 10
165.24032958984378
 20
167.15143798828126
 10
165.56009765625
 20
167.15143798828126
 10
165.56009765625
 20
167.25802734375
  0
LWPOLYLINE
  5
5B3
330
17
100
AcDbEntity
  8
RASTER_TRACE
100
AcDbPolyline
 90
4
 70
1
 10
162.25582763671878
 20
167.25802734375
 10
162.36241699218752
 20
167.15143798828126
 10
164.60079345703127
 20
167.15143798828126
 10
164.60079345703127
 20
167.25802734375
  0
LWPOLYLINE
  5
5B4
330
17
100
AcDbEntity
  8
RASTER_TRACE
100
AcDbPolyline
 90
4
 70
1
 10
161.2965234375
 20
167.25802734375
 10
161.2965234375
 20
167.15143798828126
 10
161.61629150390627
 20
167.15143798828126
 10
161.61629150390627
 20
167.25802734375
  0
LWPOLYLINE
  5
5B5
330
17
100
AcDbEntity
  8
RASTER_TRACE
100
AcDbPolyline
 90
4
 70
1
 10
158.312021484375
 20
167.25802734375
 10
158.312021484375
 20
167.15143798828126
 10
160.6569873046875
 20
167.15143798828126
 10
160.6569873046875
 20
167.25802734375
  0
LWPOLYLINE
  5
5B6
330
17
100
AcDbEntity
  8
RASTER_TRACE
100
AcDbPolyline
 90
4
 70
1
 10
157.35271728515627
 20
167.25802734375
 10
157.35271728515627
 20
167.15143798828126
 10
157.67248535156253
 20
167.15143798828126
 10
157.67248535156253
 20
167.25802734375
  0
LWPOLYLINE
  5
5B7
330
17
100
AcDbEntity
  8
RASTER_TRACE
100
AcDbPolyline
 90
4
 70
1
 10
154.4748046875
 20
167.25802734375
 10
154.4748046875
 20
167.15143798828126
 10
156.71318115234376
 20
167.15143798828126
 10
156.71318115234376
 20
167.25802734375
  0
LWPOLYLINE
  5
5B8
330
17
100
AcDbEntity
  8
RASTER_TRACE
100
AcDbPolyline
 90
4
 70
1
 10
153.4089111328125
 20
167.25802734375
 10
153.4089111328125
 20
167.15143798828126
 10
153.72867919921876
 20
167.15143798828126
 10
153.72867919921876
 20
167.25802734375
  0
LWPOLYLINE
  5
5B9
330
17
100
AcDbEntity
  8
RASTER_TRACE
100
AcDbPolyline
 90
4
 70
1
 10
150.53099853515627
 20
167.25802734375
 10
150.53099853515627
 20
167.15143798828126
 10
152.76937500000003
 20
167.15143798828126
 10
152.76937500000003
 20
167.25802734375
  0
LWPOLYLINE
  5
5BA
330
17
100
AcDbEntity
  8
RASTER_TRACE
100
AcDbPolyline
 90
4
 70
1
 10
146.48060302734376
 20
167.25802734375
 10
146.48060302734376
 20
167.15143798828126
 10
148.82556884765626
 20
167.15143798828126
 10
148.82556884765626
 20
167.25802734375
  0
LWPOLYLINE
  5
5BB
330
17
100
AcDbEntity
  8
RASTER_TRACE
100
AcDbPolyline
 90
4
 70
1
 10
145.52129882812503
 20
167.25802734375
 10
145.52129882812503
 20
167.15143798828126
 10
145.84106689453128
 20
167.15143798828126
 10
145.84106689453128
 20
167.25802734375
  0
LWPOLYLINE
  5
5BC
330
17
100
AcDbEntity
  8
RASTER_TRACE
100
AcDbPolyline
 90
4
 70
1
 10
142.21702880859377
 20
167.25802734375
 10
142.21702880859377
 20
167.15143798828126
 10
144.77517333984378
 20
167.15143798828126
 10
144.77517333984378
 20
167.25802734375
  0
LWPOLYLINE
  5
5BD
330
17
100
AcDbEntity
  8
RASTER_TRACE
100
AcDbPolyline
 90
4
 70
1
 10
141.15113525390626
 20
167.25802734375
 10
141.15113525390626
 20
167.15143798828126
 10
141.47090332031252
 20
167.15143798828126
 10
141.47090332031252
 20
167.25802734375
  0
LWPOLYLINE
  5
5BE
330
17
100
AcDbEntity
  8
RASTER_TRACE
100
AcDbPolyline
 90
4
 70
1
 10
137.95345458984377
 20
167.15143798828126
 10
140.405009765625
 20
167.15143798828126
 10
140.51159912109375
 20
167.25802734375
 10
137.95345458984377
 20
167.25802734375
  0
LWPOLYLINE
  5
5BF
330
17
100
AcDbEntity
  8
RASTER_TRACE
100
AcDbPolyline
 90
4
 70
1
 10
136.994150390625
 20
167.25802734375
 10
136.994150390625
 20
167.15143798828126
 10
137.31391845703126
 20
167.15143798828126
 10
137.31391845703126
 20
167.25802734375
  0
LWPOLYLINE
  5
5C0
330
17
100
AcDbEntity
  8
RASTER_TRACE
100
AcDbPolyline
 90
4
 70
1
 10
132.41080810546876
 20
167.25802734375
 10
132.41080810546876
 20
167.15143798828126
 10
132.83716552734376
 20
167.15143798828126
 10
132.83716552734376
 20
167.25802734375
  0
LWPOLYLINE
  5
5C1
330
17
100
AcDbEntity
  8
RASTER_TRACE
100
AcDbPolyline
 90
4
 70
1
 10
124.09683837890626
 20
167.25802734375
 10
124.09683837890626
 20
167.15143798828126
 10
126.54839355468752
 20
167.15143798828126
 10
126.54839355468752
 20
167.25802734375
  0
LWPOLYLINE
  5
5C2
330
17
100
AcDbEntity
  8
RASTER_TRACE
100
AcDbPolyline
 90
4
 70
1
 10
123.03094482421875
 20
167.25802734375
 10
123.03094482421875
 20
167.15143798828126
 10
123.350712890625
 20
167.15143798828126
 10
123.350712890625
 20
167.25802734375
  0
LWPOLYLINE
  5
5C3
330
17
100
AcDbEntity
  8
RASTER_TRACE
100
AcDbPolyline
 90
4
 70
1
 10
106.7227734375
 20
167.25802734375
 10
106.7227734375
 20
167.15143798828126
 10
109.17432861328126
 20
167.15143798828126
 10
109.17432861328126
 20
167.25802734375
  0
LWPOLYLINE
  5
5C4
330
17
100
AcDbEntity
  8
RASTER_TRACE
100
AcDbPolyline
 90
4
 70
1
 10
102.56578857421874
 20
167.25802734375
 10
102.56578857421874
 20
167.15143798828126
 10
105.01734375000001
 20
167.15143798828126
 10
105.01734375000001
 20
167.25802734375
  0
LWPOLYLINE
  5
5C5
330
17
100
AcDbEntity
  8
RASTER_TRACE
100
AcDbPolyline
 90
4
 70
1
 10
98.30221435546875
 20
167.25802734375
 10
98.40880371093752
 20
167.15143798828126
 10
100.86035888671876
 20
167.15143798828126
 10
100.86035888671876
 20
167.25802734375
  0
LWPOLYLINE
  5
5C6
330
17
100
AcDbEntity
  8
RASTER_TRACE
100
AcDbPolyline
 90
4
 70
1
 10
96.49019531250002
 20
167.25802734375
 10
96.49019531250002
 20
167.15143798828126
 10
97.66267822265627
 20
167.15143798828126
 10
97.66267822265627
 20
167.25802734375
  0
LWPOLYLINE
  5
5C7
330
17
100
AcDbEntity
  8
RASTER_TRACE
100
AcDbPolyline
 90
4
 70
1
 10
92.54638916015625
 20
167.25802734375
 10
92.54638916015625
 20
167.15143798828126
 10
94.784765625
 20
167.15143798828126
 10
94.784765625
 20
167.25802734375
  0
LWPOLYLINE
  5
5C8
330
17
100
AcDbEntity
  8
RASTER_TRACE
100
AcDbPolyline
 90
4
 70
1
 10
88.60258300781251
 20
167.15143798828126
 10
90.84095947265627
 20
167.15143798828126
 10
90.94754882812501
 20
167.25802734375
 10
88.60258300781251
 20
167.25802734375
  0
LWPOLYLINE
  5
5C9
330
17
100
AcDbEntity
  8
RASTER_TRACE
100
AcDbPolyline
 90
4
 70
1
 10
84.65877685546874
 20
167.25802734375
 10
84.65877685546874
 20
167.15143798828126
 10
86.8971533203125
 20
167.15143798828126
 10
86.8971533203125
 20
167.25802734375
  0
LWPOLYLINE
  5
5CA
330
17
100
AcDbEntity
  8
RASTER_TRACE
100
AcDbPolyline
 90
4
 70
1
 10
80.714970703125
 20
167.25802734375
 10
80.714970703125
 20
167.15143798828126
 10
82.95334716796876
 20
167.15143798828126
 10
82.95334716796876
 20
167.25802734375
  0
LWPOLYLINE
  5
5CB
330
17
100
AcDbEntity
  8
RASTER_TRACE
100
AcDbPolyline
 90
4
 70
1
 10
76.77116455078126
 20
167.25802734375
 10
76.77116455078126
 20
167.15143798828126
 10
79.11613037109376
 20
167.15143798828126
 10
79.11613037109376
 20
167.25802734375
  0
LWPOLYLINE
  5
5CC
330
17
100
AcDbEntity
  8
RASTER_TRACE
100
AcDbPolyline
 90
4
 70
1
 10
72.93394775390625
 20
167.25802734375
 10
72.93394775390625
 20
167.15143798828126
 10
75.17232421875
 20
167.15143798828126
 10
75.17232421875
 20
167.25802734375
  0
LWPOLYLINE
  5
5CD
330
17
100
AcDbEntity
  8
RASTER_TRACE
100
AcDbPolyline
 90
4
 70
1
 10
69.09673095703126
 20
167.15143798828126
 10
71.22851806640625
 20
167.15143798828126
 10
71.335107421875
 20
167.25802734375
 10
69.09673095703126
 20
167.25802734375
  0
LWPOLYLINE
  5
5CE
330
17
100
AcDbEntity
  8
RASTER_TRACE
100
AcDbPolyline
 90
4
 70
1
 10
65.1529248046875
 20
167.25802734375
 10
65.1529248046875
 20
167.15143798828126
 10
67.39130126953125
 20
167.15143798828126
 10
67.39130126953125
 20
167.25802734375
  0
LWPOLYLINE
  5
5CF
330
17
100
AcDbEntity
  8
RASTER_TRACE
100
AcDbPolyline
 90
4
 70
1
 10
64.19362060546875
 20
167.25802734375
 10
64.19362060546875
 20
167.15143798828126
 10
64.513388671875
 20
167.15143798828126
 10
64.513388671875
 20
167.25802734375
  0
LWPOLYLINE
  5
5D0
330
17
100
AcDbEntity
  8
RASTER_TRACE
100
AcDbPolyline
 90
4
 70
1
 10
61.209118652343754
 20
167.25802734375
 10
61.209118652343754
 20
167.15143798828126
 10
63.55408447265626
 20
167.15143798828126
 10
63.55408447265626
 20
167.25802734375
  0
LWPOLYLINE
  5
5D1
330
17
100
AcDbEntity
  8
RASTER_TRACE
100
AcDbPolyline
 90
4
 70
1
 10
57.37190185546876
 20
167.25802734375
 10
57.37190185546876
 20
167.15143798828126
 10
59.6102783203125
 20
167.15143798828126
 10
59.6102783203125
 20
167.25802734375
  0
LWPOLYLINE
  5
5D2
330
17
100
AcDbEntity
  8
RASTER_TRACE
100
AcDbPolyline
 90
4
 70
1
 10
56.41259765625001
 20
167.25802734375
 10
56.41259765625001
 20
167.15143798828126
 10
56.732365722656255
 20
167.15143798828126
 10
56.732365722656255
 20
167.25802734375
  0
LWPOLYLINE
  5
5D3
330
17
100
AcDbEntity
  8
RASTER_TRACE
100
AcDbPolyline
 90
4
 70
1
 10
53.53468505859375
 20
167.25802734375
 10
53.53468505859375
 20
167.15143798828126
 10
55.773061523437505
 20
167.15143798828126
 10
55.773061523437505
 20
167.25802734375
  0
LWPOLYLINE
  5
5D4
330
17
100
AcDbEntity
  8
RASTER_TRACE
100
AcDbPolyline
 90
4
 70
1
 10
41.703266601562504
 20
167.25802734375
 10
41.703266601562504
 20
167.15143798828126
 10
44.048232421875
 20
167.15143798828126
 10
44.048232421875
 20
167.25802734375
  0
LWPOLYLINE
  5
5D5
330
17
100
AcDbEntity
  8
RASTER_TRACE
100
AcDbPolyline
 90
4
 70
1
 10
40.637373046875
 20
167.25802734375
 10
40.743962402343755
 20
167.15143798828126
 10
40.95714111328125
 20
167.15143798828126
 10
41.06373046875
 20
167.25802734375
  0
LWPOLYLINE
  5
5D6
330
17
100
AcDbEntity
  8
RASTER_TRACE
100
AcDbPolyline
 90
4
 70
1
 10
37.65287109375
 20
167.25802734375
 10
37.75946044921875
 20
167.15143798828126
 10
39.9978369140625
 20
167.15143798828126
 10
39.9978369140625
 20
167.25802734375
  0
LWPOLYLINE
  5
5D7
330
17
100
AcDbEntity
  8
RASTER_TRACE
100
AcDbPolyline
 90
4
 70
1
 10
33.6024755859375
 20
167.25802734375
 10
33.6024755859375
 20
167.15143798828126
 10
35.94744140625001
 20
167.15143798828126
 10
35.94744140625001
 20
167.25802734375
  0
LWPOLYLINE
  5
5D8
330
17
100
AcDbEntity
  8
RASTER_TRACE
100
AcDbPolyline
 90
4
 70
1
 10
29.65866943359375
 20
167.25802734375
 10
29.7652587890625
 20
167.15143798828126
 10
31.79045654296875
 20
167.15143798828126
 10
31.897045898437504
 20
167.25802734375
  0
LWPOLYLINE
  5
5D9
330
17
100
AcDbEntity
  8
RASTER_TRACE
100
AcDbPolyline
 90
4
 70
1
 10
28.2730078125
 20
167.25802734375
 10
28.379597167968754
 20
167.15143798828126
 10
28.592775878906252
 20
167.15143798828126
 10
28.699365234375
 20
167.25802734375
  0
LWPOLYLINE
  5
5DA
330
17
100
AcDbEntity
  8
RASTER_TRACE
100
AcDbPolyline
 90
4
 70
1
 10
25.501684570312502
 20
167.25802734375
 10
25.60827392578125
 20
167.15143798828126
 10
27.633471679687503
 20
167.15143798828126
 10
27.633471679687503
 20
167.25802734375
  0
LWPOLYLINE
  5
5DB
330
17
100
AcDbEntity
  8
RASTER_TRACE
100
AcDbPolyline
 90
16
 70
1
 10
178.1376416015625
 20
167.15143798828126
 10
180.37601806640626
 20
167.15143798828126
 10
180.37601806640626
 20
167.25802734375
 10
180.16283935546878
 20
167.36461669921874
 10
180.26942871093752
 20
167.4712060546875
 10
180.69578613281251
 20
167.4712060546875
 10
179.73648193359378
 20
167.4712060546875
 10
180.05625
 20
167.4712060546875
 10
180.16283935546878
 20
167.36461669921874
 10
180.05625
 20
167.25802734375
 10
179.20353515625
 20
167.25802734375
 10
179.09694580078127
 20
167.36461669921874
 10
179.20353515625
 20
167.4712060546875
 10
178.35082031250002
 20
167.4712060546875
 10
178.35082031250002
 20
167.36461669921874
 10
178.1376416015625
 20
167.25802734375
  0
LWPOLYLINE
  5
5DC
330
17
100
AcDbEntity
  8
RASTER_TRACE
100
AcDbPolyline
 90
2
 70
1
 10
173.23453125000003
 20
167.4712060546875
 10
173.8740673828125
 20
167.4712060546875
  0
LWPOLYLINE
  5
5DD
330
17
100
AcDbEntity
  8
RASTER_TRACE
100
AcDbPolyline
 90
9
 70
1
 10
176.85856933593752
 20
167.4712060546875
 10
177.07174804687503
 20
167.36461669921874
 10
177.17833740234377
 20
167.15143798828126
 10
177.39151611328126
 20
167.15143798828126
 10
177.49810546875003
 20
167.36461669921874
 10
177.7112841796875
 20
167.36461669921874
 10
177.7112841796875
 20
167.4712060546875
 10
177.49810546875003
 20
167.57779541015623
 10
176.96515869140626
 20
167.57779541015623
  0
LWPOLYLINE
  5
5DE
330
17
100
AcDbEntity
  8
RASTER_TRACE
100
AcDbPolyline
 90
7
 70
1
 10
181.1221435546875
 20
167.4712060546875
 10
181.22873291015628
 20
167.57779541015623
 10
181.86826904296876
 20
167.57779541015623
 10
181.97485839843753
 20
167.684384765625
 10
181.44191162109377
 20
167.684384765625
 10
181.33532226562502
 20
167.57779541015623
 10
181.1221435546875
 20
167.57779541015623
  0
LWPOLYLINE
  5
5DF
330
17
100
AcDbEntity
  8
RASTER_TRACE
100
AcDbPolyline
 90
19
 70
1
 10
176.43221191406252
 20
167.25802734375
 10
176.219033203125
 20
167.25802734375
 10
176.11244384765627
 20
167.36461669921874
 10
176.32562255859378
 20
167.4712060546875
 10
176.32562255859378
 20
167.57779541015623
 10
176.11244384765627
 20
167.57779541015623
 10
176.00585449218752
 20
167.684384765625
 10
175.47290771484376
 20
167.684384765625
 10
175.68608642578127
 20
167.684384765625
 10
175.79267578125
 20
167.57779541015623
 10
175.57949707031253
 20
167.25802734375
 10
175.25972900390627
 20
167.25802734375
 10
175.15313964843753
 20
167.4712060546875
 10
174.51360351562502
 20
167.4712060546875
 10
174.51360351562502
 20
167.36461669921874
 10
174.40701416015628
 20
167.25802734375
 10
174.19383544921877
 20
167.25802734375
 10
174.19383544921877
 20
167.15143798828126
 10
176.43221191406252
 20
167.15143798828126
  0
LWPOLYLINE
  5
5E0
330
17
100
AcDbEntity
  8
RASTER_TRACE
100
AcDbPolyline
 90
4
 70
1
 10
172.16863769531253
 20
167.684384765625
 10
172.27522705078127
 20
167.57779541015623
 10
172.70158447265626
 20
167.57779541015623
 10
172.59499511718752
 20
167.684384765625
  0
LWPOLYLINE
  5
5E1
330
17
100
AcDbEntity
  8
RASTER_TRACE
100
AcDbPolyline
 90
11
 70
1
 10
191.7810791015625
 20
167.15143798828126
 10
191.67448974609377
 20
167.25802734375
 10
191.24813232421877
 20
167.25802734375
 10
191.14154296875003
 20
167.36461669921874
 10
191.14154296875003
 20
167.684384765625
 10
191.03495361328126
 20
167.89756347656248
 10
190.92836425781252
 20
167.89756347656248
 10
191.14154296875003
 20
167.4712060546875
 10
191.03495361328126
 20
167.25802734375
 10
189.64929199218753
 20
167.25802734375
 10
189.64929199218753
 20
167.15143798828126
  0
LWPOLYLINE
  5
5E2
330
17
100
AcDbEntity
  8
RASTER_TRACE
100
AcDbPolyline
 90
3
 70
1
 10
187.30432617187503
 20
167.89756347656248
 10
187.83727294921877
 20
167.4712060546875
 10
187.73068359375003
 20
167.684384765625
  0
LWPOLYLINE
  5
5E3
330
17
100
AcDbEntity
  8
RASTER_TRACE
100
AcDbPolyline
 90
4
 70
1
 10
171.42251220703128
 20
167.89756347656248
 10
171.42251220703128
 20
167.79097412109374
 10
171.84886962890627
 20
167.79097412109374
 10
171.63569091796876
 20
167.79097412109374
  0
LWPOLYLINE
  5
5E4
330
17
100
AcDbEntity
  8
RASTER_TRACE
100
AcDbPolyline
 90
6
 70
1
 10
183.040751953125
 20
168.00415283203125
 10
182.82757324218753
 20
168.00415283203125
 10
182.72098388671878
 20
167.89756347656248
 10
182.50780517578127
 20
167.89756347656248
 10
182.29462646484376
 20
167.79097412109374
 10
182.61439453125
 20
167.79097412109374
  0
LWPOLYLINE
  5
5E5
330
17
100
AcDbEntity
  8
RASTER_TRACE
100
AcDbPolyline
 90
3
 70
1
 10
174.19383544921877
 20
168.00415283203125
 10
174.19383544921877
 20
167.89756347656248
 10
174.93996093750002
 20
167.79097412109374
  0
LWPOLYLINE
  5
5E6
330
17
100
AcDbEntity
  8
RASTER_TRACE
100
AcDbPolyline
 90
40
 70
1
 10
51.9358447265625
 20
167.25802734375
 10
49.697468261718754
 20
167.25802734375
 10
49.590878906250005
 20
167.36461669921874
 10
50.12382568359375
 20
167.89756347656248
 10
50.12382568359375
 20
168.00415283203125
 10
49.27111083984375
 20
167.15143798828126
 10
49.27111083984375
 20
167.0448486328125
 10
48.9513427734375
 20
166.72508056640623
 10
48.631574707031255
 20
167.0448486328125
 10
48.738164062500005
 20
167.15143798828126
 10
48.9513427734375
 20
167.15143798828126
 10
48.9513427734375
 20
167.25802734375
 10
48.631574707031255
 20
167.25802734375
 10
48.41839599609375
 20
167.15143798828126
 10
47.885449218750004
 20
167.57779541015623
 10
47.6722705078125
 20
167.57779541015623
 10
47.99203857421875
 20
167.36461669921874
 10
47.885449218750004
 20
167.25802734375
 10
46.49978759765625
 20
167.25802734375
 10
46.3931982421875
 20
167.36461669921874
 10
46.3931982421875
 20
167.57779541015623
 10
46.180019531250004
 20
167.25802734375
 10
45.753662109375
 20
167.25802734375
 10
45.753662109375
 20
167.15143798828126
 10
46.180019531250004
 20
167.15143798828126
 10
46.28660888671875
 20
166.93825927734375
 10
46.3931982421875
 20
167.15143798828126
 10
47.885449218750004
 20
167.15143798828126
 10
48.0986279296875
 20
167.36461669921874
 10
48.41839599609375
 20
167.0448486328125
 10
48.524985351562506
 20
167.0448486328125
 10
48.844753417968754
 20
166.72508056640623
 10
48.9513427734375
 20
166.72508056640623
 10
49.05793212890625
 20
166.6184912109375
 10
49.05793212890625
 20
166.40531249999998
 10
49.05793212890625
 20
166.6184912109375
 10
49.27111083984375
 20
167.0448486328125
 10
49.484289550781256
 20
167.25802734375
 10
49.590878906250005
 20
167.15143798828126
 10
51.82925537109375
 20
167.15143798828126
  0
LWPOLYLINE
  5
5E7
330
17
100
AcDbEntity
  8
RASTER_TRACE
100
AcDbPolyline
 90
6
 70
1
 10
170.25002929687503
 20
168.1107421875
 10
170.35661865234377
 20
168.00415283203125
 10
170.67638671875002
 20
168.00415283203125
 10
170.78297607421877
 20
167.89756347656248
 10
170.99615478515628
 20
167.89756347656248
 10
170.56979736328128
 20
168.1107421875
  0
LWPOLYLINE
  5
5E8
330
17
100
AcDbEntity
  8
RASTER_TRACE
100
AcDbPolyline
 90
37
 70
1
 10
111.1995263671875
 20
168.3239208984375
 10
111.51929443359376
 20
168.3239208984375
 10
111.6258837890625
 20
168.21733154296874
 10
111.6258837890625
 20
167.25802734375
 10
111.6258837890625
 20
168.21733154296874
 10
111.73247314453127
 20
168.3239208984375
 10
111.94565185546875
 20
168.3239208984375
 10
112.15883056640627
 20
168.21733154296874
 10
112.69177734375
 20
167.684384765625
 10
112.69177734375
 20
167.4712060546875
 10
112.79836669921875
 20
167.36461669921874
 10
112.69177734375
 20
167.25802734375
 10
111.94565185546875
 20
167.25802734375
 10
111.94565185546875
 20
167.15143798828126
 10
112.69177734375
 20
167.15143798828126
 10
112.79836669921875
 20
167.0448486328125
 10
112.69177734375
 20
166.93825927734375
 10
112.69177734375
 20
166.6184912109375
 10
112.15883056640627
 20
166.08554443359372
 10
111.94565185546875
 20
165.978955078125
 10
111.73247314453127
 20
165.978955078125
 10
111.6258837890625
 20
166.08554443359372
 10
111.6258837890625
 20
166.831669921875
 10
111.6258837890625
 20
166.08554443359372
 10
111.51929443359376
 20
165.978955078125
 10
111.1995263671875
 20
165.978955078125
 10
110.7731689453125
 20
166.1921337890625
 10
110.55999023437502
 20
166.40531249999998
 10
110.34681152343751
 20
166.831669921875
 10
110.34681152343751
 20
167.0448486328125
 10
110.45340087890625
 20
167.15143798828126
 10
111.41270507812501
 20
167.15143798828126
 10
111.41270507812501
 20
167.25802734375
 10
110.45340087890625
 20
167.25802734375
 10
110.34681152343751
 20
167.36461669921874
 10
110.55999023437502
 20
167.89756347656248
 10
110.7731689453125
 20
168.1107421875
  0
LWPOLYLINE
  5
5E9
330
17
100
AcDbEntity
  8
RASTER_TRACE
100
AcDbPolyline
 90
12
 70
1
 10
222.69199218750003
 20
168.3239208984375
 10
222.79858154296878
 20
168.43051025390625
 10
223.43811767578129
 20
168.43051025390625
 10
223.86447509765628
 20
168.00415283203125
 10
223.86447509765628
 20
167.89756347656248
 10
224.29083251953128
 20
167.36461669921874
 10
224.39742187500002
 20
167.0448486328125
 10
224.29083251953128
 20
166.93825927734375
 10
223.11834960937503
 20
166.93825927734375
 10
223.01176025390626
 20
167.0448486328125
 10
222.90517089843752
 20
166.93825927734375
 10
222.69199218750003
 20
167.15143798828126
  0
LWPOLYLINE
  5
5EA
330
17
100
AcDbEntity
  8
RASTER_TRACE
100
AcDbPolyline
 90
12
 70
1
 10
222.47881347656252
 20
168.43051025390625
 10
222.69199218750003
 20
168.21733154296874
 10
222.69199218750003
 20
167.57779541015623
 10
222.58540283203126
 20
167.4712060546875
 10
222.58540283203126
 20
167.15143798828126
 10
222.15904541015627
 20
166.93825927734375
 10
221.94586669921878
 20
167.15143798828126
 10
221.94586669921878
 20
167.57779541015623
 10
222.05245605468753
 20
167.684384765625
 10
222.05245605468753
 20
168.3239208984375
 10
222.15904541015627
 20
168.43051025390625
 10
222.37222412109378
 20
168.3239208984375
  0
LWPOLYLINE
  5
5EB
330
17
100
AcDbEntity
  8
RASTER_TRACE
100
AcDbPolyline
 90
8
 70
1
 10
186.02525390625001
 20
168.3239208984375
 10
186.23843261718753
 20
168.3239208984375
 10
186.34502197265627
 20
168.21733154296874
 10
186.66479003906252
 20
168.21733154296874
 10
186.77137939453127
 20
168.1107421875
 10
186.77137939453127
 20
168.21733154296874
 10
186.55820068359378
 20
168.21733154296874
 10
186.451611328125
 20
168.3239208984375
  0
LWPOLYLINE
  5
5EC
330
17
100
AcDbEntity
  8
RASTER_TRACE
100
AcDbPolyline
 90
4
 70
1
 10
184.21323486328126
 20
168.3239208984375
 10
184.00005615234377
 20
168.3239208984375
 10
183.57369873046878
 20
168.1107421875
 10
183.78687744140626
 20
168.1107421875
  0
LWPOLYLINE
  5
5ED
330
17
100
AcDbEntity
  8
RASTER_TRACE
100
AcDbPolyline
 90
2
 70
1
 10
144.56199462890626
 20
168.3239208984375
 10
144.56199462890626
 20
167.4712060546875
  0
LWPOLYLINE
  5
5EE
330
17
100
AcDbEntity
  8
RASTER_TRACE
100
AcDbPolyline
 90
3
 70
1
 10
113.22472412109377
 20
168.3239208984375
 10
113.43790283203126
 20
167.79097412109374
 10
113.43790283203126
 20
168.00415283203125
  0
LWPOLYLINE
  5
5EF
330
17
100
AcDbEntity
  8
RASTER_TRACE
100
AcDbPolyline
 90
2
 70
1
 10
97.5560888671875
 20
168.3239208984375
 10
97.5560888671875
 20
167.4712060546875
  0
LWPOLYLINE
  5
5F0
330
17
100
AcDbEntity
  8
RASTER_TRACE
100
AcDbPolyline
 90
4
 70
1
 10
224.50401123046876
 20
168.43051025390625
 10
225.03695800781253
 20
167.36461669921874
 10
225.03695800781253
 20
167.57779541015623
 10
224.71718994140628
 20
168.21733154296874
  0
LWPOLYLINE
  5
5F1
330
17
100
AcDbEntity
  8
RASTER_TRACE
100
AcDbPolyline
 90
3
 70
1
 10
168.97095703125
 20
168.43051025390625
 10
168.97095703125
 20
168.3239208984375
 10
169.71708251953126
 20
168.21733154296874
  0
LWPOLYLINE
  5
5F2
330
17
100
AcDbEntity
  8
RASTER_TRACE
100
AcDbPolyline
 90
5
 70
1
 10
44.90094726562501
 20
168.43051025390625
 10
44.90094726562501
 20
168.3239208984375
 10
45.64707275390626
 20
168.3239208984375
 10
45.220715332031254
 20
168.3239208984375
 10
45.114125976562505
 20
168.43051025390625
  0
LWPOLYLINE
  5
5F3
330
17
100
AcDbEntity
  8
RASTER_TRACE
100
AcDbPolyline
 90
3
 70
1
 10
43.515285644531254
 20
168.43051025390625
 10
44.2614111328125
 20
168.3239208984375
 10
44.2614111328125
 20
168.43051025390625
  0
LWPOLYLINE
  5
5F4
330
17
100
AcDbEntity
  8
RASTER_TRACE
100
AcDbPolyline
 90
39
 70
1
 10
132.0910400390625
 20
168.64368896484376
 10
132.30421875000002
 20
168.64368896484376
 10
132.41080810546876
 20
168.537099609375
 10
132.41080810546876
 20
167.684384765625
 10
132.5173974609375
 20
167.4712060546875
 10
132.5173974609375
 20
168.537099609375
 10
132.62398681640627
 20
168.64368896484376
 10
133.26352294921875
 20
168.43051025390625
 10
133.68988037109375
 20
168.00415283203125
 10
133.90305908203126
 20
167.57779541015623
 10
133.90305908203126
 20
167.36461669921874
 10
133.79646972656252
 20
167.25802734375
 10
133.47670166015627
 20
167.25802734375
 10
133.47670166015627
 20
167.15143798828126
 10
133.79646972656252
 20
167.15143798828126
 10
133.90305908203126
 20
167.0448486328125
 10
133.90305908203126
 20
166.831669921875
 10
133.68988037109375
 20
166.40531249999998
 10
133.15693359375
 20
165.87236572265624
 10
132.9437548828125
 20
165.7657763671875
 10
132.62398681640627
 20
165.7657763671875
 10
132.5173974609375
 20
165.87236572265624
 10
132.5173974609375
 20
166.831669921875
 10
132.41080810546876
 20
166.831669921875
 10
132.41080810546876
 20
165.87236572265624
 10
132.30421875000002
 20
165.7657763671875
 10
131.98445068359376
 20
165.7657763671875
 10
131.55809326171877
 20
166.08554443359372
 10
131.45150390625
 20
166.08554443359372
 10
131.025146484375
 20
166.72508056640623
 10
131.025146484375
 20
167.0448486328125
 10
131.13173583984377
 20
167.15143798828126
 10
131.77127197265625
 20
167.15143798828126
 10
131.6646826171875
 20
167.25802734375
 10
131.13173583984377
 20
167.25802734375
 10
131.025146484375
 20
167.36461669921874
 10
131.025146484375
 20
167.684384765625
 10
131.13173583984377
 20
167.89756347656248
 10
131.6646826171875
 20
168.43051025390625
  0
LWPOLYLINE
  5
5F5
330
17
100
AcDbEntity
  8
RASTER_TRACE
100
AcDbPolyline
 90
4
 70
1
 10
128.99994873046876
 20
168.537099609375
 10
128.99994873046876
 20
168.1107421875
 10
129.1065380859375
 20
167.89756347656248
 10
129.1065380859375
 20
168.43051025390625
  0
LWPOLYLINE
  5
5F6
330
17
100
AcDbEntity
  8
RASTER_TRACE
100
AcDbPolyline
 90
6
 70
1
 10
109.92045410156251
 20
168.537099609375
 10
109.49409667968752
 20
167.79097412109374
 10
109.49409667968752
 20
167.36461669921874
 10
109.60068603515626
 20
167.57779541015623
 10
109.60068603515626
 20
167.89756347656248
 10
109.92045410156251
 20
168.3239208984375
  0
LWPOLYLINE
  5
5F7
330
17
100
AcDbEntity
  8
RASTER_TRACE
100
AcDbPolyline
 90
4
 70
1
 10
42.1296240234375
 20
168.537099609375
 10
42.1296240234375
 20
168.43051025390625
 10
42.87574951171875
 20
168.43051025390625
 10
42.87574951171875
 20
168.537099609375
  0
LWPOLYLINE
  5
5F8
330
17
100
AcDbEntity
  8
RASTER_TRACE
100
AcDbPolyline
 90
4
 70
1
 10
40.743962402343755
 20
168.537099609375
 10
41.38349853515625
 20
168.537099609375
 10
41.490087890625006
 20
168.43051025390625
 10
41.59667724609375
 20
168.537099609375
  0
LWPOLYLINE
  5
5F9
330
17
100
AcDbEntity
  8
RASTER_TRACE
100
AcDbPolyline
 90
7
 70
1
 10
167.79847412109376
 20
168.64368896484376
 10
168.01165283203127
 20
168.537099609375
 10
168.33142089843753
 20
168.537099609375
 10
168.43801025390627
 20
168.43051025390625
 10
168.43801025390627
 20
168.537099609375
 10
168.22483154296876
 20
168.537099609375
 10
168.11824218750002
 20
168.64368896484376
  0
LWPOLYLINE
  5
5FA
330
17
100
AcDbEntity
  8
RASTER_TRACE
100
AcDbPolyline
 90
4
 70
1
 10
39.46489013671875
 20
168.64368896484376
 10
39.46489013671875
 20
168.537099609375
 10
40.211015625
 20
168.537099609375
 10
40.10442626953125
 20
168.64368896484376
  0
LWPOLYLINE
  5
5FB
330
17
100
AcDbEntity
  8
RASTER_TRACE
100
AcDbPolyline
 90
2
 70
1
 10
38.079228515625005
 20
168.64368896484376
 10
38.825354003906256
 20
168.64368896484376
  0
LWPOLYLINE
  5
5FC
330
17
100
AcDbEntity
  8
RASTER_TRACE
100
AcDbPolyline
 90
5
 70
1
 10
184.63959228515628
 20
168.75027832031247
 10
184.63959228515628
 20
168.43051025390625
 10
185.49230712890628
 20
168.43051025390625
 10
184.74618164062503
 20
168.43051025390625
 10
184.63959228515628
 20
168.537099609375
  0
LWPOLYLINE
  5
5FD
330
17
100
AcDbEntity
  8
RASTER_TRACE
100
AcDbPolyline
 90
16
 70
1
 10
121.53869384765625
 20
168.75027832031247
 10
121.53869384765625
 20
167.36461669921874
 10
121.4321044921875
 20
167.25802734375
 10
119.72667480468752
 20
167.25802734375
 10
119.72667480468752
 20
167.15143798828126
 10
121.4321044921875
 20
167.15143798828126
 10
121.53869384765625
 20
167.0448486328125
 10
121.53869384765625
 20
166.1921337890625
 10
121.64528320312502
 20
166.08554443359372
 10
121.64528320312502
 20
167.0448486328125
 10
121.75187255859376
 20
167.15143798828126
 10
122.2848193359375
 20
167.15143798828126
 10
122.2848193359375
 20
167.25802734375
 10
121.75187255859376
 20
167.25802734375
 10
121.64528320312502
 20
167.36461669921874
 10
121.64528320312502
 20
168.75027832031247
  0
LWPOLYLINE
  5
5FE
330
17
100
AcDbEntity
  8
RASTER_TRACE
100
AcDbPolyline
 90
4
 70
1
 10
51.296308593750005
 20
168.75027832031247
 10
50.76336181640625
 20
168.537099609375
 10
50.6567724609375
 20
168.3239208984375
 10
51.0831298828125
 20
168.537099609375
  0
LWPOLYLINE
  5
5FF
330
17
100
AcDbEntity
  8
RASTER_TRACE
100
AcDbPolyline
 90
4
 70
1
 10
36.69356689453125
 20
168.75027832031247
 10
36.80015625
 20
168.64368896484376
 10
37.4396923828125
 20
168.64368896484376
 10
37.4396923828125
 20
168.75027832031247
  0
LWPOLYLINE
  5
600
330
17
100
AcDbEntity
  8
RASTER_TRACE
100
AcDbPolyline
 90
4
 70
1
 10
35.3079052734375
 20
168.75027832031247
 10
36.05403076171875
 20
168.75027832031247
 10
35.62767333984375
 20
168.75027832031247
 10
35.521083984375004
 20
168.85686767578125
  0
LWPOLYLINE
  5
601
330
17
100
AcDbEntity
  8
RASTER_TRACE
100
AcDbPolyline
 90
3
 70
1
 10
33.92224365234375
 20
168.85686767578125
 10
34.668369140625
 20
168.75027832031247
 10
34.668369140625
 20
168.85686767578125
  0
LWPOLYLINE
  5
602
330
17
100
AcDbEntity
  8
RASTER_TRACE
100
AcDbPolyline
 90
6
 70
1
 10
190.288828125
 20
168.96345703125002
 10
190.288828125
 20
168.85686767578125
 10
190.60859619140626
 20
168.537099609375
 10
190.60859619140626
 20
168.43051025390625
 10
190.71518554687503
 20
168.43051025390625
 10
190.60859619140626
 20
168.64368896484376
  0
LWPOLYLINE
  5
603
330
17
100
AcDbEntity
  8
RASTER_TRACE
100
AcDbPolyline
 90
7
 70
1
 10
166.6259912109375
 20
168.96345703125002
 10
166.6259912109375
 20
168.85686767578125
 10
166.83916992187503
 20
168.85686767578125
 10
166.94575927734377
 20
168.75027832031247
 10
167.26552734375002
 20
168.75027832031247
 10
167.15893798828128
 20
168.85686767578125
 10
166.83916992187503
 20
168.85686767578125
  0
LWPOLYLINE
  5
604
330
17
100
AcDbEntity
  8
RASTER_TRACE
100
AcDbPolyline
 90
17
 70
1
 10
132.5173974609375
 20
168.96345703125002
 10
132.62398681640627
 20
169.07004638671873
 10
132.83716552734376
 20
169.07004638671873
 10
133.68988037109375
 20
168.64368896484376
 10
134.11623779296875
 20
168.1107421875
 10
134.22282714843752
 20
167.89756347656248
 10
134.22282714843752
 20
167.684384765625
 10
134.32941650390626
 20
167.57779541015623
 10
134.32941650390626
 20
167.36461669921874
 10
134.22282714843752
 20
167.25802734375
 10
134.0096484375
 20
167.36461669921874
 10
134.0096484375
 20
167.57779541015623
 10
133.68988037109375
 20
168.21733154296874
 10
133.47670166015627
 20
168.43051025390625
 10
133.05034423828127
 20
168.64368896484376
 10
132.83716552734376
 20
168.64368896484376
 10
132.62398681640627
 20
168.75027832031247
  0
LWPOLYLINE
  5
605
330
17
100
AcDbEntity
  8
RASTER_TRACE
100
AcDbPolyline
 90
14
 70
1
 10
132.30421875000002
 20
169.07004638671873
 10
132.41080810546876
 20
168.96345703125002
 10
132.30421875000002
 20
168.75027832031247
 10
131.77127197265625
 20
168.64368896484376
 10
131.13173583984377
 20
168.1107421875
 10
130.91855712890626
 20
167.684384765625
 10
130.91855712890626
 20
167.36461669921874
 10
130.70537841796875
 20
167.25802734375
 10
130.5987890625
 20
167.36461669921874
 10
130.5987890625
 20
167.684384765625
 10
130.91855712890626
 20
168.3239208984375
 10
131.6646826171875
 20
168.96345703125002
 10
131.87786132812502
 20
168.96345703125002
 10
131.98445068359376
 20
169.07004638671873
  0
LWPOLYLINE
  5
606
330
17
100
AcDbEntity
  8
RASTER_TRACE
100
AcDbPolyline
 90
13
 70
1
 10
127.72087646484377
 20
169.07004638671873
 10
127.93405517578125
 20
168.85686767578125
 10
127.93405517578125
 20
168.64368896484376
 10
128.04064453125
 20
168.537099609375
 10
128.04064453125
 20
167.36461669921874
 10
127.82746582031251
 20
167.25802734375
 10
128.04064453125
 20
167.0448486328125
 10
128.04064453125
 20
165.7657763671875
 10
127.82746582031251
 20
165.3394189453125
 10
127.72087646484377
 20
165.3394189453125
 10
127.50769775390626
 20
165.55259765625
 10
127.614287109375
 20
165.65918701171876
 10
127.614287109375
 20
168.96345703125002
  0
LWPOLYLINE
  5
607
330
17
100
AcDbEntity
  8
RASTER_TRACE
100
AcDbPolyline
 90
4
 70
1
 10
32.3234033203125
 20
168.96345703125002
 10
32.3234033203125
 20
168.85686767578125
 10
33.28270751953126
 20
168.85686767578125
 10
33.1761181640625
 20
168.96345703125002
  0
LWPOLYLINE
  5
608
330
17
100
AcDbEntity
  8
RASTER_TRACE
100
AcDbPolyline
 90
2
 70
1
 10
30.72456298828125
 20
168.96345703125002
 10
31.683867187500002
 20
168.96345703125002
  0
LWPOLYLINE
  5
609
330
17
100
AcDbEntity
  8
RASTER_TRACE
100
AcDbPolyline
 90
12
 70
1
 10
47.13932373046875
 20
169.07004638671873
 10
46.819555664062506
 20
168.75027832031247
 10
46.60637695312501
 20
168.3239208984375
 10
46.180019531250004
 20
168.3239208984375
 10
46.3931982421875
 20
168.3239208984375
 10
46.49978759765625
 20
168.21733154296874
 10
46.49978759765625
 20
168.00415283203125
 10
46.71296630859375
 20
168.21733154296874
 10
46.926145019531255
 20
168.1107421875
 10
46.926145019531255
 20
168.21733154296874
 10
46.819555664062506
 20
168.21733154296874
 10
46.71296630859375
 20
168.43051025390625
  0
LWPOLYLINE
  5
60A
330
17
100
AcDbEntity
  8
RASTER_TRACE
100
AcDbPolyline
 90
4
 70
1
 10
223.86447509765628
 20
169.1766357421875
 10
224.18424316406254
 20
168.85686767578125
 10
224.18424316406254
 20
168.96345703125002
 10
223.97106445312502
 20
169.1766357421875
  0
LWPOLYLINE
  5
60B
330
17
100
AcDbEntity
  8
RASTER_TRACE
100
AcDbPolyline
 90
4
 70
1
 10
165.34691894531252
 20
169.1766357421875
 10
165.56009765625
 20
169.07004638671873
 10
165.98645507812503
 20
169.07004638671873
 10
165.77327636718752
 20
169.1766357421875
  0
LWPOLYLINE
  5
60C
330
17
100
AcDbEntity
  8
RASTER_TRACE
100
AcDbPolyline
 90
56
 70
1
 10
131.98445068359376
 20
169.1766357421875
 10
131.34491455078125
 20
168.85686767578125
 10
130.70537841796875
 20
168.21733154296874
 10
130.5987890625
 20
168.00415283203125
 10
130.5987890625
 20
167.79097412109374
 10
130.49219970703126
 20
167.684384765625
 10
130.49219970703126
 20
167.36461669921874
 10
130.38561035156252
 20
167.25802734375
 10
129.319716796875
 20
167.25802734375
 10
129.21312744140627
 20
167.36461669921874
 10
129.21312744140627
 20
167.684384765625
 10
129.1065380859375
 20
167.684384765625
 10
129.1065380859375
 20
167.36461669921874
 10
128.99994873046876
 20
167.15143798828126
 10
129.1065380859375
 20
166.93825927734375
 10
129.21312744140627
 20
166.93825927734375
 10
129.319716796875
 20
167.15143798828126
 10
130.38561035156252
 20
167.15143798828126
 10
130.49219970703126
 20
167.0448486328125
 10
130.49219970703126
 20
166.6184912109375
 10
130.5987890625
 20
166.51190185546875
 10
130.5987890625
 20
166.29872314453127
 10
130.91855712890626
 20
165.87236572265624
 10
130.91855712890626
 20
165.7657763671875
 10
131.13173583984377
 20
165.65918701171876
 10
131.45150390625
 20
165.3394189453125
 10
131.6646826171875
 20
165.3394189453125
 10
131.77127197265625
 20
165.23282958984373
 10
131.98445068359376
 20
165.23282958984373
 10
132.41080810546876
 20
165.01965087890625
 10
132.41080810546876
 20
163.63398925781252
 10
132.5173974609375
 20
163.63398925781252
 10
132.5173974609375
 20
165.01965087890625
 10
132.62398681640627
 20
165.126240234375
 10
132.83716552734376
 20
165.126240234375
 10
132.9437548828125
 20
165.23282958984373
 10
133.15693359375
 20
165.23282958984373
 10
133.583291015625
 20
165.44600830078124
 10
134.11623779296875
 20
165.978955078125
 10
134.32941650390626
 20
166.40531249999998
 10
134.32941650390626
 20
166.6184912109375
 10
134.436005859375
 20
166.72508056640623
 10
134.436005859375
 20
167.0448486328125
 10
134.54259521484377
 20
167.15143798828126
 10
136.24802490234376
 20
167.15143798828126
 10
136.24802490234376
 20
167.25802734375
 10
134.54259521484377
 20
167.25802734375
 10
134.436005859375
 20
167.36461669921874
 10
134.436005859375
 20
167.57779541015623
 10
134.32941650390626
 20
167.684384765625
 10
134.32941650390626
 20
167.89756347656248
 10
134.11623779296875
 20
168.3239208984375
 10
133.583291015625
 20
168.85686767578125
 10
133.15693359375
 20
169.07004638671873
 10
132.9437548828125
 20
169.07004638671873
 10
132.83716552734376
 20
169.1766357421875
  0
LWPOLYLINE
  5
60D
330
17
100
AcDbEntity
  8
RASTER_TRACE
100
AcDbPolyline
 90
6
 70
1
 10
111.83906250000001
 20
169.1766357421875
 10
112.0522412109375
 20
169.07004638671873
 10
112.26541992187501
 20
169.07004638671873
 10
112.90495605468752
 20
168.64368896484376
 10
112.79836669921875
 20
168.85686767578125
 10
112.15883056640627
 20
169.1766357421875
  0
LWPOLYLINE
  5
60E
330
17
100
AcDbEntity
  8
RASTER_TRACE
100
AcDbPolyline
 90
4
 70
1
 10
111.09293701171876
 20
169.1766357421875
 10
110.87975830078125
 20
169.1766357421875
 10
110.45340087890625
 20
168.96345703125002
 10
110.24022216796877
 20
168.75027832031247
  0
LWPOLYLINE
  5
60F
330
17
100
AcDbEntity
  8
RASTER_TRACE
100
AcDbPolyline
 90
8
 70
1
 10
222.79858154296878
 20
169.38981445312498
 10
223.01176025390626
 20
169.1766357421875
 10
223.11834960937503
 20
168.85686767578125
 10
223.33152832031251
 20
168.64368896484376
 10
223.22493896484377
 20
168.43051025390625
 10
222.90517089843752
 20
168.43051025390625
 10
222.69199218750003
 20
168.64368896484376
 10
222.69199218750003
 20
169.28322509765624
  0
LWPOLYLINE
  5
610
330
17
100
AcDbEntity
  8
RASTER_TRACE
100
AcDbPolyline
 90
9
 70
1
 10
172.91476318359378
 20
169.28322509765624
 10
172.91476318359378
 20
168.64368896484376
 10
172.70158447265626
 20
168.537099609375
 10
173.02135253906252
 20
168.3239208984375
 10
173.23453125000003
 20
168.3239208984375
 10
173.66088867187503
 20
168.1107421875
 10
172.91476318359378
 20
168.537099609375
 10
173.02135253906252
 20
168.64368896484376
 10
173.02135253906252
 20
169.28322509765624
  0
LWPOLYLINE
  5
611
330
17
100
AcDbEntity
  8
RASTER_TRACE
100
AcDbPolyline
 90
7
 70
1
 10
171.52910156250002
 20
169.28322509765624
 10
171.52910156250002
 20
169.1766357421875
 10
171.63569091796876
 20
169.1766357421875
 10
171.955458984375
 20
168.85686767578125
 10
172.06204833984376
 20
168.85686767578125
 10
172.06204833984376
 20
168.96345703125002
 10
171.955458984375
 20
168.96345703125002
  0
LWPOLYLINE
  5
612
330
17
100
AcDbEntity
  8
RASTER_TRACE
100
AcDbPolyline
 90
7
 70
1
 10
52.46879150390625
 20
169.38981445312498
 10
51.722666015625
 20
169.07004638671873
 10
51.722666015625
 20
168.96345703125002
 10
51.82925537109375
 20
168.96345703125002
 10
52.04243408203126
 20
169.1766357421875
 10
52.255612792968755
 20
169.1766357421875
 10
52.46879150390625
 20
169.28322509765624
  0
LWPOLYLINE
  5
613
330
17
100
AcDbEntity
  8
RASTER_TRACE
100
AcDbPolyline
 90
6
 70
1
 10
164.0678466796875
 20
169.49640380859375
 10
164.49420410156253
 20
169.28322509765624
 10
164.81397216796876
 20
169.28322509765624
 10
164.70738281250001
 20
169.38981445312498
 10
164.38761474609376
 20
169.38981445312498
 10
164.28102539062502
 20
169.49640380859375
  0
LWPOLYLINE
  5
614
330
17
100
AcDbEntity
  8
RASTER_TRACE
100
AcDbPolyline
 90
25
 70
1
 10
115.67627929687501
 20
169.6029931640625
 10
115.78286865234375
 20
169.6029931640625
 10
115.88945800781252
 20
169.38981445312498
 10
115.78286865234375
 20
169.28322509765624
 10
115.78286865234375
 20
169.07004638671873
 10
115.56968994140627
 20
168.85686767578125
 10
115.56968994140627
 20
167.36461669921874
 10
115.35651123046875
 20
167.25802734375
 10
115.35651123046875
 20
167.15143798828126
 10
115.56968994140627
 20
167.0448486328125
 10
115.56968994140627
 20
165.55259765625
 10
115.4631005859375
 20
165.44600830078124
 10
115.56968994140627
 20
165.44600830078124
 10
115.78286865234375
 20
165.23282958984373
 10
115.78286865234375
 20
165.01965087890625
 10
115.88945800781252
 20
164.91306152343748
 10
115.78286865234375
 20
164.6998828125
 10
115.24992187500001
 20
165.23282958984373
 10
115.14333251953127
 20
165.44600830078124
 10
115.14333251953127
 20
165.7657763671875
 10
115.0367431640625
 20
165.87236572265624
 10
115.0367431640625
 20
168.43051025390625
 10
115.14333251953127
 20
168.537099609375
 10
115.14333251953127
 20
168.85686767578125
 10
115.35651123046875
 20
169.28322509765624
  0
LWPOLYLINE
  5
615
330
17
100
AcDbEntity
  8
RASTER_TRACE
100
AcDbPolyline
 90
9
 70
1
 10
114.07743896484376
 20
169.49640380859375
 10
113.970849609375
 20
169.38981445312498
 10
113.970849609375
 20
169.07004638671873
 10
113.86426025390625
 20
168.96345703125002
 10
113.86426025390625
 20
168.1107421875
 10
113.86426025390625
 20
168.64368896484376
 10
113.970849609375
 20
168.75027832031247
 10
113.970849609375
 20
169.1766357421875
 10
114.07743896484376
 20
169.28322509765624
  0
LWPOLYLINE
  5
616
330
17
100
AcDbEntity
  8
RASTER_TRACE
100
AcDbPolyline
 90
4
 70
1
 10
189.22293457031253
 20
169.70958251953124
 10
189.43611328125002
 20
169.49640380859375
 10
189.862470703125
 20
169.28322509765624
 10
189.54270263671876
 20
169.6029931640625
  0
LWPOLYLINE
  5
617
330
17
100
AcDbEntity
  8
RASTER_TRACE
100
AcDbPolyline
 90
4
 70
1
 10
162.89536376953126
 20
169.70958251953124
 10
163.10854248046877
 20
169.6029931640625
 10
163.53489990234377
 20
169.6029931640625
 10
163.32172119140625
 20
169.70958251953124
  0
LWPOLYLINE
  5
618
330
17
100
AcDbEntity
  8
RASTER_TRACE
100
AcDbPolyline
 90
2
 70
1
 10
144.56199462890626
 20
169.70958251953124
 10
144.56199462890626
 20
168.96345703125002
  0
LWPOLYLINE
  5
619
330
17
100
AcDbEntity
  8
RASTER_TRACE
100
AcDbPolyline
 90
2
 70
1
 10
97.5560888671875
 20
169.70958251953124
 10
97.5560888671875
 20
168.96345703125002
  0
LWPOLYLINE
  5
61A
330
17
100
AcDbEntity
  8
RASTER_TRACE
100
AcDbPolyline
 90
4
 70
1
 10
128.46700195312502
 20
169.816171875
 10
128.89335937500002
 20
168.96345703125002
 10
128.89335937500002
 20
169.1766357421875
 10
128.6801806640625
 20
169.6029931640625
  0
LWPOLYLINE
  5
61B
330
17
100
AcDbEntity
  8
RASTER_TRACE
100
AcDbPolyline
 90
16
 70
1
 10
125.16273193359376
 20
169.816171875
 10
125.2693212890625
 20
169.92276123046875
 10
125.48250000000002
 20
169.92276123046875
 10
125.58908935546876
 20
169.816171875
 10
126.22862548828127
 20
169.816171875
 10
126.33521484375001
 20
169.70958251953124
 10
126.97475097656252
 20
169.70958251953124
 10
127.40110839843751
 20
169.49640380859375
 10
127.72087646484377
 20
169.1766357421875
 10
127.72087646484377
 20
169.07004638671873
 10
127.50769775390626
 20
168.96345703125002
 10
126.97475097656252
 20
169.38981445312498
 10
126.86816162109375
 20
169.28322509765624
 10
126.65498291015626
 20
169.38981445312498
 10
125.48250000000002
 20
169.38981445312498
 10
125.16273193359376
 20
169.6029931640625
  0
LWPOLYLINE
  5
61C
330
17
100
AcDbEntity
  8
RASTER_TRACE
100
AcDbPolyline
 90
4
 70
1
 10
121.53869384765625
 20
169.816171875
 10
121.53869384765625
 20
169.28322509765624
 10
121.64528320312502
 20
169.28322509765624
 10
121.64528320312502
 20
169.816171875
  0
LWPOLYLINE
  5
61D
330
17
100
AcDbEntity
  8
RASTER_TRACE
100
AcDbPolyline
 90
9
 70
1
 10
53.854453125000006
 20
169.816171875
 10
53.6412744140625
 20
169.816171875
 10
53.53468505859375
 20
169.70958251953124
 10
53.001738281250006
 20
169.6029931640625
 10
53.001738281250006
 20
169.49640380859375
 10
53.214916992187504
 20
169.6029931640625
 10
53.428095703125
 20
169.6029931640625
 10
53.53468505859375
 20
169.70958251953124
 10
53.854453125000006
 20
169.70958251953124
  0
LWPOLYLINE
  5
61E
330
17
100
AcDbEntity
  8
RASTER_TRACE
100
AcDbPolyline
 90
2
 70
1
 10
180.37601806640626
 20
169.92276123046875
 10
181.01555419921877
 20
169.92276123046875
  0
LWPOLYLINE
  5
61F
330
17
100
AcDbEntity
  8
RASTER_TRACE
100
AcDbPolyline
 90
4
 70
1
 10
181.65509033203128
 20
169.92276123046875
 10
182.08144775390628
 20
169.92276123046875
 10
182.29462646484376
 20
170.0293505859375
 10
181.65509033203128
 20
170.0293505859375
  0
LWPOLYLINE
  5
620
330
17
100
AcDbEntity
  8
RASTER_TRACE
100
AcDbPolyline
 90
4
 70
1
 10
179.09694580078127
 20
170.0293505859375
 10
179.09694580078127
 20
169.92276123046875
 10
179.73648193359378
 20
169.92276123046875
 10
179.20353515625
 20
169.92276123046875
  0
LWPOLYLINE
  5
621
330
17
100
AcDbEntity
  8
RASTER_TRACE
100
AcDbPolyline
 90
4
 70
1
 10
177.81787353515628
 20
170.0293505859375
 10
178.03105224609376
 20
169.92276123046875
 10
178.45740966796876
 20
169.92276123046875
 10
178.45740966796876
 20
170.0293505859375
  0
LWPOLYLINE
  5
622
330
17
100
AcDbEntity
  8
RASTER_TRACE
100
AcDbPolyline
 90
7
 70
1
 10
161.722880859375
 20
170.0293505859375
 10
161.722880859375
 20
169.92276123046875
 10
162.04264892578126
 20
169.92276123046875
 10
162.14923828125
 20
169.816171875
 10
162.36241699218752
 20
169.816171875
 10
162.25582763671878
 20
169.92276123046875
 10
161.93605957031252
 20
169.92276123046875
  0
LWPOLYLINE
  5
623
330
17
100
AcDbEntity
  8
RASTER_TRACE
100
AcDbPolyline
 90
12
 70
1
 10
118.12783447265625
 20
169.816171875
 10
118.12783447265625
 20
169.70958251953124
 10
117.80806640625002
 20
169.49640380859375
 10
116.20922607421875
 20
169.49640380859375
 10
116.10263671875
 20
169.38981445312498
 10
115.88945800781252
 20
169.49640380859375
 10
115.88945800781252
 20
169.70958251953124
 10
116.31581542968752
 20
169.92276123046875
 10
117.16853027343751
 20
169.92276123046875
 10
117.27511962890625
 20
170.0293505859375
 10
117.80806640625002
 20
170.0293505859375
 10
117.91465576171876
 20
170.13593994140626
  0
LWPOLYLINE
  5
624
330
17
100
AcDbEntity
  8
RASTER_TRACE
100
AcDbPolyline
 90
6
 70
1
 10
54.280810546875
 20
169.92276123046875
 10
54.70716796875001
 20
169.92276123046875
 10
54.813757324218756
 20
170.0293505859375
 10
55.133525390625
 20
170.0293505859375
 10
54.60057861328125
 20
170.0293505859375
 10
54.4939892578125
 20
169.92276123046875
  0
LWPOLYLINE
  5
625
330
17
100
AcDbEntity
  8
RASTER_TRACE
100
AcDbPolyline
 90
4
 70
1
 10
47.99203857421875
 20
170.0293505859375
 10
47.885449218750004
 20
170.0293505859375
 10
47.459091796875
 20
169.6029931640625
 10
47.459091796875
 20
169.49640380859375
  0
LWPOLYLINE
  5
626
330
17
100
AcDbEntity
  8
RASTER_TRACE
100
AcDbPolyline
 90
4
 70
1
 10
188.15704101562503
 20
170.13593994140626
 10
188.26363037109377
 20
170.0293505859375
 10
188.7965771484375
 20
169.92276123046875
 10
188.68998779296876
 20
170.0293505859375
  0
LWPOLYLINE
  5
627
330
17
100
AcDbEntity
  8
RASTER_TRACE
100
AcDbPolyline
 90
5
 70
1
 10
176.43221191406252
 20
170.13593994140626
 10
176.85856933593752
 20
170.13593994140626
 10
176.96515869140626
 20
170.0293505859375
 10
177.17833740234377
 20
170.0293505859375
 10
177.17833740234377
 20
170.13593994140626
  0
LWPOLYLINE
  5
628
330
17
100
AcDbEntity
  8
RASTER_TRACE
100
AcDbPolyline
 90
7
 70
1
 10
183.57369873046878
 20
170.13593994140626
 10
183.467109375
 20
170.24252929687498
 10
183.36052001953126
 20
170.13593994140626
 10
182.82757324218753
 20
170.13593994140626
 10
182.82757324218753
 20
170.0293505859375
 10
183.040751953125
 20
170.0293505859375
 10
183.14734130859378
 20
170.13593994140626
  0
LWPOLYLINE
  5
629
330
17
100
AcDbEntity
  8
RASTER_TRACE
100
AcDbPolyline
 90
5
 70
1
 10
170.56979736328128
 20
170.24252929687498
 10
170.67638671875002
 20
169.92276123046875
 10
171.10274414062502
 20
169.6029931640625
 10
171.10274414062502
 20
169.70958251953124
 10
170.8895654296875
 20
169.816171875
  0
LWPOLYLINE
  5
62A
330
17
100
AcDbEntity
  8
RASTER_TRACE
100
AcDbPolyline
 90
7
 70
1
 10
160.55039794921876
 20
170.24252929687498
 10
160.6569873046875
 20
170.13593994140626
 10
160.97675537109376
 20
170.13593994140626
 10
161.18993408203127
 20
170.0293505859375
 10
161.18993408203127
 20
170.13593994140626
 10
160.87016601562502
 20
170.13593994140626
 10
160.76357666015628
 20
170.24252929687498
  0
LWPOLYLINE
  5
62B
330
17
100
AcDbEntity
  8
RASTER_TRACE
100
AcDbPolyline
 90
5
 70
1
 10
184.10664550781252
 20
170.24252929687498
 10
184.63959228515628
 20
170.24252929687498
 10
184.74618164062503
 20
170.34911865234375
 10
185.06594970703128
 20
170.34911865234375
 10
184.31982421875003
 20
170.34911865234375
  0
LWPOLYLINE
  5
62C
330
17
100
AcDbEntity
  8
RASTER_TRACE
100
AcDbPolyline
 90
5
 70
1
 10
175.15313964843753
 20
170.34911865234375
 10
175.25972900390627
 20
170.24252929687498
 10
175.89926513671878
 20
170.24252929687498
 10
175.68608642578127
 20
170.24252929687498
 10
175.57949707031253
 20
170.34911865234375
  0
LWPOLYLINE
  5
62D
330
17
100
AcDbEntity
  8
RASTER_TRACE
100
AcDbPolyline
 90
60
 70
1
 10
111.6258837890625
 20
170.34911865234375
 10
111.6258837890625
 20
169.38981445312498
 10
111.41270507812501
 20
169.28322509765624
 10
111.41270507812501
 20
169.1766357421875
 10
111.6258837890625
 20
169.07004638671873
 10
111.6258837890625
 20
168.64368896484376
 10
111.51929443359376
 20
168.537099609375
 10
111.1995263671875
 20
168.537099609375
 10
110.7731689453125
 20
168.3239208984375
 10
110.34681152343751
 20
167.89756347656248
 10
110.24022216796877
 20
167.684384765625
 10
110.24022216796877
 20
167.4712060546875
 10
110.02704345703125
 20
167.25802734375
 10
109.707275390625
 20
167.25802734375
 10
109.707275390625
 20
167.15143798828126
 10
110.02704345703125
 20
167.15143798828126
 10
110.1336328125
 20
167.0448486328125
 10
110.34681152343751
 20
166.40531249999998
 10
110.7731689453125
 20
165.978955078125
 10
111.1995263671875
 20
165.7657763671875
 10
111.51929443359376
 20
165.7657763671875
 10
111.6258837890625
 20
165.65918701171876
 10
111.6258837890625
 20
165.23282958984373
 10
111.51929443359376
 20
165.126240234375
 10
111.30611572265624
 20
165.126240234375
 10
111.51929443359376
 20
165.126240234375
 10
111.6258837890625
 20
165.01965087890625
 10
111.6258837890625
 20
163.95375732421874
 10
111.6258837890625
 20
165.65918701171876
 10
111.94565185546875
 20
165.87236572265624
 10
112.15883056640627
 20
165.87236572265624
 10
112.37200927734375
 20
165.978955078125
 10
112.69177734375
 20
166.29872314453127
 10
112.90495605468752
 20
166.72508056640623
 10
112.90495605468752
 20
167.0448486328125
 10
113.01154541015626
 20
167.15143798828126
 10
113.65108154296877
 20
167.15143798828126
 10
113.75767089843751
 20
166.93825927734375
 10
113.86426025390625
 20
166.93825927734375
 10
113.970849609375
 20
167.15143798828126
 10
114.29061767578125
 20
167.15143798828126
 10
114.29061767578125
 20
167.25802734375
 10
113.970849609375
 20
167.25802734375
 10
113.86426025390625
 20
167.36461669921874
 10
113.86426025390625
 20
167.57779541015623
 10
113.75767089843751
 20
167.57779541015623
 10
113.75767089843751
 20
167.36461669921874
 10
113.65108154296877
 20
167.25802734375
 10
113.5444921875
 20
167.36461669921874
 10
113.5444921875
 20
167.57779541015623
 10
113.5444921875
 20
167.36461669921874
 10
113.43790283203126
 20
167.25802734375
 10
113.01154541015626
 20
167.25802734375
 10
112.90495605468752
 20
167.36461669921874
 10
112.90495605468752
 20
167.684384765625
 10
112.79836669921875
 20
167.89756347656248
 10
112.37200927734375
 20
168.3239208984375
 10
112.15883056640627
 20
168.43051025390625
 10
111.94565185546875
 20
168.43051025390625
 10
111.6258837890625
 20
168.64368896484376
  0
LWPOLYLINE
  5
62E
330
17
100
AcDbEntity
  8
RASTER_TRACE
100
AcDbPolyline
 90
4
 70
1
 10
57.15872314453125
 20
170.24252929687498
 10
58.01143798828125
 20
170.24252929687498
 10
58.11802734375
 20
170.34911865234375
 10
57.2653125
 20
170.34911865234375
  0
LWPOLYLINE
  5
62F
330
17
100
AcDbEntity
  8
RASTER_TRACE
100
AcDbPolyline
 90
5
 70
1
 10
186.87796875
 20
170.4557080078125
 10
186.87796875
 20
170.34911865234375
 10
187.62409423828126
 20
170.24252929687498
 10
187.51750488281252
 20
170.34911865234375
 10
186.98455810546878
 20
170.34911865234375
  0
LWPOLYLINE
  5
630
330
17
100
AcDbEntity
  8
RASTER_TRACE
100
AcDbPolyline
 90
4
 70
1
 10
185.59889648437502
 20
170.4557080078125
 10
185.59889648437502
 20
170.34911865234375
 10
186.34502197265627
 20
170.34911865234375
 10
186.34502197265627
 20
170.4557080078125
  0
LWPOLYLINE
  5
631
330
17
100
AcDbEntity
  8
RASTER_TRACE
100
AcDbPolyline
 90
3
 70
1
 10
173.8740673828125
 20
170.4557080078125
 10
174.62019287109376
 20
170.34911865234375
 10
174.62019287109376
 20
170.4557080078125
  0
LWPOLYLINE
  5
632
330
17
100
AcDbEntity
  8
RASTER_TRACE
100
AcDbPolyline
 90
4
 70
1
 10
159.37791503906251
 20
170.4557080078125
 10
159.59109375000003
 20
170.34911865234375
 10
160.01745117187502
 20
170.34911865234375
 10
159.8042724609375
 20
170.4557080078125
  0
LWPOLYLINE
  5
633
330
17
100
AcDbEntity
  8
RASTER_TRACE
100
AcDbPolyline
 90
4
 70
1
 10
59.82345703125
 20
170.34911865234375
 10
60.56958251953125
 20
170.34911865234375
 10
60.676171875
 20
170.4557080078125
 10
59.82345703125
 20
170.4557080078125
  0
LWPOLYLINE
  5
634
330
17
100
AcDbEntity
  8
RASTER_TRACE
100
AcDbPolyline
 90
4
 70
1
 10
59.397099609375005
 20
170.34911865234375
 10
59.290510253906255
 20
170.4557080078125
 10
59.07733154296876
 20
170.34911865234375
 10
58.544384765625004
 20
170.34911865234375
  0
LWPOLYLINE
  5
635
330
17
100
AcDbEntity
  8
RASTER_TRACE
100
AcDbPolyline
 90
2
 70
1
 10
63.767263183593755
 20
170.56229736328123
 10
64.513388671875
 20
170.56229736328123
  0
LWPOLYLINE
  5
636
330
17
100
AcDbEntity
  8
RASTER_TRACE
100
AcDbPolyline
 90
4
 70
1
 10
62.48819091796875
 20
170.56229736328123
 10
62.48819091796875
 20
170.4557080078125
 10
63.23431640625
 20
170.4557080078125
 10
63.23431640625
 20
170.56229736328123
  0
LWPOLYLINE
  5
637
330
17
100
AcDbEntity
  8
RASTER_TRACE
100
AcDbPolyline
 90
4
 70
1
 10
61.955244140625005
 20
170.4557080078125
 10
61.848654785156256
 20
170.56229736328123
 10
61.74206542968751
 20
170.4557080078125
 10
61.102529296875005
 20
170.4557080078125
  0
LWPOLYLINE
  5
638
330
17
100
AcDbEntity
  8
RASTER_TRACE
100
AcDbPolyline
 90
6
 70
1
 10
127.614287109375
 20
170.66888671875
 10
128.14723388671877
 20
170.13593994140626
 10
128.2538232421875
 20
170.13593994140626
 10
128.14723388671877
 20
170.34911865234375
 10
128.04064453125
 20
170.34911865234375
 10
127.72087646484377
 20
170.66888671875
  0
LWPOLYLINE
  5
639
330
17
100
AcDbEntity
  8
RASTER_TRACE
100
AcDbPolyline
 90
64
 70
1
 10
115.78286865234375
 20
168.64368896484376
 10
115.88945800781252
 20
168.75027832031247
 10
115.88945800781252
 20
168.96345703125002
 10
116.20922607421875
 20
169.28322509765624
 10
117.70147705078125
 20
169.28322509765624
 10
117.80806640625002
 20
169.38981445312498
 10
118.12783447265625
 20
169.38981445312498
 10
118.4476025390625
 20
169.6029931640625
 10
118.66078125000001
 20
169.92276123046875
 10
118.76737060546876
 20
169.92276123046875
 10
119.19372802734375
 20
170.34911865234375
 10
119.72667480468752
 20
170.66888671875
 10
121.4321044921875
 20
170.77547607421874
 10
121.53869384765625
 20
170.66888671875
 10
121.53869384765625
 20
170.24252929687498
 10
121.64528320312502
 20
170.24252929687498
 10
121.64528320312502
 20
170.66888671875
 10
121.75187255859376
 20
170.77547607421874
 10
122.7111767578125
 20
170.77547607421874
 10
122.81776611328127
 20
170.66888671875
 10
123.350712890625
 20
170.66888671875
 10
124.203427734375
 20
170.24252929687498
 10
125.16273193359376
 20
169.28322509765624
 10
125.37591064453125
 20
169.28322509765624
 10
125.48250000000002
 20
169.1766357421875
 10
126.761572265625
 20
169.1766357421875
 10
126.86816162109375
 20
169.07004638671873
 10
127.08134033203126
 20
169.07004638671873
 10
127.40110839843751
 20
168.75027832031247
 10
127.40110839843751
 20
167.4712060546875
 10
127.50769775390626
 20
167.36461669921874
 10
127.29451904296877
 20
167.25802734375
 10
127.40110839843751
 20
167.0448486328125
 10
127.40110839843751
 20
165.55259765625
 10
127.08134033203126
 20
165.23282958984373
 10
126.86816162109375
 20
165.23282958984373
 10
126.761572265625
 20
165.126240234375
 10
125.37591064453125
 20
165.126240234375
 10
124.73637451171876
 20
164.59329345703125
 10
124.62978515625002
 20
164.59329345703125
 10
123.99024902343751
 20
163.95375732421874
 10
123.56389160156252
 20
163.74057861328123
 10
123.24412353515626
 20
163.74057861328123
 10
123.13753417968752
 20
163.63398925781252
 10
121.75187255859376
 20
163.63398925781252
 10
121.64528320312502
 20
163.74057861328123
 10
121.64528320312502
 20
164.59329345703125
 10
121.53869384765625
 20
164.59329345703125
 10
121.53869384765625
 20
163.63398925781252
 10
121.4321044921875
 20
163.52739990234375
 10
121.32551513671876
 20
163.63398925781252
 10
120.15303222656252
 20
163.63398925781252
 10
119.08713867187501
 20
164.16693603515625
 10
118.34101318359376
 20
164.91306152343748
 10
118.12783447265625
 20
165.01965087890625
 10
116.42240478515626
 20
165.01965087890625
 10
115.88945800781252
 20
165.44600830078124
 10
115.88945800781252
 20
167.0448486328125
 10
115.99604736328126
 20
167.15143798828126
 10
118.0212451171875
 20
167.15143798828126
 10
118.0212451171875
 20
167.25802734375
 10
115.99604736328126
 20
167.25802734375
 10
115.88945800781252
 20
167.36461669921874
 10
115.88945800781252
 20
168.43051025390625
  0
LWPOLYLINE
  5
63A
330
17
100
AcDbEntity
  8
RASTER_TRACE
100
AcDbPolyline
 90
4
 70
1
 10
114.71697509765625
 20
170.66888671875
 10
114.39720703125002
 20
170.34911865234375
 10
114.29061767578125
 20
170.0293505859375
 10
114.50379638671876
 20
170.24252929687498
  0
LWPOLYLINE
  5
63B
330
17
100
AcDbEntity
  8
RASTER_TRACE
100
AcDbPolyline
 90
2
 70
1
 10
66.32540771484375
 20
170.66888671875
 10
67.071533203125
 20
170.66888671875
  0
LWPOLYLINE
  5
63C
330
17
100
AcDbEntity
  8
RASTER_TRACE
100
AcDbPolyline
 90
4
 70
1
 10
65.04633544921876
 20
170.66888671875
 10
65.04633544921876
 20
170.56229736328123
 10
65.79246093750001
 20
170.56229736328123
 10
65.79246093750001
 20
170.66888671875
  0
LWPOLYLINE
  5
63D
330
17
100
AcDbEntity
  8
RASTER_TRACE
100
AcDbPolyline
 90
9
 70
1
 10
172.48840576171878
 20
170.77547607421874
 10
172.91476318359378
 20
170.4557080078125
 10
172.91476318359378
 20
169.816171875
 10
172.91476318359378
 20
170.4557080078125
 10
173.02135253906252
 20
170.56229736328123
 10
173.34112060546877
 20
170.56229736328123
 10
173.02135253906252
 20
170.56229736328123
 10
172.91476318359378
 20
170.66888671875
 10
172.70158447265626
 20
170.66888671875
  0
LWPOLYLINE
  5
63E
330
17
100
AcDbEntity
  8
RASTER_TRACE
100
AcDbPolyline
 90
7
 70
1
 10
158.20543212890627
 20
170.77547607421874
 10
158.312021484375
 20
170.66888671875
 10
158.63178955078126
 20
170.66888671875
 10
158.84496826171878
 20
170.56229736328123
 10
158.84496826171878
 20
170.66888671875
 10
158.52520019531252
 20
170.66888671875
 10
158.41861083984378
 20
170.77547607421874
  0
LWPOLYLINE
  5
63F
330
17
100
AcDbEntity
  8
RASTER_TRACE
100
AcDbPolyline
 90
2
 70
1
 10
68.88355224609376
 20
170.77547607421874
 10
69.62967773437501
 20
170.77547607421874
  0
LWPOLYLINE
  5
640
330
17
100
AcDbEntity
  8
RASTER_TRACE
100
AcDbPolyline
 90
4
 70
1
 10
67.60447998046875
 20
170.77547607421874
 10
67.60447998046875
 20
170.66888671875
 10
68.35060546875
 20
170.66888671875
 10
68.35060546875
 20
170.77547607421874
  0
LWPOLYLINE
  5
641
330
17
100
AcDbEntity
  8
RASTER_TRACE
100
AcDbPolyline
 90
7
 70
1
 10
49.05793212890625
 20
170.77547607421874
 10
48.738164062500005
 20
170.66888671875
 10
48.524985351562506
 20
170.4557080078125
 10
48.41839599609375
 20
170.4557080078125
 10
48.41839599609375
 20
170.34911865234375
 10
48.524985351562506
 20
170.34911865234375
 10
48.844753417968754
 20
170.66888671875
  0
LWPOLYLINE
  5
642
330
17
100
AcDbEntity
  8
RASTER_TRACE
100
AcDbPolyline
 90
4
 70
1
 10
132.5173974609375
 20
170.8820654296875
 10
132.41080810546876
 20
170.77547607421874
 10
132.41080810546876
 20
169.38981445312498
 10
132.5173974609375
 20
169.38981445312498
  0
LWPOLYLINE
  5
643
330
17
100
AcDbEntity
  8
RASTER_TRACE
100
AcDbPolyline
 90
2
 70
1
 10
71.44169677734376
 20
170.8820654296875
 10
72.29441162109376
 20
170.8820654296875
  0
LWPOLYLINE
  5
644
330
17
100
AcDbEntity
  8
RASTER_TRACE
100
AcDbPolyline
 90
4
 70
1
 10
70.16262451171875
 20
170.8820654296875
 10
70.16262451171875
 20
170.77547607421874
 10
70.90875
 20
170.77547607421874
 10
70.90875
 20
170.8820654296875
  0
LWPOLYLINE
  5
645
330
17
100
AcDbEntity
  8
RASTER_TRACE
100
AcDbPolyline
 90
4
 70
1
 10
74.10643066406251
 20
170.8820654296875
 10
74.319609375
 20
170.98865478515626
 10
74.85255615234375
 20
170.98865478515626
 10
74.10643066406251
 20
170.98865478515626
  0
LWPOLYLINE
  5
646
330
17
100
AcDbEntity
  8
RASTER_TRACE
100
AcDbPolyline
 90
4
 70
1
 10
72.72076904296875
 20
170.8820654296875
 10
73.57348388671875
 20
170.8820654296875
 10
73.57348388671875
 20
170.98865478515626
 10
72.8273583984375
 20
170.98865478515626
  0
LWPOLYLINE
  5
647
330
17
100
AcDbEntity
  8
RASTER_TRACE
100
AcDbPolyline
 90
10
 70
1
 10
56.732365722656255
 20
170.24252929687498
 10
56.519187011718756
 20
170.24252929687498
 10
56.30600830078125
 20
170.4557080078125
 10
56.30600830078125
 20
170.98865478515626
 10
56.30600830078125
 20
170.34911865234375
 10
56.1994189453125
 20
170.24252929687498
 10
55.879650878906254
 20
170.24252929687498
 10
55.666472167968756
 20
170.13593994140626
 10
56.41259765625001
 20
170.13593994140626
 10
56.519187011718756
 20
170.24252929687498
  0
LWPOLYLINE
  5
648
330
17
100
AcDbEntity
  8
RASTER_TRACE
100
AcDbPolyline
 90
4
 70
1
 10
169.71708251953126
 20
171.095244140625
 10
169.71708251953126
 20
170.98865478515626
 10
170.14343994140626
 20
170.56229736328123
 10
170.14343994140626
 20
170.66888671875
  0
LWPOLYLINE
  5
649
330
17
100
AcDbEntity
  8
RASTER_TRACE
100
AcDbPolyline
 90
7
 70
1
 10
157.03294921875002
 20
171.095244140625
 10
157.03294921875002
 20
170.98865478515626
 10
157.24612792968753
 20
170.98865478515626
 10
157.35271728515627
 20
170.8820654296875
 10
157.67248535156253
 20
170.8820654296875
 10
157.56589599609376
 20
170.98865478515626
 10
157.24612792968753
 20
170.98865478515626
  0
LWPOLYLINE
  5
64A
330
17
100
AcDbEntity
  8
RASTER_TRACE
100
AcDbPolyline
 90
2
 70
1
 10
144.56199462890626
 20
171.095244140625
 10
144.56199462890626
 20
170.34911865234375
  0
LWPOLYLINE
  5
64B
330
17
100
AcDbEntity
  8
RASTER_TRACE
100
AcDbPolyline
 90
2
 70
1
 10
97.5560888671875
 20
171.095244140625
 10
97.5560888671875
 20
170.34911865234375
  0
LWPOLYLINE
  5
64C
330
17
100
AcDbEntity
  8
RASTER_TRACE
100
AcDbPolyline
 90
2
 70
1
 10
86.0444384765625
 20
171.095244140625
 10
86.79056396484376
 20
171.095244140625
  0
LWPOLYLINE
  5
64D
330
17
100
AcDbEntity
  8
RASTER_TRACE
100
AcDbPolyline
 90
2
 70
1
 10
77.94364746093751
 20
171.095244140625
 10
78.68977294921876
 20
171.095244140625
  0
LWPOLYLINE
  5
64E
330
17
100
AcDbEntity
  8
RASTER_TRACE
100
AcDbPolyline
 90
4
 70
1
 10
76.66457519531251
 20
170.98865478515626
 10
77.19752197265626
 20
170.98865478515626
 10
77.41070068359375
 20
171.095244140625
 10
76.66457519531251
 20
171.095244140625
  0
LWPOLYLINE
  5
64F
330
17
100
AcDbEntity
  8
RASTER_TRACE
100
AcDbPolyline
 90
5
 70
1
 10
76.13162841796876
 20
171.095244140625
 10
75.91844970703126
 20
171.095244140625
 10
75.8118603515625
 20
170.98865478515626
 10
75.3855029296875
 20
170.98865478515626
 10
76.13162841796876
 20
170.98865478515626
  0
LWPOLYLINE
  5
650
330
17
100
AcDbEntity
  8
RASTER_TRACE
100
AcDbPolyline
 90
5
 70
1
 10
126.54839355468752
 20
171.20183349609374
 10
127.08134033203126
 20
170.8820654296875
 10
127.29451904296877
 20
170.8820654296875
 10
126.97475097656252
 20
171.095244140625
 10
126.761572265625
 20
171.095244140625
  0
LWPOLYLINE
  5
651
330
17
100
AcDbEntity
  8
RASTER_TRACE
100
AcDbPolyline
 90
4
 70
1
 10
87.3235107421875
 20
171.20183349609374
 10
87.3235107421875
 20
171.095244140625
 10
88.06963623046875
 20
171.095244140625
 10
88.06963623046875
 20
171.20183349609374
  0
LWPOLYLINE
  5
652
330
17
100
AcDbEntity
  8
RASTER_TRACE
100
AcDbPolyline
 90
4
 70
1
 10
84.65877685546874
 20
171.095244140625
 10
85.40490234375
 20
171.095244140625
 10
84.87195556640626
 20
171.095244140625
 10
84.76536621093751
 20
171.20183349609374
  0
LWPOLYLINE
  5
653
330
17
100
AcDbEntity
  8
RASTER_TRACE
100
AcDbPolyline
 90
4
 70
1
 10
83.37970458984375
 20
171.20183349609374
 10
83.37970458984375
 20
171.095244140625
 10
84.125830078125
 20
171.095244140625
 10
84.01924072265626
 20
171.20183349609374
  0
LWPOLYLINE
  5
654
330
17
100
AcDbEntity
  8
RASTER_TRACE
100
AcDbPolyline
 90
4
 70
1
 10
82.10063232421876
 20
171.20183349609374
 10
82.10063232421876
 20
171.095244140625
 10
82.74016845703125
 20
171.095244140625
 10
82.74016845703125
 20
171.20183349609374
  0
LWPOLYLINE
  5
655
330
17
100
AcDbEntity
  8
RASTER_TRACE
100
AcDbPolyline
 90
4
 70
1
 10
80.714970703125
 20
171.095244140625
 10
81.46109619140626
 20
171.095244140625
 10
81.46109619140626
 20
171.20183349609374
 10
80.82156005859375
 20
171.20183349609374
  0
LWPOLYLINE
  5
656
330
17
100
AcDbEntity
  8
RASTER_TRACE
100
AcDbPolyline
 90
4
 70
1
 10
171.31592285156253
 20
171.3084228515625
 10
171.955458984375
 20
170.98865478515626
 10
171.955458984375
 20
171.095244140625
 10
171.52910156250002
 20
171.3084228515625
  0
LWPOLYLINE
  5
657
330
17
100
AcDbEntity
  8
RASTER_TRACE
100
AcDbPolyline
 90
6
 70
1
 10
155.75387695312503
 20
171.3084228515625
 10
155.9670556640625
 20
171.3084228515625
 10
156.3934130859375
 20
171.095244140625
 10
156.50000244140628
 20
171.20183349609374
 10
156.28682373046877
 20
171.20183349609374
 10
156.18023437500003
 20
171.3084228515625
  0
LWPOLYLINE
  5
658
330
17
100
AcDbEntity
  8
RASTER_TRACE
100
AcDbPolyline
 90
39
 70
1
 10
118.0212451171875
 20
170.13593994140626
 10
118.8739599609375
 20
170.8820654296875
 10
119.72667480468752
 20
171.3084228515625
 10
120.3662109375
 20
171.3084228515625
 10
120.47280029296877
 20
171.41501220703122
 10
122.60458740234375
 20
171.41501220703122
 10
122.7111767578125
 20
171.3084228515625
 10
123.24412353515626
 20
171.3084228515625
 10
123.350712890625
 20
171.20183349609374
 10
123.67048095703126
 20
171.20183349609374
 10
123.7770703125
 20
171.095244140625
 10
123.99024902343751
 20
171.095244140625
 10
124.203427734375
 20
170.98865478515626
 10
124.41660644531251
 20
170.77547607421874
 10
124.52319580078125
 20
170.77547607421874
 10
125.2693212890625
 20
170.0293505859375
 10
125.05614257812502
 20
169.70958251953124
 10
124.52319580078125
 20
170.24252929687498
 10
124.09683837890626
 20
170.4557080078125
 10
123.7770703125
 20
170.77547607421874
 10
123.88365966796877
 20
170.8820654296875
 10
123.67048095703126
 20
170.77547607421874
 10
123.350712890625
 20
170.77547607421874
 10
123.24412353515626
 20
170.8820654296875
 10
122.60458740234375
 20
170.8820654296875
 10
122.49799804687501
 20
170.98865478515626
 10
121.75187255859376
 20
170.98865478515626
 10
121.64528320312502
 20
171.20183349609374
 10
121.4321044921875
 20
170.98865478515626
 10
120.47280029296877
 20
170.98865478515626
 10
120.3662109375
 20
170.8820654296875
 10
119.83326416015626
 20
170.8820654296875
 10
119.72667480468752
 20
170.77547607421874
 10
119.51349609375
 20
170.77547607421874
 10
119.3003173828125
 20
170.8820654296875
 10
119.3003173828125
 20
170.66888671875
 10
118.34101318359376
 20
169.816171875
 10
118.23442382812502
 20
169.816171875
 10
118.0212451171875
 20
170.0293505859375
  0
LWPOLYLINE
  5
659
330
17
100
AcDbEntity
  8
RASTER_TRACE
100
AcDbPolyline
 90
6
 70
1
 10
89.4552978515625
 20
171.20183349609374
 10
89.34870849609376
 20
171.3084228515625
 10
89.13552978515625
 20
171.20183349609374
 10
88.60258300781251
 20
171.20183349609374
 10
88.70917236328125
 20
171.095244140625
 10
88.92235107421877
 20
171.20183349609374
  0
LWPOLYLINE
  5
65A
330
17
100
AcDbEntity
  8
RASTER_TRACE
100
AcDbPolyline
 90
3
 70
1
 10
50.23041503906251
 20
171.3084228515625
 10
50.017236328125
 20
171.3084228515625
 10
49.484289550781256
 20
170.98865478515626
  0
LWPOLYLINE
  5
65B
330
17
100
AcDbEntity
  8
RASTER_TRACE
100
AcDbPolyline
 90
6
 70
1
 10
90.7343701171875
 20
171.41501220703122
 10
90.62778076171875
 20
171.3084228515625
 10
89.98824462890624
 20
171.3084228515625
 10
89.98824462890624
 20
171.20183349609374
 10
90.20142333984376
 20
171.3084228515625
 10
90.7343701171875
 20
171.3084228515625
  0
LWPOLYLINE
  5
65C
330
17
100
AcDbEntity
  8
RASTER_TRACE
100
AcDbPolyline
 90
4
 70
1
 10
226.63579833984377
 20
171.5216015625
 10
226.74238769531252
 20
171.3084228515625
 10
226.74238769531252
 20
170.56229736328123
 10
226.74238769531252
 20
171.5216015625
  0
LWPOLYLINE
  5
65D
330
17
100
AcDbEntity
  8
RASTER_TRACE
100
AcDbPolyline
 90
7
 70
1
 10
92.12003173828126
 20
171.5216015625
 10
91.800263671875
 20
171.5216015625
 10
91.69367431640626
 20
171.41501220703122
 10
91.26731689453126
 20
171.41501220703122
 10
91.37390625
 20
171.3084228515625
 10
91.48049560546875
 20
171.41501220703122
 10
92.12003173828126
 20
171.41501220703122
  0
LWPOLYLINE
  5
65E
330
17
100
AcDbEntity
  8
RASTER_TRACE
100
AcDbPolyline
 90
5
 70
1
 10
154.58139404296878
 20
171.62819091796877
 10
155.22093017578126
 20
171.41501220703122
 10
155.22093017578126
 20
171.5216015625
 10
155.00775146484378
 20
171.5216015625
 10
154.901162109375
 20
171.62819091796877
  0
LWPOLYLINE
  5
65F
330
17
100
AcDbEntity
  8
RASTER_TRACE
100
AcDbPolyline
 90
6
 70
1
 10
125.37591064453125
 20
171.62819091796877
 10
125.80226806640627
 20
171.41501220703122
 10
126.01544677734375
 20
171.41501220703122
 10
126.1220361328125
 20
171.3084228515625
 10
126.1220361328125
 20
171.41501220703122
 10
125.90885742187501
 20
171.5216015625
  0
LWPOLYLINE
  5
660
330
17
100
AcDbEntity
  8
RASTER_TRACE
100
AcDbPolyline
 90
7
 70
1
 10
117.59488769531251
 20
171.73478027343748
 10
117.381708984375
 20
171.62819091796877
 10
116.9553515625
 20
171.62819091796877
 10
116.74217285156251
 20
171.5216015625
 10
117.16853027343751
 20
171.5216015625
 10
117.27511962890625
 20
171.62819091796877
 10
117.59488769531251
 20
171.62819091796877
  0
LWPOLYLINE
  5
661
330
17
100
AcDbEntity
  8
RASTER_TRACE
100
AcDbPolyline
 90
3
 70
1
 10
93.39910400390625
 20
171.73478027343748
 10
92.652978515625
 20
171.62819091796877
 10
92.652978515625
 20
171.5216015625
  0
LWPOLYLINE
  5
662
330
17
100
AcDbEntity
  8
RASTER_TRACE
100
AcDbPolyline
 90
6
 70
1
 10
51.402897949218755
 20
171.73478027343748
 10
51.0831298828125
 20
171.73478027343748
 10
50.6567724609375
 20
171.5216015625
 10
50.869951171875
 20
171.5216015625
 10
50.97654052734375
 20
171.62819091796877
 10
51.189719238281256
 20
171.62819091796877
  0
LWPOLYLINE
  5
663
330
17
100
AcDbEntity
  8
RASTER_TRACE
100
AcDbPolyline
 90
3
 70
1
 10
170.14343994140626
 20
171.84136962890625
 10
170.78297607421877
 20
171.5216015625
 10
170.78297607421877
 20
171.62819091796877
  0
LWPOLYLINE
  5
664
330
17
100
AcDbEntity
  8
RASTER_TRACE
100
AcDbPolyline
 90
9
 70
1
 10
79.86225585937501
 20
171.84136962890625
 10
79.86225585937501
 20
171.3084228515625
 10
79.75566650390626
 20
171.20183349609374
 10
79.32930908203126
 20
171.20183349609374
 10
79.2227197265625
 20
171.095244140625
 10
80.18202392578127
 20
171.095244140625
 10
80.18202392578127
 20
171.20183349609374
 10
79.96884521484375
 20
171.20183349609374
 10
79.86225585937501
 20
171.3084228515625
  0
LWPOLYLINE
  5
665
330
17
100
AcDbEntity
  8
RASTER_TRACE
100
AcDbPolyline
 90
8
 70
1
 10
169.07754638671878
 20
172.05454833984373
 10
169.18413574218752
 20
171.73478027343748
 10
169.397314453125
 20
171.5216015625
 10
169.18413574218752
 20
171.947958984375
 10
169.29072509765626
 20
172.05454833984373
 10
169.397314453125
 20
171.947958984375
 10
169.71708251953126
 20
171.947958984375
 10
169.50390380859378
 20
172.05454833984373
  0
LWPOLYLINE
  5
666
330
17
100
AcDbEntity
  8
RASTER_TRACE
100
AcDbPolyline
 90
5
 70
1
 10
152.5561962890625
 20
171.947958984375
 10
153.30232177734376
 20
171.84136962890625
 10
153.30232177734376
 20
171.947958984375
 10
152.76937500000003
 20
171.947958984375
 10
152.66278564453125
 20
172.05454833984373
  0
LWPOLYLINE
  5
667
330
17
100
AcDbEntity
  8
RASTER_TRACE
100
AcDbPolyline
 90
7
 70
1
 10
52.575380859375
 20
172.05454833984373
 10
52.362202148437504
 20
172.05454833984373
 10
52.255612792968755
 20
171.947958984375
 10
51.9358447265625
 20
171.947958984375
 10
51.9358447265625
 20
171.84136962890625
 10
52.149023437500006
 20
171.947958984375
 10
52.575380859375
 20
171.947958984375
  0
LWPOLYLINE
  5
668
330
17
100
AcDbEntity
  8
RASTER_TRACE
100
AcDbPolyline
 90
4
 70
1
 10
124.31001708984377
 20
172.1611376953125
 10
124.31001708984377
 20
172.05454833984373
 10
124.52319580078125
 20
171.947958984375
 10
125.05614257812502
 20
171.84136962890625
  0
LWPOLYLINE
  5
669
330
17
100
AcDbEntity
  8
RASTER_TRACE
100
AcDbPolyline
 90
4
 70
1
 10
118.8739599609375
 20
172.1611376953125
 10
118.66078125000001
 20
172.1611376953125
 10
118.0212451171875
 20
171.84136962890625
 10
118.0212451171875
 20
171.73478027343748
  0
LWPOLYLINE
  5
66A
330
17
100
AcDbEntity
  8
RASTER_TRACE
100
AcDbPolyline
 90
7
 70
1
 10
151.17053466796878
 20
172.26772705078125
 10
151.17053466796878
 20
172.1611376953125
 10
151.38371337890626
 20
172.1611376953125
 10
151.490302734375
 20
172.05454833984373
 10
152.02324951171877
 20
172.05454833984373
 10
151.81007080078126
 20
172.1611376953125
 10
151.27712402343752
 20
172.1611376953125
  0
LWPOLYLINE
  5
66B
330
17
100
AcDbEntity
  8
RASTER_TRACE
100
AcDbPolyline
 90
5
 70
1
 10
57.15872314453125
 20
172.1611376953125
 10
57.585080566406255
 20
172.1611376953125
 10
57.691669921875004
 20
172.26772705078125
 10
57.9048486328125
 20
172.26772705078125
 10
57.15872314453125
 20
172.26772705078125
  0
LWPOLYLINE
  5
66C
330
17
100
AcDbEntity
  8
RASTER_TRACE
100
AcDbPolyline
 90
9
 70
1
 10
55.773061523437505
 20
172.26772705078125
 10
55.773061523437505
 20
172.1611376953125
 10
56.1994189453125
 20
172.1611376953125
 10
56.30600830078125
 20
172.05454833984373
 10
56.30600830078125
 20
171.41501220703122
 10
56.30600830078125
 20
172.05454833984373
 10
56.41259765625001
 20
172.1611376953125
 10
56.732365722656255
 20
172.1611376953125
 10
56.732365722656255
 20
172.26772705078125
  0
LWPOLYLINE
  5
66D
330
17
100
AcDbEntity
  8
RASTER_TRACE
100
AcDbPolyline
 90
4
 70
1
 10
54.4939892578125
 20
172.1611376953125
 10
55.133525390625
 20
172.1611376953125
 10
55.24011474609375
 20
172.26772705078125
 10
54.4939892578125
 20
172.26772705078125
  0
LWPOLYLINE
  5
66E
330
17
100
AcDbEntity
  8
RASTER_TRACE
100
AcDbPolyline
 90
6
 70
1
 10
53.961042480468755
 20
172.1611376953125
 10
53.74786376953126
 20
172.26772705078125
 10
53.6412744140625
 20
172.1611376953125
 10
53.214916992187504
 20
172.1611376953125
 10
53.214916992187504
 20
172.05454833984373
 10
53.428095703125
 20
172.1611376953125
  0
LWPOLYLINE
  5
66F
330
17
100
AcDbEntity
  8
RASTER_TRACE
100
AcDbPolyline
 90
5
 70
1
 10
167.90506347656253
 20
172.37431640625
 10
167.90506347656253
 20
172.26772705078125
 10
168.65118896484378
 20
172.1611376953125
 10
168.65118896484378
 20
172.26772705078125
 10
168.11824218750002
 20
172.26772705078125
  0
LWPOLYLINE
  5
670
330
17
100
AcDbEntity
  8
RASTER_TRACE
100
AcDbPolyline
 90
5
 70
1
 10
59.71686767578125
 20
172.26772705078125
 10
60.03663574218751
 20
172.26772705078125
 10
60.143225097656256
 20
172.37431640625
 10
60.56958251953125
 20
172.37431640625
 10
59.71686767578125
 20
172.37431640625
  0
LWPOLYLINE
  5
671
330
17
100
AcDbEntity
  8
RASTER_TRACE
100
AcDbPolyline
 90
3
 70
1
 10
59.183920898437506
 20
172.37431640625
 10
58.437795410156255
 20
172.26772705078125
 10
59.183920898437506
 20
172.26772705078125
  0
LWPOLYLINE
  5
672
330
17
100
AcDbEntity
  8
RASTER_TRACE
100
AcDbPolyline
 90
8
 70
1
 10
149.46510498046877
 20
172.48090576171876
 10
149.46510498046877
 20
172.37431640625
 10
149.78487304687502
 20
172.37431640625
 10
149.89146240234376
 20
172.26772705078125
 10
150.637587890625
 20
172.26772705078125
 10
150.42440917968753
 20
172.26772705078125
 10
150.31781982421876
 20
172.37431640625
 10
149.67828369140628
 20
172.37431640625
  0
LWPOLYLINE
  5
673
330
17
100
AcDbEntity
  8
RASTER_TRACE
100
AcDbPolyline
 90
2
 70
1
 10
144.56199462890626
 20
172.48090576171876
 10
144.56199462890626
 20
171.73478027343748
  0
LWPOLYLINE
  5
674
330
17
100
AcDbEntity
  8
RASTER_TRACE
100
AcDbPolyline
 90
8
 70
1
 10
123.13753417968752
 20
172.48090576171876
 10
123.13753417968752
 20
172.37431640625
 10
123.56389160156252
 20
172.37431640625
 10
123.67048095703126
 20
172.26772705078125
 10
123.88365966796877
 20
172.26772705078125
 10
123.7770703125
 20
172.37431640625
 10
123.45730224609375
 20
172.37431640625
 10
123.350712890625
 20
172.48090576171876
  0
LWPOLYLINE
  5
675
330
17
100
AcDbEntity
  8
RASTER_TRACE
100
AcDbPolyline
 90
5
 70
1
 10
120.15303222656252
 20
172.48090576171876
 10
119.72667480468752
 20
172.48090576171876
 10
119.62008544921875
 20
172.37431640625
 10
119.3003173828125
 20
172.37431640625
 10
119.19372802734375
 20
172.26772705078125
  0
LWPOLYLINE
  5
676
330
17
100
AcDbEntity
  8
RASTER_TRACE
100
AcDbPolyline
 90
2
 70
1
 10
97.5560888671875
 20
172.48090576171876
 10
97.5560888671875
 20
171.73478027343748
  0
LWPOLYLINE
  5
677
330
17
100
AcDbEntity
  8
RASTER_TRACE
100
AcDbPolyline
 90
5
 70
1
 10
62.3816015625
 20
172.48090576171876
 10
62.48819091796875
 20
172.37431640625
 10
62.70136962890626
 20
172.37431640625
 10
62.807958984375006
 20
172.48090576171876
 10
63.23431640625
 20
172.48090576171876
  0
LWPOLYLINE
  5
678
330
17
100
AcDbEntity
  8
RASTER_TRACE
100
AcDbPolyline
 90
4
 70
1
 10
61.102529296875005
 20
172.37431640625
 10
61.848654785156256
 20
172.37431640625
 10
61.848654785156256
 20
172.48090576171876
 10
61.209118652343754
 20
172.48090576171876
  0
LWPOLYLINE
  5
679
330
17
100
AcDbEntity
  8
RASTER_TRACE
100
AcDbPolyline
 90
5
 70
1
 10
166.6259912109375
 20
172.5874951171875
 10
166.73258056640626
 20
172.48090576171876
 10
167.15893798828128
 20
172.48090576171876
 10
167.37211669921876
 20
172.37431640625
 10
167.37211669921876
 20
172.48090576171876
  0
LWPOLYLINE
  5
67A
330
17
100
AcDbEntity
  8
RASTER_TRACE
100
AcDbPolyline
 90
5
 70
1
 10
148.079443359375
 20
172.5874951171875
 10
148.079443359375
 20
172.48090576171876
 10
148.93215820312503
 20
172.48090576171876
 10
148.61239013671877
 20
172.48090576171876
 10
148.50580078125003
 20
172.5874951171875
  0
LWPOLYLINE
  5
67B
330
17
100
AcDbEntity
  8
RASTER_TRACE
100
AcDbPolyline
 90
2
 70
1
 10
65.04633544921876
 20
172.5874951171875
 10
65.79246093750001
 20
172.5874951171875
  0
LWPOLYLINE
  5
67C
330
17
100
AcDbEntity
  8
RASTER_TRACE
100
AcDbPolyline
 90
5
 70
1
 10
63.767263183593755
 20
172.48090576171876
 10
64.513388671875
 20
172.48090576171876
 10
64.513388671875
 20
172.5874951171875
 10
64.08703125
 20
172.5874951171875
 10
63.98044189453125
 20
172.48090576171876
  0
LWPOLYLINE
  5
67D
330
17
100
AcDbEntity
  8
RASTER_TRACE
100
AcDbPolyline
 90
5
 70
1
 10
146.5871923828125
 20
172.69408447265624
 10
146.80037109375002
 20
172.69408447265624
 10
146.90696044921876
 20
172.5874951171875
 10
147.43990722656253
 20
172.5874951171875
 10
147.43990722656253
 20
172.69408447265624
  0
LWPOLYLINE
  5
67E
330
17
100
AcDbEntity
  8
RASTER_TRACE
100
AcDbPolyline
 90
6
 70
1
 10
121.32551513671876
 20
172.5874951171875
 10
121.11233642578125
 20
172.69408447265624
 10
121.00574707031251
 20
172.5874951171875
 10
120.47280029296877
 20
172.5874951171875
 10
120.47280029296877
 20
172.48090576171876
 10
120.68597900390625
 20
172.5874951171875
  0
LWPOLYLINE
  5
67F
330
17
100
AcDbEntity
  8
RASTER_TRACE
100
AcDbPolyline
 90
8
 70
1
 10
94.35840820312501
 20
172.69408447265624
 10
94.35840820312501
 20
172.48090576171876
 10
94.25181884765627
 20
172.26772705078125
 10
93.82546142578127
 20
172.05454833984373
 10
93.82546142578127
 20
171.947958984375
 10
93.93205078125001
 20
171.947958984375
 10
94.35840820312501
 20
172.37431640625
 10
94.46499755859375
 20
172.5874951171875
  0
LWPOLYLINE
  5
680
330
17
100
AcDbEntity
  8
RASTER_TRACE
100
AcDbPolyline
 90
4
 70
1
 10
67.60447998046875
 20
172.69408447265624
 10
67.71106933593751
 20
172.5874951171875
 10
67.81765869140625
 20
172.69408447265624
 10
68.35060546875
 20
172.69408447265624
  0
LWPOLYLINE
  5
681
330
17
100
AcDbEntity
  8
RASTER_TRACE
100
AcDbPolyline
 90
4
 70
1
 10
66.32540771484375
 20
172.5874951171875
 10
67.071533203125
 20
172.5874951171875
 10
67.071533203125
 20
172.69408447265624
 10
66.4319970703125
 20
172.69408447265624
  0
LWPOLYLINE
  5
682
330
17
100
AcDbEntity
  8
RASTER_TRACE
100
AcDbPolyline
 90
2
 70
1
 10
70.16262451171875
 20
172.800673828125
 10
70.90875
 20
172.800673828125
  0
LWPOLYLINE
  5
683
330
17
100
AcDbEntity
  8
RASTER_TRACE
100
AcDbPolyline
 90
4
 70
1
 10
68.9901416015625
 20
172.800673828125
 10
68.9901416015625
 20
172.69408447265624
 10
69.62967773437501
 20
172.69408447265624
 10
69.62967773437501
 20
172.800673828125
  0
LWPOLYLINE
  5
684
330
17
100
AcDbEntity
  8
RASTER_TRACE
100
AcDbPolyline
 90
7
 70
1
 10
165.34691894531252
 20
172.90726318359373
 10
165.34691894531252
 20
172.800673828125
 10
165.56009765625
 20
172.800673828125
 10
165.66668701171878
 20
172.69408447265624
 10
166.09304443359378
 20
172.69408447265624
 10
165.87986572265626
 20
172.800673828125
 10
165.45350830078127
 20
172.800673828125
  0
LWPOLYLINE
  5
685
330
17
100
AcDbEntity
  8
RASTER_TRACE
100
AcDbPolyline
 90
4
 70
1
 10
71.44169677734376
 20
172.800673828125
 10
72.187822265625
 20
172.800673828125
 10
72.29441162109376
 20
172.90726318359373
 10
71.44169677734376
 20
172.90726318359373
  0
LWPOLYLINE
  5
686
330
17
100
AcDbEntity
  8
RASTER_TRACE
100
AcDbPolyline
 90
19
 70
1
 10
153.19573242187502
 20
173.0138525390625
 10
153.19573242187502
 20
172.69408447265624
 10
153.4089111328125
 20
172.37431640625
 10
153.4089111328125
 20
172.1611376953125
 10
153.62208984375002
 20
172.05454833984373
 10
153.72867919921876
 20
171.84136962890625
 10
153.94185791015627
 20
171.73478027343748
 10
154.15503662109376
 20
171.73478027343748
 10
154.04844726562501
 20
171.73478027343748
 10
153.83526855468753
 20
171.947958984375
 10
153.83526855468753
 20
172.48090576171876
 10
153.94185791015627
 20
172.69408447265624
 10
153.83526855468753
 20
172.69408447265624
 10
153.83526855468753
 20
172.05454833984373
 10
153.72867919921876
 20
171.947958984375
 10
153.4089111328125
 20
172.26772705078125
 10
153.4089111328125
 20
172.48090576171876
 10
153.30232177734376
 20
172.5874951171875
 10
153.30232177734376
 20
172.90726318359373
  0
LWPOLYLINE
  5
687
330
17
100
AcDbEntity
  8
RASTER_TRACE
100
AcDbPolyline
 90
4
 70
1
 10
73.99984130859376
 20
172.90726318359373
 10
74.21302001953126
 20
173.0138525390625
 10
74.745966796875
 20
173.0138525390625
 10
73.99984130859376
 20
173.0138525390625
  0
LWPOLYLINE
  5
688
330
17
100
AcDbEntity
  8
RASTER_TRACE
100
AcDbPolyline
 90
3
 70
1
 10
73.46689453125
 20
173.0138525390625
 10
72.72076904296875
 20
172.90726318359373
 10
73.46689453125
 20
172.90726318359373
  0
LWPOLYLINE
  5
689
330
17
100
AcDbEntity
  8
RASTER_TRACE
100
AcDbPolyline
 90
7
 70
1
 10
164.0678466796875
 20
173.12044189453124
 10
164.0678466796875
 20
173.0138525390625
 10
164.38761474609376
 20
173.0138525390625
 10
164.49420410156253
 20
172.90726318359373
 10
164.70738281250001
 20
172.90726318359373
 10
164.70738281250001
 20
173.0138525390625
 10
164.28102539062502
 20
173.0138525390625
  0
LWPOLYLINE
  5
68A
330
17
100
AcDbEntity
  8
RASTER_TRACE
100
AcDbPolyline
 90
79
 70
1
 10
128.04064453125
 20
168.75027832031247
 10
127.82746582031251
 20
169.1766357421875
 10
127.40110839843751
 20
169.6029931640625
 10
126.65498291015626
 20
169.816171875
 10
125.80226806640627
 20
169.816171875
 10
125.48250000000002
 20
169.92276123046875
 10
124.62978515625002
 20
170.77547607421874
 10
123.88365966796877
 20
171.20183349609374
 10
123.13753417968752
 20
171.3084228515625
 10
123.03094482421875
 20
171.41501220703122
 10
121.75187255859376
 20
171.41501220703122
 10
121.64528320312502
 20
171.5216015625
 10
121.64528320312502
 20
172.48090576171876
 10
121.75187255859376
 20
172.5874951171875
 10
122.7111767578125
 20
172.48090576171876
 10
122.7111767578125
 20
172.5874951171875
 10
122.2848193359375
 20
172.5874951171875
 10
122.17822998046876
 20
172.69408447265624
 10
121.8584619140625
 20
172.69408447265624
 10
121.75187255859376
 20
172.5874951171875
 10
121.64528320312502
 20
172.69408447265624
 10
121.64528320312502
 20
173.12044189453124
 10
121.53869384765625
 20
173.12044189453124
 10
121.53869384765625
 20
171.5216015625
 10
121.4321044921875
 20
171.41501220703122
 10
120.04644287109375
 20
171.41501220703122
 10
119.3003173828125
 20
171.20183349609374
 10
118.76737060546876
 20
170.8820654296875
 10
118.12783447265625
 20
170.24252929687498
 10
117.59488769531251
 20
170.0293505859375
 10
116.42240478515626
 20
170.0293505859375
 10
115.99604736328126
 20
169.816171875
 10
115.88945800781252
 20
169.92276123046875
 10
115.88945800781252
 20
171.20183349609374
 10
116.31581542968752
 20
171.41501220703122
 10
115.99604736328126
 20
171.41501220703122
 10
115.88945800781252
 20
171.62819091796877
 10
115.67627929687501
 20
171.3084228515625
 10
115.0367431640625
 20
170.98865478515626
 10
115.0367431640625
 20
170.8820654296875
 10
115.67627929687501
 20
171.3084228515625
 10
115.88945800781252
 20
171.20183349609374
 10
115.78286865234375
 20
171.095244140625
 10
115.88945800781252
 20
170.8820654296875
 10
115.78286865234375
 20
170.77547607421874
 10
115.88945800781252
 20
169.92276123046875
 10
115.35651123046875
 20
169.38981445312498
 10
115.0367431640625
 20
168.75027832031247
 10
114.93015380859376
 20
167.36461669921874
 10
114.6103857421875
 20
167.15143798828126
 10
114.93015380859376
 20
167.0448486328125
 10
115.0367431640625
 20
165.55259765625
 10
115.4631005859375
 20
164.80647216796876
 10
115.78286865234375
 20
164.59329345703125
 10
115.78286865234375
 20
164.273525390625
 10
115.99604736328126
 20
164.4867041015625
 10
116.31581542968752
 20
164.38011474609374
 10
117.59488769531251
 20
164.38011474609374
 10
117.91465576171876
 20
164.273525390625
 10
118.8739599609375
 20
163.42081054687497
 10
119.51349609375
 20
163.10104248046875
 10
120.57938964843751
 20
162.994453125
 10
120.68597900390625
 20
162.88786376953124
 10
121.4321044921875
 20
162.88786376953124
 10
121.53869384765625
 20
162.56809570312498
 10
121.64528320312502
 20
162.56809570312498
 10
121.75187255859376
 20
162.88786376953124
 10
122.81776611328127
 20
162.88786376953124
 10
122.92435546875001
 20
162.994453125
 10
123.7770703125
 20
163.10104248046875
 10
124.41660644531251
 20
163.42081054687497
 10
125.6956787109375
 20
164.4867041015625
 10
126.86816162109375
 20
164.4867041015625
 10
127.40110839843751
 20
164.6998828125
 10
127.82746582031251
 20
165.126240234375
 10
128.04064453125
 20
165.55259765625
 10
128.14723388671877
 20
167.0448486328125
 10
128.36041259765625
 20
167.15143798828126
 10
128.14723388671877
 20
167.36461669921874
  0
LWPOLYLINE
  5
68B
330
17
100
AcDbEntity
  8
RASTER_TRACE
100
AcDbPolyline
 90
2
 70
1
 10
76.55798583984375
 20
173.12044189453124
 10
77.304111328125
 20
173.12044189453124
  0
LWPOLYLINE
  5
68C
330
17
100
AcDbEntity
  8
RASTER_TRACE
100
AcDbPolyline
 90
4
 70
1
 10
75.27891357421876
 20
173.12044189453124
 10
75.27891357421876
 20
173.0138525390625
 10
76.02503906250001
 20
173.0138525390625
 10
76.02503906250001
 20
173.12044189453124
  0
LWPOLYLINE
  5
68D
330
17
100
AcDbEntity
  8
RASTER_TRACE
100
AcDbPolyline
 90
4
 70
1
 10
77.83705810546876
 20
173.22703124999998
 10
77.94364746093751
 20
173.12044189453124
 10
78.37000488281251
 20
173.12044189453124
 10
78.58318359375001
 20
173.22703124999998
  0
LWPOLYLINE
  5
68E
330
17
100
AcDbEntity
  8
RASTER_TRACE
100
AcDbPolyline
 90
7
 70
1
 10
162.78877441406252
 20
173.33362060546875
 10
162.78877441406252
 20
173.22703124999998
 10
163.2151318359375
 20
173.22703124999998
 10
163.42831054687503
 20
173.12044189453124
 10
163.42831054687503
 20
173.22703124999998
 10
163.10854248046877
 20
173.22703124999998
 10
163.00195312500003
 20
173.33362060546875
  0
LWPOLYLINE
  5
68F
330
17
100
AcDbEntity
  8
RASTER_TRACE
100
AcDbPolyline
 90
3
 70
1
 10
80.82156005859375
 20
173.33362060546875
 10
81.567685546875
 20
173.4402099609375
 10
80.82156005859375
 20
173.4402099609375
  0
LWPOLYLINE
  5
690
330
17
100
AcDbEntity
  8
RASTER_TRACE
100
AcDbPolyline
 90
4
 70
1
 10
161.50970214843753
 20
173.54679931640624
 10
161.722880859375
 20
173.4402099609375
 10
162.14923828125
 20
173.4402099609375
 10
161.93605957031252
 20
173.54679931640624
  0
LWPOLYLINE
  5
691
330
17
100
AcDbEntity
  8
RASTER_TRACE
100
AcDbPolyline
 90
4
 70
1
 10
90.09483398437501
 20
173.4402099609375
 10
90.7343701171875
 20
173.4402099609375
 10
90.84095947265627
 20
173.54679931640624
 10
90.09483398437501
 20
173.54679931640624
  0
LWPOLYLINE
  5
692
330
17
100
AcDbEntity
  8
RASTER_TRACE
100
AcDbPolyline
 90
3
 70
1
 10
88.70917236328125
 20
173.54679931640624
 10
89.4552978515625
 20
173.4402099609375
 10
89.4552978515625
 20
173.54679931640624
  0
LWPOLYLINE
  5
693
330
17
100
AcDbEntity
  8
RASTER_TRACE
100
AcDbPolyline
 90
5
 70
1
 10
82.10063232421876
 20
173.4402099609375
 10
82.31381103515625
 20
173.4402099609375
 10
82.42040039062502
 20
173.54679931640624
 10
82.74016845703125
 20
173.54679931640624
 10
82.10063232421876
 20
173.54679931640624
  0
LWPOLYLINE
  5
694
330
17
100
AcDbEntity
  8
RASTER_TRACE
100
AcDbPolyline
 90
9
 70
1
 10
225.46331542968753
 20
173.653388671875
 10
225.46331542968753
 20
173.54679931640624
 10
225.676494140625
 20
173.33362060546875
 10
225.676494140625
 20
173.22703124999998
 10
225.88967285156252
 20
173.0138525390625
 10
226.10285156250004
 20
172.5874951171875
 10
226.10285156250004
 20
172.69408447265624
 10
225.88967285156252
 20
172.90726318359373
 10
225.78308349609378
 20
173.22703124999998
  0
LWPOLYLINE
  5
695
330
17
100
AcDbEntity
  8
RASTER_TRACE
100
AcDbPolyline
 90
4
 70
1
 10
87.21692138671875
 20
173.653388671875
 10
87.21692138671875
 20
173.54679931640624
 10
88.06963623046875
 20
173.54679931640624
 10
87.963046875
 20
173.653388671875
  0
LWPOLYLINE
  5
696
330
17
100
AcDbEntity
  8
RASTER_TRACE
100
AcDbPolyline
 90
4
 70
1
 10
85.83125976562499
 20
173.653388671875
 10
86.4707958984375
 20
173.653388671875
 10
86.57738525390624
 20
173.54679931640624
 10
86.68397460937501
 20
173.653388671875
  0
LWPOLYLINE
  5
697
330
17
100
AcDbEntity
  8
RASTER_TRACE
100
AcDbPolyline
 90
2
 70
1
 10
83.27311523437501
 20
173.653388671875
 10
83.69947265625001
 20
173.653388671875
  0
LWPOLYLINE
  5
698
330
17
100
AcDbEntity
  8
RASTER_TRACE
100
AcDbPolyline
 90
5
 70
1
 10
160.12404052734377
 20
173.75997802734375
 10
160.87016601562502
 20
173.653388671875
 10
160.76357666015628
 20
173.75997802734375
 10
160.33721923828128
 20
173.75997802734375
 10
160.2306298828125
 20
173.8665673828125
  0
LWPOLYLINE
  5
699
330
17
100
AcDbEntity
  8
RASTER_TRACE
100
AcDbPolyline
 90
5
 70
1
 10
154.26162597656253
 20
173.8665673828125
 10
153.94185791015627
 20
173.33362060546875
 10
153.94185791015627
 20
173.12044189453124
 10
154.04844726562501
 20
173.22703124999998
 10
154.04844726562501
 20
173.4402099609375
  0
LWPOLYLINE
  5
69A
330
17
100
AcDbEntity
  8
RASTER_TRACE
100
AcDbPolyline
 90
2
 70
1
 10
144.56199462890626
 20
173.8665673828125
 10
144.56199462890626
 20
173.12044189453124
  0
LWPOLYLINE
  5
69B
330
17
100
AcDbEntity
  8
RASTER_TRACE
100
AcDbPolyline
 90
6
 70
1
 10
175.04655029296876
 20
173.97315673828126
 10
175.15313964843753
 20
174.07974609374997
 10
175.36631835937501
 20
174.07974609374997
 10
175.47290771484376
 20
173.97315673828126
 10
175.36631835937501
 20
173.8665673828125
 10
175.15313964843753
 20
173.8665673828125
  0
LWPOLYLINE
  5
69C
330
17
100
AcDbEntity
  8
RASTER_TRACE
100
AcDbPolyline
 90
2
 70
1
 10
97.5560888671875
 20
173.97315673828126
 10
97.5560888671875
 20
173.22703124999998
  0
LWPOLYLINE
  5
69D
330
17
100
AcDbEntity
  8
RASTER_TRACE
100
AcDbPolyline
 90
5
 70
1
 10
94.03864013671875
 20
173.97315673828126
 10
94.35840820312501
 20
173.4402099609375
 10
94.35840820312501
 20
173.22703124999998
 10
94.35840820312501
 20
173.54679931640624
 10
94.1452294921875
 20
173.97315673828126
  0
LWPOLYLINE
  5
69E
330
17
100
AcDbEntity
  8
RASTER_TRACE
100
AcDbPolyline
 90
7
 70
1
 10
158.84496826171878
 20
174.07974609374997
 10
158.84496826171878
 20
173.97315673828126
 10
159.27132568359377
 20
173.97315673828126
 10
159.37791503906251
 20
173.8665673828125
 10
159.59109375000003
 20
173.8665673828125
 10
159.48450439453126
 20
173.97315673828126
 10
159.05814697265626
 20
173.97315673828126
  0
LWPOLYLINE
  5
69F
330
17
100
AcDbEntity
  8
RASTER_TRACE
100
AcDbPolyline
 90
7
 70
1
 10
153.4089111328125
 20
174.18633544921875
 10
153.30232177734376
 20
174.18633544921875
 10
153.19573242187502
 20
173.97315673828126
 10
153.19573242187502
 20
173.4402099609375
 10
153.19573242187502
 20
173.653388671875
 10
153.30232177734376
 20
173.75997802734375
 10
153.30232177734376
 20
174.07974609374997
  0
LWPOLYLINE
  5
6A0
330
17
100
AcDbEntity
  8
RASTER_TRACE
100
AcDbPolyline
 90
4
 70
1
 10
121.53869384765625
 20
174.18633544921875
 10
121.53869384765625
 20
173.4402099609375
 10
121.64528320312502
 20
173.4402099609375
 10
121.64528320312502
 20
174.18633544921875
  0
LWPOLYLINE
  5
6A1
330
17
100
AcDbEntity
  8
RASTER_TRACE
100
AcDbPolyline
 90
15
 70
1
 10
79.96884521484375
 20
174.18633544921875
 10
79.86225585937501
 20
174.18633544921875
 10
79.86225585937501
 20
173.4402099609375
 10
79.75566650390626
 20
173.33362060546875
 10
79.2227197265625
 20
173.33362060546875
 10
79.11613037109376
 20
173.22703124999998
 10
79.75566650390626
 20
173.22703124999998
 10
79.86225585937501
 20
173.12044189453124
 10
79.86225585937501
 20
172.48090576171876
 10
79.86225585937501
 20
173.12044189453124
 10
80.0754345703125
 20
173.33362060546875
 10
80.18202392578127
 20
173.33362060546875
 10
79.96884521484375
 20
173.33362060546875
 10
79.86225585937501
 20
173.4402099609375
 10
79.96884521484375
 20
173.54679931640624
  0
LWPOLYLINE
  5
6A2
330
17
100
AcDbEntity
  8
RASTER_TRACE
100
AcDbPolyline
 90
7
 70
1
 10
157.56589599609376
 20
174.29292480468752
 10
157.56589599609376
 20
174.18633544921875
 10
157.99225341796875
 20
174.18633544921875
 10
158.09884277343753
 20
174.07974609374997
 10
158.312021484375
 20
174.07974609374997
 10
158.20543212890627
 20
174.18633544921875
 10
157.77907470703127
 20
174.18633544921875
  0
LWPOLYLINE
  5
6A3
330
17
100
AcDbEntity
  8
RASTER_TRACE
100
AcDbPolyline
 90
5
 70
1
 10
156.18023437500003
 20
174.506103515625
 10
156.28682373046877
 20
174.39951416015623
 10
156.8197705078125
 20
174.39951416015623
 10
156.92635986328128
 20
174.29292480468752
 10
156.92635986328128
 20
174.39951416015623
  0
LWPOLYLINE
  5
6A4
330
17
100
AcDbEntity
  8
RASTER_TRACE
100
AcDbPolyline
 90
10
 70
1
 10
91.58708496093752
 20
174.506103515625
 10
91.58708496093752
 20
174.39951416015623
 10
91.48049560546875
 20
174.29292480468752
 10
91.37390625
 20
174.39951416015623
 10
91.37390625
 20
174.29292480468752
 10
91.800263671875
 20
173.8665673828125
 10
91.37390625
 20
173.653388671875
 10
91.37390625
 20
173.54679931640624
 10
91.800263671875
 20
173.75997802734375
 10
91.800263671875
 20
174.07974609374997
  0
LWPOLYLINE
  5
6A5
330
17
100
AcDbEntity
  8
RASTER_TRACE
100
AcDbPolyline
 90
63
 70
1
 10
224.50401123046876
 20
174.71928222656248
 10
226.52920898437503
 20
169.816171875
 10
227.1687451171875
 20
167.57779541015623
 10
227.06215576171877
 20
167.0448486328125
 10
226.31603027343752
 20
167.0448486328125
 10
226.20944091796878
 20
166.93825927734375
 10
227.06215576171877
 20
166.93825927734375
 10
227.1687451171875
 20
166.831669921875
 10
227.1687451171875
 20
160.54289794921874
 10
226.95556640625003
 20
159.47700439453126
 10
226.52920898437503
 20
158.9440576171875
 10
226.20944091796878
 20
159.05064697265624
 10
226.20944091796878
 20
159.58359374999998
 10
226.20944091796878
 20
157.451806640625
 10
225.99626220703126
 20
157.23862792968748
 10
225.676494140625
 20
157.34521728515625
 10
225.676494140625
 20
157.8781640625
 10
225.46331542968753
 20
157.98475341796876
 10
225.46331542968753
 20
158.5177001953125
 10
225.676494140625
 20
158.62428955078124
 10
225.676494140625
 20
158.83746826171875
 10
225.56990478515627
 20
158.73087890624998
 10
225.46331542968753
 20
158.83746826171875
 10
225.46331542968753
 20
165.126240234375
 10
225.35672607421878
 20
165.44600830078124
 10
225.676494140625
 20
165.7657763671875
 10
225.88967285156252
 20
165.65918701171876
 10
225.99626220703126
 20
165.3394189453125
 10
225.99626220703126
 20
164.38011474609374
 10
226.10285156250004
 20
164.16693603515625
 10
225.99626220703126
 20
165.3394189453125
 10
225.676494140625
 20
166.40531249999998
 10
225.46331542968753
 20
166.72508056640623
 10
225.56990478515627
 20
166.93825927734375
 10
225.78308349609378
 20
166.93825927734375
 10
225.35672607421878
 20
167.0448486328125
 10
225.25013671875
 20
166.93825927734375
 10
224.71718994140628
 20
166.93825927734375
 10
223.65129638671877
 20
168.537099609375
 10
223.86447509765628
 20
168.85686767578125
 10
223.65129638671877
 20
168.64368896484376
 10
223.33152832031251
 20
168.85686767578125
 10
222.90517089843752
 20
169.49640380859375
 10
222.79858154296878
 20
170.4557080078125
 10
222.69199218750003
 20
170.24252929687498
 10
222.58540283203126
 20
170.34911865234375
 10
222.58540283203126
 20
171.947958984375
 10
222.79858154296878
 20
172.05454833984373
 10
222.90517089843752
 20
172.48090576171876
 10
223.11834960937503
 20
171.62819091796877
 10
223.01176025390626
 20
171.5216015625
 10
223.01176025390626
 20
170.98865478515626
 10
223.22493896484377
 20
170.13593994140626
 10
223.7578857421875
 20
169.38981445312498
 10
223.22493896484377
 20
170.24252929687498
 10
223.11834960937503
 20
170.66888671875
 10
223.11834960937503
 20
172.37431640625
 10
223.01176025390626
 20
172.48090576171876
 10
223.22493896484377
 20
172.69408447265624
 10
223.65129638671877
 20
172.69408447265624
 10
224.18424316406254
 20
173.0138525390625
 10
224.39742187500002
 20
173.33362060546875
 10
224.39742187500002
 20
174.61269287109374
  0
LWPOLYLINE
  5
6A6
330
17
100
AcDbEntity
  8
RASTER_TRACE
100
AcDbPolyline
 90
8
 70
1
 10
155.64728759765626
 20
174.61269287109374
 10
155.43410888671878
 20
174.61269287109374
 10
155.32751953125
 20
174.71928222656248
 10
155.22093017578126
 20
174.61269287109374
 10
155.00775146484378
 20
174.61269287109374
 10
154.79457275390627
 20
174.506103515625
 10
154.68798339843752
 20
174.29292480468752
 10
155.22093017578126
 20
174.61269287109374
  0
LWPOLYLINE
  5
6A7
330
17
100
AcDbEntity
  8
RASTER_TRACE
100
AcDbPolyline
 90
20
 70
1
 10
84.33900878906252
 20
174.71928222656248
 10
84.33900878906252
 20
174.506103515625
 10
84.44559814453126
 20
174.39951416015623
 10
84.44559814453126
 20
174.07974609374997
 10
84.5521875
 20
173.97315673828126
 10
84.33900878906252
 20
173.75997802734375
 10
85.08513427734377
 20
173.75997802734375
 10
85.19172363281251
 20
173.653388671875
 10
85.19172363281251
 20
173.75997802734375
 10
84.978544921875
 20
173.75997802734375
 10
84.87195556640626
 20
173.97315673828126
 10
85.08513427734377
 20
174.07974609374997
 10
85.51149169921877
 20
174.506103515625
 10
85.51149169921877
 20
174.61269287109374
 10
85.40490234375
 20
174.61269287109374
 10
85.40490234375
 20
174.506103515625
 10
84.87195556640626
 20
173.97315673828126
 10
84.65877685546874
 20
173.8665673828125
 10
84.44559814453126
 20
174.29292480468752
 10
84.44559814453126
 20
174.71928222656248
  0
LWPOLYLINE
  5
6A8
330
17
100
AcDbEntity
  8
RASTER_TRACE
100
AcDbPolyline
 90
9
 70
1
 10
115.78286865234375
 20
175.03905029296874
 10
115.88945800781252
 20
174.9324609375
 10
115.78286865234375
 20
174.82587158203125
 10
115.88945800781252
 20
174.71928222656248
 10
115.88945800781252
 20
173.75997802734375
 10
115.78286865234375
 20
173.653388671875
 10
115.78286865234375
 20
172.90726318359373
 10
115.88945800781252
 20
172.90726318359373
 10
115.88945800781252
 20
175.03905029296874
  0
LWPOLYLINE
  5
6A9
330
17
100
AcDbEntity
  8
RASTER_TRACE
100
AcDbPolyline
 90
36
 70
1
 10
224.61060058593753
 20
175.25222900390625
 10
225.676494140625
 20
174.71928222656248
 10
225.99626220703126
 20
174.39951416015623
 10
225.99626220703126
 20
174.29292480468752
 10
226.20944091796878
 20
174.29292480468752
 10
226.74238769531252
 20
173.653388671875
 10
226.8489770507813
 20
173.4402099609375
 10
226.8489770507813
 20
173.22703124999998
 10
226.74238769531252
 20
173.12044189453124
 10
226.74238769531252
 20
172.1611376953125
 10
226.63579833984377
 20
171.947958984375
 10
226.74238769531252
 20
171.947958984375
 10
226.74238769531252
 20
172.5874951171875
 10
226.8489770507813
 20
172.69408447265624
 10
226.74238769531252
 20
172.800673828125
 10
226.74238769531252
 20
173.0138525390625
 10
226.8489770507813
 20
173.12044189453124
 10
227.06215576171877
 20
173.0138525390625
 10
227.06215576171877
 20
169.6029931640625
 10
226.8489770507813
 20
169.28322509765624
 10
226.74238769531252
 20
169.38981445312498
 10
226.74238769531252
 20
170.24252929687498
 10
226.74238769531252
 20
169.92276123046875
 10
226.63579833984377
 20
169.816171875
 10
226.42261962890626
 20
170.13593994140626
 10
226.31603027343752
 20
170.66888671875
 10
225.88967285156252
 20
171.41501220703122
 10
225.88967285156252
 20
171.62819091796877
 10
225.46331542968753
 20
172.48090576171876
 10
225.35672607421878
 20
173.0138525390625
 10
225.14354736328127
 20
173.33362060546875
 10
225.14354736328127
 20
173.54679931640624
 10
224.93036865234376
 20
173.8665673828125
 10
224.93036865234376
 20
174.07974609374997
 10
224.50401123046876
 20
174.9324609375
 10
224.50401123046876
 20
175.1456396484375
  0
LWPOLYLINE
  5
6AA
330
17
100
AcDbEntity
  8
RASTER_TRACE
100
AcDbPolyline
 90
5
 70
1
 10
93.2925146484375
 20
175.1456396484375
 10
93.39910400390625
 20
174.82587158203125
 10
93.61228271484376
 20
174.61269287109374
 10
93.61228271484376
 20
174.506103515625
 10
93.7188720703125
 20
174.506103515625
  0
LWPOLYLINE
  5
6AB
330
17
100
AcDbEntity
  8
RASTER_TRACE
100
AcDbPolyline
 90
4
 70
1
 10
222.69199218750003
 20
175.25222900390625
 10
222.69199218750003
 20
173.75997802734375
 10
222.79858154296878
 20
173.75997802734375
 10
222.79858154296878
 20
175.25222900390625
  0
LWPOLYLINE
  5
6AC
330
17
100
AcDbEntity
  8
RASTER_TRACE
100
AcDbPolyline
 90
2
 70
1
 10
91.26731689453126
 20
175.25222900390625
 10
91.48049560546875
 20
174.82587158203125
  0
LWPOLYLINE
  5
6AD
330
17
100
AcDbEntity
  8
RASTER_TRACE
100
AcDbPolyline
 90
2
 70
1
 10
144.56199462890626
 20
175.358818359375
 10
144.56199462890626
 20
174.61269287109374
  0
LWPOLYLINE
  5
6AE
330
17
100
AcDbEntity
  8
RASTER_TRACE
100
AcDbPolyline
 90
2
 70
1
 10
97.5560888671875
 20
175.358818359375
 10
97.5560888671875
 20
174.61269287109374
  0
LWPOLYLINE
  5
6AF
330
17
100
AcDbEntity
  8
RASTER_TRACE
100
AcDbPolyline
 90
6
 70
1
 10
86.0444384765625
 20
175.89176513671873
 10
85.93784912109376
 20
175.78517578125
 10
85.93784912109376
 20
175.46540771484376
 10
85.83125976562499
 20
175.358818359375
 10
85.83125976562499
 20
175.1456396484375
 10
86.0444384765625
 20
175.57199707031248
  0
LWPOLYLINE
  5
6B0
330
17
100
AcDbEntity
  8
RASTER_TRACE
100
AcDbPolyline
 90
3
 70
1
 10
90.62778076171875
 20
176.211533203125
 10
90.62778076171875
 20
175.67858642578125
 10
90.7343701171875
 20
175.46540771484376
  0
LWPOLYLINE
  5
6B1
330
17
100
AcDbEntity
  8
RASTER_TRACE
100
AcDbPolyline
 90
25
 70
1
 10
224.18424316406254
 20
176.53130126953124
 10
224.29083251953128
 20
176.4247119140625
 10
224.29083251953128
 20
174.29292480468752
 10
224.18424316406254
 20
174.18633544921875
 10
224.29083251953128
 20
174.07974609374997
 10
224.29083251953128
 20
173.4402099609375
 10
224.18424316406254
 20
173.22703124999998
 10
223.7578857421875
 20
172.90726318359373
 10
223.65129638671877
 20
173.0138525390625
 10
223.65129638671877
 20
173.4402099609375
 10
223.97106445312502
 20
173.8665673828125
 10
223.7578857421875
 20
173.75997802734375
 10
223.65129638671877
 20
173.8665673828125
 10
223.65129638671877
 20
174.18633544921875
 10
223.7578857421875
 20
174.29292480468752
 10
223.97106445312502
 20
174.07974609374997
 10
223.86447509765628
 20
174.18633544921875
 10
223.86447509765628
 20
174.39951416015623
 10
223.65129638671877
 20
174.61269287109374
 10
223.65129638671877
 20
175.67858642578125
 10
223.54470703125003
 20
175.78517578125
 10
223.54470703125003
 20
175.9983544921875
 10
223.65129638671877
 20
176.10494384765624
 10
223.65129638671877
 20
176.4247119140625
 10
223.7578857421875
 20
176.53130126953124
  0
LWPOLYLINE
  5
6B2
330
17
100
AcDbEntity
  8
RASTER_TRACE
100
AcDbPolyline
 90
2
 70
1
 10
95.31771240234374
 20
176.4247119140625
 10
96.17042724609377
 20
176.4247119140625
  0
LWPOLYLINE
  5
6B3
330
17
100
AcDbEntity
  8
RASTER_TRACE
100
AcDbPolyline
 90
2
 70
1
 10
94.03864013671875
 20
176.4247119140625
 10
94.784765625
 20
176.4247119140625
  0
LWPOLYLINE
  5
6B4
330
17
100
AcDbEntity
  8
RASTER_TRACE
100
AcDbPolyline
 90
7
 70
1
 10
30.298205566406253
 20
176.637890625
 10
30.404794921875002
 20
176.53130126953124
 10
30.404794921875002
 20
175.9983544921875
 10
29.978437500000002
 20
175.67858642578125
 10
29.871848144531253
 20
175.78517578125
 10
29.871848144531253
 20
176.31812255859376
 10
30.191616210937504
 20
176.637890625
  0
LWPOLYLINE
  5
6B5
330
17
100
AcDbEntity
  8
RASTER_TRACE
100
AcDbPolyline
 90
12
 70
1
 10
80.0754345703125
 20
176.53130126953124
 10
80.28861328125001
 20
176.74447998046872
 10
84.5521875
 20
176.74447998046872
 10
84.65877685546874
 20
176.637890625
 10
84.65877685546874
 20
176.211533203125
 10
84.44559814453126
 20
175.9983544921875
 10
84.01924072265626
 20
175.9983544921875
 10
83.9126513671875
 20
175.89176513671873
 10
80.18202392578127
 20
175.89176513671873
 10
80.0754345703125
 20
175.9983544921875
 10
80.18202392578127
 20
176.10494384765624
 10
80.18202392578127
 20
176.4247119140625
  0
LWPOLYLINE
  5
6B6
330
17
100
AcDbEntity
  8
RASTER_TRACE
100
AcDbPolyline
 90
5
 70
1
 10
30.404794921875002
 20
176.31812255859376
 10
30.6179736328125
 20
176.74447998046872
 10
80.0754345703125
 20
176.637890625
 10
79.96884521484375
 20
175.89176513671873
 10
30.51138427734375
 20
175.89176513671873
  0
LWPOLYLINE
  5
6B7
330
17
100
AcDbEntity
  8
RASTER_TRACE
100
AcDbPolyline
 90
10
 70
1
 10
92.12003173828126
 20
176.8510693359375
 10
91.90685302734374
 20
176.74447998046872
 10
91.58708496093752
 20
176.74447998046872
 10
91.26731689453126
 20
176.4247119140625
 10
91.16072753906252
 20
176.211533203125
 10
91.16072753906252
 20
175.89176513671873
 10
91.26731689453126
 20
175.89176513671873
 10
91.26731689453126
 20
176.31812255859376
 10
91.69367431640626
 20
176.74447998046872
 10
92.12003173828126
 20
176.74447998046872
  0
LWPOLYLINE
  5
6B8
330
17
100
AcDbEntity
  8
RASTER_TRACE
100
AcDbPolyline
 90
9
 70
1
 10
85.51149169921877
 20
176.95765869140627
 10
85.61808105468751
 20
176.8510693359375
 10
85.51149169921877
 20
176.53130126953124
 10
85.19172363281251
 20
176.211533203125
 10
84.76536621093751
 20
175.9983544921875
 10
84.65877685546874
 20
176.10494384765624
 10
84.65877685546874
 20
176.637890625
 10
84.978544921875
 20
176.8510693359375
 10
85.40490234375
 20
176.8510693359375
  0
LWPOLYLINE
  5
6B9
330
17
100
AcDbEntity
  8
RASTER_TRACE
100
AcDbPolyline
 90
37
 70
1
 10
222.05245605468753
 20
177.06424804687498
 10
222.69199218750003
 20
176.74447998046872
 10
222.69199218750003
 20
175.67858642578125
 10
222.79858154296878
 20
175.67858642578125
 10
222.79858154296878
 20
176.4247119140625
 10
222.90517089843752
 20
176.53130126953124
 10
223.11834960937503
 20
176.4247119140625
 10
223.11834960937503
 20
176.211533203125
 10
223.11834960937503
 20
176.4247119140625
 10
223.33152832031251
 20
176.53130126953124
 10
223.43811767578129
 20
176.4247119140625
 10
223.43811767578129
 20
175.9983544921875
 10
223.54470703125003
 20
175.89176513671873
 10
223.54470703125003
 20
174.82587158203125
 10
223.43811767578129
 20
174.71928222656248
 10
223.43811767578129
 20
172.90726318359373
 10
223.33152832031251
 20
172.800673828125
 10
223.01176025390626
 20
172.800673828125
 10
222.90517089843752
 20
172.69408447265624
 10
222.79858154296878
 20
172.800673828125
 10
222.79858154296878
 20
173.4402099609375
 10
222.79858154296878
 20
173.22703124999998
 10
222.69199218750003
 20
173.12044189453124
 10
222.79858154296878
 20
173.0138525390625
 10
222.79858154296878
 20
172.69408447265624
 10
222.47881347656252
 20
172.26772705078125
 10
222.47881347656252
 20
172.05454833984373
 10
222.37222412109378
 20
171.947958984375
 10
222.37222412109378
 20
170.66888671875
 10
222.47881347656252
 20
170.56229736328123
 10
222.47881347656252
 20
170.24252929687498
 10
222.69199218750003
 20
169.816171875
 10
222.69199218750003
 20
168.64368896484376
 10
222.47881347656252
 20
168.43051025390625
 10
222.15904541015627
 20
168.43051025390625
 10
221.94586669921878
 20
168.64368896484376
 10
221.94586669921878
 20
176.95765869140627
  0
LWPOLYLINE
  5
6BA
330
17
100
AcDbEntity
  8
RASTER_TRACE
100
AcDbPolyline
 90
2
 70
1
 10
144.56199462890626
 20
176.95765869140627
 10
144.56199462890626
 20
176.10494384765624
  0
LWPOLYLINE
  5
6BB
330
17
100
AcDbEntity
  8
RASTER_TRACE
100
AcDbPolyline
 90
29
 70
1
 10
203.932265625
 20
177.38401611328123
 10
204.03885498046878
 20
177.49060546875
 10
204.358623046875
 20
177.49060546875
 10
204.46521240234378
 20
177.38401611328123
 10
204.89156982421878
 20
177.38401611328123
 10
204.99815917968752
 20
177.2774267578125
 10
205.31792724609377
 20
177.2774267578125
 10
205.95746337890628
 20
176.95765869140627
 10
206.17064208984377
 20
176.74447998046872
 10
206.2772314453125
 20
176.74447998046872
 10
207.34312500000001
 20
175.67858642578125
 10
207.55630371093753
 20
175.25222900390625
 10
207.55630371093753
 20
175.03905029296874
 10
207.66289306640627
 20
174.9324609375
 10
207.66289306640627
 20
174.71928222656248
 10
207.769482421875
 20
174.506103515625
 10
207.66289306640627
 20
174.39951416015623
 10
207.44971435546879
 20
174.61269287109374
 10
207.23653564453127
 20
175.03905029296874
 10
206.49041015625002
 20
175.78517578125
 10
206.38382080078128
 20
175.78517578125
 10
206.06405273437503
 20
176.10494384765624
 10
205.21133789062503
 20
176.53130126953124
 10
204.99815917968752
 20
176.53130126953124
 10
204.89156982421878
 20
176.637890625
 10
204.57180175781252
 20
176.637890625
 10
204.46521240234378
 20
176.74447998046872
 10
204.03885498046878
 20
176.74447998046872
 10
203.932265625
 20
176.8510693359375
  0
LWPOLYLINE
  5
6BC
330
17
100
AcDbEntity
  8
RASTER_TRACE
100
AcDbPolyline
 90
10
 70
1
 10
184.9593603515625
 20
177.49060546875
 10
185.06594970703128
 20
177.59719482421875
 10
200.73458496093753
 20
177.59719482421875
 10
200.84117431640627
 20
177.49060546875
 10
203.71908691406253
 20
177.49060546875
 10
203.82567626953127
 20
177.38401611328123
 10
203.82567626953127
 20
176.95765869140627
 10
203.71908691406253
 20
176.8510693359375
 10
185.06594970703128
 20
176.8510693359375
 10
184.9593603515625
 20
176.95765869140627
  0
LWPOLYLINE
  5
6BD
330
17
100
AcDbEntity
  8
RASTER_TRACE
100
AcDbPolyline
 90
54
 70
1
 10
184.9593603515625
 20
177.38401611328123
 10
184.9593603515625
 20
176.95765869140627
 10
184.85277099609377
 20
176.8510693359375
 10
184.42641357421877
 20
176.8510693359375
 10
184.31982421875003
 20
176.74447998046872
 10
183.467109375
 20
176.74447998046872
 10
183.36052001953126
 20
176.637890625
 10
182.72098388671878
 20
176.637890625
 10
182.61439453125
 20
176.53130126953124
 10
182.18803710937502
 20
176.53130126953124
 10
182.08144775390628
 20
176.4247119140625
 10
181.33532226562502
 20
176.31812255859376
 10
181.22873291015628
 20
176.211533203125
 10
181.01555419921877
 20
176.211533203125
 10
180.90896484375003
 20
176.10494384765624
 10
180.69578613281251
 20
176.10494384765624
 10
180.58919677734377
 20
175.9983544921875
 10
180.05625
 20
175.89176513671873
 10
179.73648193359378
 20
175.67858642578125
 10
179.52330322265627
 20
175.67858642578125
 10
178.99035644531253
 20
175.358818359375
 10
178.77717773437502
 20
175.358818359375
 10
177.81787353515628
 20
174.82587158203125
 10
177.60469482421877
 20
174.82587158203125
 10
176.53880126953126
 20
174.29292480468752
 10
176.00585449218752
 20
174.18633544921875
 10
175.68608642578127
 20
173.97315673828126
 10
175.47290771484376
 20
173.97315673828126
 10
175.36631835937501
 20
174.07974609374997
 10
176.85856933593752
 20
174.82587158203125
 10
177.07174804687503
 20
175.03905029296874
 10
177.81787353515628
 20
175.358818359375
 10
178.03105224609376
 20
175.57199707031248
 10
178.77717773437502
 20
175.89176513671873
 10
178.99035644531253
 20
176.10494384765624
 10
179.84307128906252
 20
176.53130126953124
 10
180.05625
 20
176.53130126953124
 10
180.37601806640626
 20
176.74447998046872
 10
180.58919677734377
 20
176.74447998046872
 10
180.69578613281251
 20
176.8510693359375
 10
181.01555419921877
 20
176.8510693359375
 10
181.1221435546875
 20
176.95765869140627
 10
181.33532226562502
 20
176.95765869140627
 10
181.44191162109377
 20
177.06424804687498
 10
181.76167968750002
 20
177.06424804687498
 10
181.86826904296876
 20
177.17083740234375
 10
182.18803710937502
 20
177.17083740234375
 10
182.29462646484376
 20
177.2774267578125
 10
182.72098388671878
 20
177.2774267578125
 10
182.82757324218753
 20
177.38401611328123
 10
183.467109375
 20
177.38401611328123
 10
183.57369873046878
 20
177.49060546875
 10
184.63959228515628
 20
177.49060546875
 10
184.74618164062503
 20
177.59719482421875
  0
LWPOLYLINE
  5
6BE
330
17
100
AcDbEntity
  8
RASTER_TRACE
100
AcDbPolyline
 90
58
 70
1
 10
30.191616210937504
 20
175.78517578125
 10
79.75566650390626
 20
175.78517578125
 10
79.86225585937501
 20
174.61269287109374
 10
80.18202392578127
 20
175.78517578125
 10
84.23241943359375
 20
175.89176513671873
 10
84.44559814453126
 20
175.1456396484375
 10
86.15102783203125
 20
177.06424804687498
 10
92.652978515625
 20
177.17083740234375
 10
93.07933593750002
 20
175.67858642578125
 10
92.97274658203125
 20
177.17083740234375
 10
97.44949951171876
 20
177.49060546875
 10
96.7033740234375
 20
176.4247119140625
 10
97.5560888671875
 20
175.9983544921875
 10
97.66267822265627
 20
177.49060546875
 10
115.67627929687501
 20
177.59719482421875
 10
115.88945800781252
 20
176.637890625
 10
115.99604736328126
 20
177.59719482421875
 10
146.80037109375002
 20
177.49060546875
 10
153.94185791015627
 20
175.358818359375
 10
153.51550048828128
 20
174.61269287109374
 10
156.8197705078125
 20
174.9324609375
 10
168.97095703125
 20
172.26772705078125
 10
184.00005615234377
 20
176.74447998046872
 10
204.14544433593753
 20
176.74447998046872
 10
206.59699951171876
 20
175.57199707031248
 10
207.87607177734378
 20
173.22703124999998
 10
207.44971435546879
 20
159.05064697265624
 10
205.63769531250003
 20
158.30452148437502
 10
206.70358886718753
 20
157.6649853515625
 10
157.35271728515627
 20
157.55839599609374
 10
159.05814697265626
 20
158.30452148437502
 10
157.35271728515627
 20
158.30452148437502
 10
157.24612792968753
 20
159.58359374999998
 10
155.75387695312503
 20
156.91885986328123
 10
154.901162109375
 20
157.8781640625
 10
154.79457275390627
 20
156.91885986328123
 10
115.99604736328126
 20
156.91885986328123
 10
115.88945800781252
 20
158.9440576171875
 10
115.67627929687501
 20
156.91885986328123
 10
97.66267822265627
 20
156.91885986328123
 10
97.5560888671875
 20
158.09134277343747
 10
97.44949951171876
 20
156.91885986328123
 10
93.61228271484376
 20
156.91885986328123
 10
85.51149169921877
 20
158.73087890624998
 10
86.0444384765625
 20
159.47700439453126
 10
85.19172363281251
 20
158.73087890624998
 10
73.46689453125
 20
160.862666015625
 10
73.14712646484375
 20
162.3549169921875
 10
72.93394775390625
 20
160.96925537109377
 10
69.09673095703126
 20
161.39561279296873
 10
64.08703125
 20
160.32971923828126
 10
65.04633544921876
 20
161.60879150390625
 10
64.08703125
 20
161.2890234375
 10
63.873852539062504
 20
162.24832763671873
 10
63.767263183593755
 20
161.18243408203125
 10
53.854453125000006
 20
159.58359374999998
 10
31.4706884765625
 20
160.32971923828126
 10
29.232312011718754
 20
161.60879150390625
  0
LWPOLYLINE
  5
6BF
330
17
100
AcDbEntity
  8
RASTER_TRACE
100
AcDbPolyline
 90
9
 70
1
 10
222.79858154296878
 20
177.7037841796875
 10
223.33152832031251
 20
177.7037841796875
 10
223.43811767578129
 20
177.59719482421875
 10
223.43811767578129
 20
176.637890625
 10
223.33152832031251
 20
176.53130126953124
 10
223.01176025390626
 20
176.53130126953124
 10
222.79858154296878
 20
176.74447998046872
 10
222.79858154296878
 20
177.49060546875
 10
222.69199218750003
 20
177.59719482421875
  0
LWPOLYLINE
  5
6C0
330
17
100
AcDbEntity
  8
RASTER_TRACE
100
AcDbPolyline
 90
7
 70
1
 10
222.265634765625
 20
177.7037841796875
 10
222.58540283203126
 20
177.7037841796875
 10
222.69199218750003
 20
177.59719482421875
 10
222.69199218750003
 20
176.95765869140627
 10
222.58540283203126
 20
176.8510693359375
 10
221.94586669921878
 20
177.17083740234375
 10
221.94586669921878
 20
177.38401611328123
  0
LWPOLYLINE
  5
6C1
330
17
100
AcDbEntity
  8
RASTER_TRACE
100
AcDbPolyline
 90
36
 70
1
 10
222.37222412109378
 20
177.916962890625
 10
222.05245605468753
 20
177.81037353515626
 10
221.73268798828127
 20
177.38401611328123
 10
221.73268798828127
 20
175.89176513671873
 10
221.83927734375
 20
175.78517578125
 10
221.83927734375
 20
167.0448486328125
 10
221.73268798828127
 20
166.93825927734375
 10
221.83927734375
 20
166.831669921875
 10
221.83927734375
 20
162.03514892578124
 10
222.15904541015627
 20
161.5022021484375
 10
223.01176025390626
 20
161.07584472656248
 10
223.97106445312502
 20
160.862666015625
 10
224.39742187500002
 20
160.6494873046875
 10
224.39742187500002
 20
157.451806640625
 10
224.71718994140628
 20
157.13203857421874
 10
225.88967285156252
 20
157.02544921875
 10
226.31603027343752
 20
157.34521728515625
 10
226.42261962890626
 20
158.41111083984373
 10
227.06215576171877
 20
159.26382568359375
 10
227.06215576171877
 20
159.47700439453126
 10
227.27533447265628
 20
159.7967724609375
 10
227.27533447265628
 20
166.831669921875
 10
227.48851318359377
 20
166.93825927734375
 10
227.27533447265628
 20
167.0448486328125
 10
227.27533447265628
 20
172.800673828125
 10
227.1687451171875
 20
172.90726318359373
 10
227.1687451171875
 20
173.22703124999998
 10
226.74238769531252
 20
173.97315673828126
 10
226.10285156250004
 20
174.61269287109374
 10
224.50401123046876
 20
175.57199707031248
 10
224.50401123046876
 20
176.53130126953124
 10
224.29083251953128
 20
176.74447998046872
 10
223.7578857421875
 20
176.74447998046872
 10
223.65129638671877
 20
176.8510693359375
 10
223.65129638671877
 20
177.7037841796875
 10
223.43811767578129
 20
177.916962890625
  0
LWPOLYLINE
  5
6C2
330
17
100
AcDbEntity
  8
RASTER_TRACE
100
AcDbPolyline
 90
20
 70
1
 10
28.699365234375
 20
162.46150634765624
 10
29.12572265625
 20
160.11654052734374
 10
31.57727783203125
 20
158.83746826171875
 10
55.666472167968756
 20
157.98475341796876
 10
70.37580322265626
 20
161.18243408203125
 10
93.7188720703125
 20
156.70568115234374
 10
207.02335693359376
 20
157.451806640625
 10
208.08925048828127
 20
173.8665673828125
 10
206.70358886718753
 20
176.637890625
 10
204.14544433593753
 20
177.7037841796875
 10
183.89346679687503
 20
177.7037841796875
 10
172.91476318359378
 20
173.33362060546875
 10
168.65118896484378
 20
173.0138525390625
 10
153.72867919921876
 20
175.57199707031248
 10
146.80037109375002
 20
177.7037841796875
 10
115.99604736328126
 20
177.7037841796875
 10
115.88945800781252
 20
179.30262451171876
 10
115.67627929687501
 20
177.7037841796875
 10
30.404794921875002
 20
176.95765869140627
 10
29.65866943359375
 20
176.31812255859376
  0
TEXT
  5
6C3
330
17
100
AcDbEntity
  8
TEXT
100
AcDbText
 10
117.4825
 20
128.475
 30
0.0
 40
3.0
  1
FRONT VIEW
100
AcDbText
  0
TEXT
  5
6C4
330
17
100
AcDbEntity
  8
TEXT
100
AcDbText
 10
46.3175
 20
128.475
 30
0.0
 40
3.0
  1
TOP VIEW
100
AcDbText
  0
TEXT
  5
6C5
330
17
100
AcDbEntity
  8
TEXT
100
AcDbText
 10
189.4475
 20
128.475
 30
0.0
 40
3.0
  1
BOTTOM VIEW
100
AcDbText
  0
TEXT
  5
6C6
330
17
100
AcDbEntity
  8
TEXT
100
AcDbText
 10
45.5175
 20
58.650000000000006
 30
0.0
 40
3.0
  1
LEFT VIEW
100
AcDbText
  0
TEXT
  5
6C7
330
17
100
AcDbEntity
  8
TEXT
100
AcDbText
 10
117.4825
 20
58.650000000000006
 30
0.0
 40
3.0
  1
RIGHT VIEW
100
AcDbText
  0
TEXT
  5
6C8
330
17
100
AcDbEntity
  8
TEXT
100
AcDbText
 10
187.0475
 20
58.650000000000006
 30
0.0
 40
3.0
  1
ISOMETRIC VIEW
100
AcDbText
  0
DIMENSION
  5
6C9
330
17
100
AcDbEntity
  8
DIMENSIONS
100
AcDbDimension
280
0
  2
*D1
  3
Standard
 10
100.01474999999999
 20
189.73149999999998
 30
0.0
 11
125.4825
 21
189.73149999999998
 31
0.0
 70
32
 71
5
  1
L 638.191 mm
100
AcDbAlignedDimension
 13
100.01474999999999
 23
182.73149999999998
 33
0.0
 14
150.95025
 24
182.73149999999998
 34
0.0
 50
0.0
100
AcDbRotatedDimension
1001
ACAD
1000
DSTYLE
1002
{
1070
140
1040
2.5
1002
}
  0
DIMENSION
  5
6DD
330
17
100
AcDbEntity
  8
DIMENSIONS
100
AcDbDimension
280
0
  2
*D2
  3
Standard
 10
20.24975
 20
138.0435
 30
0.0
 11
20.24975
 21
160.3875
 31
0.0
 70
32
 71
5
  1
W 177.646 mm
100
AcDbAlignedDimension
 13
27.24975
 23
138.0435
 33
0.0
 14
27.24975
 24
182.73149999999998
 34
0.0
 50
90.0
100
AcDbRotatedDimension
1001
ACAD
1000
DSTYLE
1002
{
1070
140
1040
2.5
1002
}
  0
DIMENSION
  5
6ED
330
17
100
AcDbEntity
  8
DIMENSIONS
100
AcDbDimension
280
0
  2
*D3
  3
Standard
 10
157.95025
 20
68.2185
 30
0.0
 11
157.95025
 21
90.5625
 31
0.0
 70
32
 71
5
  1
H 6 mm
100
AcDbAlignedDimension
 13
150.95025
 23
68.2185
 33
0.0
 14
150.95025
 24
112.9065
 34
0.0
 50
90.0
100
AcDbRotatedDimension
1001
ACAD
1000
DSTYLE
1002
{
1070
140
1040
2.5
1002
}
  0
ENDSEC
  0
SECTION
  2
OBJECTS
  0
DICTIONARY
  5
A
330
0
100
AcDbDictionary
281
1
  3
ACAD_COLOR
350
B
  3
ACAD_GROUP
350
C
  3
ACAD_LAYOUT
350
D
  3
ACAD_MATERIAL
350
E
  3
ACAD_MLEADERSTYLE
350
F
  3
ACAD_MLINESTYLE
350
10
  3
ACAD_PLOTSETTINGS
350
11
  3
ACAD_PLOTSTYLENAME
350
12
  3
ACAD_SCALELIST
350
14
  3
ACAD_TABLESTYLE
350
15
  3
ACAD_VISUALSTYLE
350
16
  3
EZDXF_META
350
2D
  0
DICTIONARY
  5
B
330
A
100
AcDbDictionary
281
1
  0
DICTIONARY
  5
C
330
A
100
AcDbDictionary
281
1
  0
DICTIONARY
  5
D
330
A
100
AcDbDictionary
281
1
  3
Model
350
1A
  3
Layout1
350
1E
  0
DICTIONARY
  5
E
330
A
100
AcDbDictionary
281
1
  3
ByBlock
350
1F
  3
ByLayer
350
20
  3
Global
350
21
  0
DICTIONARY
  5
F
330
A
100
AcDbDictionary
281
1
  3
Standard
350
2C
  0
DICTIONARY
  5
10
330
A
100
AcDbDictionary
281
1
  3
Standard
350
22
  0
DICTIONARY
  5
11
330
A
100
AcDbDictionary
281
1
  0
ACDBDICTIONARYWDFLT
  5
12
330
A
100
AcDbDictionary
281
1
  3
Normal
350
13
100
AcDbDictionaryWithDefault
340
13
  0
ACDBPLACEHOLDER
  5
13
330
12
  0
DICTIONARY
  5
14
330
A
100
AcDbDictionary
281
1
  0
DICTIONARY
  5
15
330
A
100
AcDbDictionary
281
1
  0
DICTIONARY
  5
16
330
A
100
AcDbDictionary
281
1
  0
LAYOUT
  5
1A
330
D
100
AcDbPlotSettings
  1

  4
A3
  6

 40
7.5
 41
20.0
 42
7.5
 43
20.0
 44
420.0
 45
297.0
 46
0.0
 47
0.0
 48
0.0
 49
0.0
140
0.0
141
0.0
142
1.0
143
1.0
 70
1024
 72
1
 73
0
 74
5
  7

 75
16
 76
0
 77
2
 78
300
147
1.0
148
0.0
149
0.0
100
AcDbLayout
  1
Model
 70
1
 71
0
 10
0.0
 20
0.0
 11
420.0
 21
297.0
 12
0.0
 22
0.0
 32
0.0
 14
1e+20
 24
1e+20
 34
1e+20
 15
-1e+20
 25
-1e+20
 35
-1e+20
146
0.0
 13
0.0
 23
0.0
 33
0.0
 16
1.0
 26
0.0
 36
0.0
 17
0.0
 27
1.0
 37
0.0
 76
1
330
17
  0
LAYOUT
  5
1E
330
D
100
AcDbPlotSettings
  1

  4
A3
  6

 40
7.5
 41
20.0
 42
7.5
 43
20.0
 44
420.0
 45
297.0
 46
0.0
 47
0.0
 48
0.0
 49
0.0
140
0.0
141
0.0
142
1.0
143
1.0
 70
0
 72
1
 73
0
 74
5
  7

 75
16
 76
0
 77
2
 78
300
147
1.0
148
0.0
149
0.0
100
AcDbLayout
  1
Layout1
 70
1
 71
1
 10
0.0
 20
0.0
 11
420.0
 21
297.0
 12
0.0
 22
0.0
 32
0.0
 14
1e+20
 24
1e+20
 34
1e+20
 15
-1e+20
 25
-1e+20
 35
-1e+20
146
0.0
 13
0.0
 23
0.0
 33
0.0
 16
1.0
 26
0.0
 36
0.0
 17
0.0
 27
1.0
 37
0.0
 76
1
330
1B
  0
MATERIAL
  5
1F
102
{ACAD_REACTORS
330
E
102
}
330
E
100
AcDbMaterial
  1
ByBlock
  2

 70
0
 40
1.0
 71
1
 41
1.0
 91
-1023410177
 42
1.0
 72
1
  3

 73
1
 74
1
 75
1
 44
0.5
 73
0
 45
1.0
 46
1.0
 77
1
  4

 78
1
 79
1
170
1
 48
1.0
171
1
  6

172
1
173
1
174
1
140
1.0
141
1.0
175
1
  7

176
1
177
1
178
1
143
1.0
179
1
  8

270
1
271
1
272
1
145
1.0
146
1.0
273
1
  9

274
1
275
1
276
1
 42
1.0
 72
1
  3

 73
1
 74
1
 75
1
 94
63
  0
MATERIAL
  5
20
102
{ACAD_REACTORS
330
E
102
}
330
E
100
AcDbMaterial
  1
ByLayer
  2

 70
0
 40
1.0
 71
1
 41
1.0
 91
-1023410177
 42
1.0
 72
1
  3

 73
1
 74
1
 75
1
 44
0.5
 73
0
 45
1.0
 46
1.0
 77
1
  4

 78
1
 79
1
170
1
 48
1.0
171
1
  6

172
1
173
1
174
1
140
1.0
141
1.0
175
1
  7

176
1
177
1
178
1
143
1.0
179
1
  8

270
1
271
1
272
1
145
1.0
146
1.0
273
1
  9

274
1
275
1
276
1
 42
1.0
 72
1
  3

 73
1
 74
1
 75
1
 94
63
  0
MATERIAL
  5
21
102
{ACAD_REACTORS
330
E
102
}
330
E
100
AcDbMaterial
  1
Global
  2

 70
0
 40
1.0
 71
1
 41
1.0
 91
-1023410177
 42
1.0
 72
1
  3

 73
1
 74
1
 75
1
 44
0.5
 73
0
 45
1.0
 46
1.0
 77
1
  4

 78
1
 79
1
170
1
 48
1.0
171
1
  6

172
1
173
1
174
1
140
1.0
141
1.0
175
1
  7

176
1
177
1
178
1
143
1.0
179
1
  8

270
1
271
1
272
1
145
1.0
146
1.0
273
1
  9

274
1
275
1
276
1
 42
1.0
 72
1
  3

 73
1
 74
1
 75
1
 94
63
  0
MLINESTYLE
  5
22
102
{ACAD_REACTORS
330
10
102
}
330
10
100
AcDbMlineStyle
  2
Standard
 70
0
  3

 62
256
 51
90.0
 52
90.0
 71
2
 49
0.5
 62
256
  6
BYLAYER
 49
-0.5
 62
256
  6
BYLAYER
  0
MLEADERSTYLE
  5
2C
102
{ACAD_REACTORS
330
F
102
}
330
F
100
AcDbMLeaderStyle
179
2
170
2
171
1
172
0
 90
2
 40
0.0
 41
0.0
173
1
 91
-1056964608
 92
-2
290
1
 42
2.0
291
1
 43
8.0
  3
Standard
 44
4.0
300

342
29
174
1
175
1
176
0
178
1
 93
-1056964608
 45
4.0
292
0
297
0
 46
4.0
 94
-1056964608
 47
1.0
 49
1.0
140
1.0
294
1
141
0.0
177
0
142
1.0
295
0
296
0
143
3.75
271
0
272
9
273
9
  0
DICTIONARY
  5
2D
330
A
100
AcDbDictionary
280
1
281
1
  3
CREATED_BY_EZDXF
350
2E
  3
WRITTEN_BY_EZDXF
350
6FF
  0
DICTIONARYVAR
  5
2E
330
2D
100
DictionaryVariables
280
0
  1
1.4.4 @ 2026-07-28T11:32:37.127708+00:00
  0
DICTIONARYVAR
  5
6FF
330
2D
100
DictionaryVariables
280
0
  1
1.4.4 @ 2026-07-28T11:32:37.332409+00:00
  0
ENDSEC
  0
EOF
